season,district,zone,temperature,humidity,rainfall,light,n,p,k,variety,yield
1,Trincomalee,0,28.4,86.3,223.0,4.8,38.6,22.3,59.6,Bg352,6.46
1,Hambantota,0,29.1,70.2,134.1,7.3,41.7,27.3,32.3,Bg352,6.32
1,Matara,1,27.3,83.3,233.7,6.0,37.7,26.7,39.7,Bw367,5.39
1,Ratnapura,1,24.9,89.1,322.8,4.1,63.4,21.8,27.6,Ld368,5.32
0,Hambantota,0,32.9,73.1,34.1,7.6,57.6,37.6,29.9,At362,6.2
0,Kandy,1,26.5,76.9,140.5,6.9,43.4,23.3,47.7,Bw367,5.8
1,Matara,1,26.9,88.3,246.8,5.5,61.4,35.8,63.4,Bw367,6.67
0,Kegalle,1,28.1,85.3,265.7,5.9,49.8,20.6,57.1,Ld368,5.6
0,Anuradhapura,0,34.0,67.7,41.0,7.7,64.9,48.3,54.2,At362,6.32
0,Anuradhapura,0,31.2,63.6,38.5,9.1,54.3,33.2,27.5,At362,6.2
0,Monaragala,0,32.3,65.7,66.8,7.8,73.4,54.0,53.9,Bg300,6.05
0,Colombo,1,29.1,79.1,188.3,7.1,31.1,50.8,44.0,Bw367,5.8
1,Hambantota,0,27.4,76.0,121.2,6.3,81.9,44.0,52.8,Bg352,7.82
1,Polonnaruwa,0,28.4,81.3,206.1,6.3,40.3,55.7,46.6,Bg352,7.14
1,Trincomalee,0,25.8,81.3,217.8,5.9,77.3,20.3,45.4,Bg366,7.35
1,Matale,1,24.7,79.2,195.1,6.2,47.8,35.8,53.1,Bw367,6.09
1,Badulla,1,23.9,88.6,182.6,5.5,46.5,26.4,26.5,Bw367,5.39
1,Badulla,1,22.5,79.5,183.4,6.2,43.2,20.8,44.6,Bw367,6.09
1,Ampara,0,27.7,77.8,206.1,5.1,74.2,38.8,64.3,Bg366,8.05
0,Galle,1,28.3,83.4,224.6,6.3,22.2,38.6,52.1,Bw367,5.8
0,Kurunegala,0,30.2,73.5,100.2,7.8,41.3,57.5,30.5,Bg300,5.5
0,Nuwara Eliya,1,18.2,80.7,224.5,5.0,34.3,54.9,63.6,Bw367,6.38
0,Monaragala,0,33.1,64.9,58.4,8.3,66.6,54.3,41.2,Bg300,5.61
1,Anuradhapura,0,29.1,82.4,188.6,6.3,61.9,34.9,62.6,Bg366,8.05
1,Colombo,1,27.8,81.5,254.8,5.5,31.0,34.8,32.2,Ld368,5.21
0,Kandy,1,28.2,76.1,151.3,6.5,55.0,25.0,48.6,Bw367,5.8
0,Ampara,0,33.2,68.1,48.0,8.4,55.5,46.8,59.6,Bg300,5.61
0,Kegalle,1,29.0,84.7,256.3,7.1,45.8,26.2,60.3,Ld368,5.6
0,Matale,1,30.3,74.3,134.0,7.7,66.9,26.8,40.4,Bw367,5.8
1,Anuradhapura,0,28.0,76.7,176.8,6.6,81.2,22.8,33.4,Bg366,7.35
1,Ratnapura,1,25.4,86.5,313.9,4.5,76.7,20.5,53.4,Ld368,5.88
0,Trincomalee,0,33.4,61.2,47.7,9.1,24.5,20.2,50.1,Bg300,4.4
1,Anuradhapura,0,28.6,81.0,191.7,5.7,50.7,23.8,48.1,Bg352,7.14
1,Badulla,1,21.1,82.0,191.1,5.2,75.5,25.9,63.6,Bw367,6.67
1,Trincomalee,0,28.0,80.9,217.3,5.7,37.6,25.3,63.8,Bg352,7.14
1,Nuwara Eliya,1,14.1,89.0,278.0,4.4,43.8,22.4,28.2,Ld368,4.65
1,Matale,1,25.2,79.7,189.7,5.1,60.2,43.6,51.4,Bw367,6.67
1,Anuradhapura,0,28.1,79.6,178.1,6.4,32.6,42.6,31.3,Bg352,7.14
1,Colombo,1,26.4,77.4,250.7,6.3,56.1,18.9,44.7,Ld368,5.88
1,Trincomalee,0,26.0,83.3,217.0,5.6,64.9,21.8,40.0,Bg366,7.35
1,Anuradhapura,0,28.5,74.6,167.1,6.2,31.5,43.4,62.6,Bg352,7.14
1,Matara,1,27.4,80.3,249.3,6.3,64.4,47.8,51.1,Bw367,6.67
1,Galle,1,26.3,82.1,246.3,4.9,64.0,28.5,51.2,Bw367,5.51
1,Nuwara Eliya,1,15.0,87.6,279.9,4.3,49.2,52.5,26.6,Ld368,5.32
1,Hambantota,0,28.3,75.7,122.3,7.2,37.0,30.0,48.2,Bg352,7.14
1,Monaragala,0,27.6,82.5,177.6,5.4,79.6,40.2,58.1,Bg366,8.05
0,Kalutara,1,27.8,78.5,303.8,6.8,39.5,53.3,52.1,Ld368,5.6
1,Ratnapura,1,25.6,86.9,314.9,5.1,71.4,46.7,56.6,Ld368,6.44
0,Kalutara,1,29.0,78.6,291.5,6.1,68.8,29.0,29.7,Ld368,5.6
0,Matara,1,30.6,80.2,208.0,6.3,58.6,17.9,57.9,Bw367,5.8
0,Polonnaruwa,0,33.0,60.3,47.4,9.4,68.4,29.5,61.3,Bg300,6.05
1,Kalutara,1,26.1,90.1,309.5,4.8,68.8,24.9,38.2,Ld368,5.32
0,Kurunegala,0,29.5,71.7,96.7,6.9,26.5,46.0,54.8,Bg300,5.5
1,Kalutara,1,27.9,86.7,303.6,5.6,42.3,53.5,25.5,Ld368,5.88
0,Kalutara,1,28.5,78.4,302.7,6.9,33.9,42.8,28.0,Ld368,4.93
0,Ratnapura,1,27.7,81.9,294.9,6.3,41.1,44.5,61.6,Ld368,5.6
1,Nuwara Eliya,1,14.2,88.9,268.2,3.7,39.3,40.9,40.5,Ld368,5.32
0,Monaragala,0,31.3,67.5,51.0,7.6,42.6,44.1,35.8,Bg300,5.5
1,Kalutara,1,25.2,92.4,307.5,5.1,80.6,18.3,60.1,Ld368,6.44
0,Kalutara,1,27.6,81.8,299.3,7.0,28.3,38.8,40.2,Ld368,5.6
0,Badulla,1,24.7,71.4,99.0,6.2,24.1,42.7,46.4,Bw367,5.8
1,Monaragala,0,29.0,80.9,176.8,6.4,50.8,29.6,33.2,Bg352,7.14
0,Anuradhapura,0,31.8,62.1,61.3,8.9,22.6,30.7,25.9,Bg300,4.84
1,Polonnaruwa,0,28.3,80.2,205.6,5.9,60.9,55.1,41.1,Bg366,8.05
0,Kegalle,1,27.4,84.6,273.6,6.6,31.7,20.5,25.6,Ld368,4.93
1,Ampara,0,27.7,80.9,208.1,6.1,49.2,40.6,56.3,Bg352,7.14
0,Nuwara Eliya,1,19.6,87.0,208.8,5.5,62.3,17.6,26.8,Bw367,5.8
0,Ampara,0,32.7,61.1,52.4,8.3,49.5,38.4,48.4,Bg300,5.5
1,Galle,1,27.6,81.8,255.9,5.5,78.1,35.6,63.9,Ld368,6.44
1,Monaragala,0,27.1,76.8,157.7,5.4,55.3,28.3,39.6,Bg366,7.35
1,Colombo,1,28.4,77.4,249.0,6.2,34.5,49.9,61.8,Bw367,6.09
1,Badulla,1,23.6,79.8,192.9,6.3,59.5,52.0,34.4,Bw367,6.09
1,Colombo,1,28.5,77.6,229.4,5.4,67.8,48.8,55.0,Bw367,6.67
1,Kalutara,1,26.3,88.3,302.3,4.6,50.8,15.8,37.9,Ld368,4.65
1,Trincomalee,0,26.5,80.2,231.7,5.5,67.4,51.6,44.9,Bg366,8.05
1,Ratnapura,1,25.9,89.9,327.4,4.7,37.0,26.4,39.5,Ld368,4.65
0,Polonnaruwa,0,32.6,67.9,48.2,8.4,25.6,26.1,34.8,Bg300,4.84
1,Hambantota,0,27.6,72.9,110.2,7.4,34.4,41.0,41.4,Bg352,7.14
1,Hambantota,0,27.3,74.0,134.1,7.4,74.9,30.3,31.8,Bg352,7.14
0,Polonnaruwa,0,33.1,62.8,55.2,8.3,73.2,48.4,33.0,Bg300,5.61
1,Badulla,1,21.3,85.1,183.7,5.6,38.5,34.2,46.3,Bw367,6.09
1,Anuradhapura,0,27.5,74.3,166.9,6.8,47.7,52.4,35.2,Bg352,7.14
0,Monaragala,0,32.8,69.0,64.1,7.9,39.2,57.2,58.2,Bg300,6.05
1,Matara,1,26.1,86.3,253.2,5.3,33.7,44.6,48.0,Ld368,5.88
0,Kandy,1,28.4,75.0,139.9,6.0,64.8,41.6,45.9,Bw367,6.38
0,Hambantota,0,32.6,68.9,49.5,8.1,40.7,38.5,37.1,Bg300,5.5
0,Ratnapura,1,27.7,88.0,276.5,6.1,69.9,40.0,29.7,Ld368,5.6
0,Ampara,0,33.6,62.3,39.2,9.1,54.1,41.3,60.8,At362,6.32
0,Hambantota,0,30.5,68.1,32.5,8.6,21.8,42.8,55.5,At362,6.2
0,Nuwara Eliya,1,17.8,84.4,206.4,4.9,53.2,35.1,46.6,Bw367,5.22
1,Ratnapura,1,26.5,91.2,324.2,5.1,59.8,25.1,38.8,Ld368,5.88
1,Galle,1,28.2,85.8,247.0,5.5,82.1,21.1,48.4,Bw367,6.67
0,Anuradhapura,0,33.2,65.9,38.1,9.2,63.5,20.9,51.1,At362,5.7
1,Badulla,1,22.1,79.7,177.3,4.9,76.2,51.4,29.9,Bw367,6.09
0,Monaragala,0,31.0,64.9,75.1,7.7,37.1,29.1,49.3,Bg300,5.5
0,Ratnapura,1,29.2,81.1,288.6,6.2,26.3,31.6,59.5,Ld368,5.6
1,Ampara,0,27.3,81.8,222.6,5.6,31.8,56.5,34.9,Bg352,7.14
1,Trincomalee,0,26.8,88.1,215.9,5.5,64.8,20.5,51.5,Bg366,7.35
0,Trincomalee,0,35.4,58.5,52.4,8.2,74.8,40.1,48.8,Bg300,5.61
1,Kalutara,1,27.2,85.1,321.9,4.5,40.5,16.5,43.9,Ld368,4.65
0,Kandy,1,26.2,80.8,148.6,6.5,44.2,31.0,47.4,Bw367,5.8
0,Hambantota,0,31.0,65.8,47.6,7.8,69.4,41.1,57.0,Bg300,6.05
0,Trincomalee,0,33.7,62.5,47.6,8.4,47.8,43.8,38.6,Bg300,5.06
0,Monaragala,0,33.2,68.6,71.6,8.5,74.4,44.1,57.3,Bg300,5.61
1,Kegalle,1,27.3,83.4,297.2,4.8,34.8,40.3,54.4,Ld368,5.32
0,Kegalle,1,29.9,83.4,276.1,7.0,54.4,28.4,58.0,Ld368,5.6
0,Kurunegala,0,29.6,75.3,105.4,7.9,40.0,54.4,33.8,Bg300,5.5
1,Matara,1,26.0,84.7,254.6,5.8,40.0,34.4,45.5,Ld368,5.88
1,Matale,1,26.1,82.0,191.5,5.7,53.2,20.3,61.0,Bw367,6.09
0,Polonnaruwa,0,33.5,66.2,45.9,9.3,47.4,22.7,41.2,Bg300,5.06
1,Ampara,0,28.1,78.1,199.2,5.1,44.7,49.3,35.0,Bg352,7.14
0,Kalutara,1,29.0,83.7,300.1,6.0,62.4,31.9,39.2,Ld368,5.6
0,Galle,1,28.2,81.0,222.4,6.6,35.9,29.2,53.8,Bw367,5.8
1,Trincomalee,0,27.2,83.8,224.9,6.1,70.3,28.6,26.2,Bg366,7.35
1,Kurunegala,0,25.7,82.0,162.9,5.9,72.4,24.3,28.0,Bg366,7.35
0,Badulla,1,26.0,77.9,108.0,6.6,65.1,47.0,52.8,Bw367,6.38
1,Ampara,0,26.2,80.1,219.2,6.2,73.5,47.6,45.9,Bg366,8.05
1,Matara,1,28.6,86.6,244.2,6.2,69.8,40.5,64.2,Bw367,6.67
0,Matara,1,30.4,74.5,225.1,6.3,52.4,55.0,47.2,Bw367,6.38
1,Trincomalee,0,25.9,86.3,210.8,4.8,53.2,51.8,54.8,Bg352,7.14
0,Trincomalee,0,33.5,65.3,41.1,9.1,32.7,24.8,28.1,At362,4.96
0,Monaragala,0,31.5,70.2,52.0,7.7,49.7,51.6,37.8,Bg300,5.5
1,Anuradhapura,0,27.8,81.8,177.5,5.9,84.5,20.0,32.4,Bg366,7.35
0,Kurunegala,0,32.5,70.5,118.0,7.3,46.4,45.1,59.9,Bg300,6.05
0,Ratnapura,1,29.3,83.2,277.6,6.4,33.1,19.4,39.2,Ld368,4.93
1,Hambantota,0,27.7,70.4,105.5,7.6,53.5,35.4,52.2,Bg352,7.14
0,Matara,1,31.1,81.9,207.7,6.9,68.4,52.8,43.7,Bw367,6.38
1,Kalutara,1,25.5,92.9,302.0,5.7,65.7,39.3,45.5,Ld368,6.44
0,Nuwara Eliya,1,18.0,81.2,200.6,5.4,39.3,17.3,63.8,Bw367,5.8
0,Badulla,1,27.3,80.9,100.2,6.8,61.7,42.8,31.2,Bw367,5.8
1,Kurunegala,0,27.4,84.5,146.0,6.8,77.3,38.3,40.6,Bg352,7.82
0,Matale,1,30.4,78.6,129.3,7.2,50.3,18.5,41.3,Bw367,5.8
1,Ratnapura,1,25.1,91.2,319.9,4.1,42.1,42.3,28.0,Ld368,5.32
1,Badulla,1,22.5,83.8,192.8,6.0,49.1,42.1,47.6,Bw367,6.09
0,Kalutara,1,30.1,86.0,294.8,6.8,67.7,43.3,58.5,Ld368,6.16
1,Nuwara Eliya,1,15.9,92.5,269.8,4.6,78.0,16.2,58.0,Ld368,5.88
1,Nuwara Eliya,1,15.0,92.4,269.8,4.5,75.8,35.3,25.3,Ld368,5.32
1,Kalutara,1,26.0,88.6,298.5,4.8,30.5,47.7,30.1,Ld368,5.32
1,Trincomalee,0,26.8,87.4,216.8,4.9,71.5,51.6,32.0,Bg366,7.35
1,Hambantota,0,29.8,71.7,128.1,7.1,56.0,22.3,28.0,Bg352,7.14
1,Colombo,1,28.3,81.5,244.4,6.2,51.1,17.6,57.9,Bw367,6.09
0,Ratnapura,1,29.5,81.5,265.0,5.5,45.8,52.8,29.1,Ld368,5.6
0,Matale,1,29.1,78.3,114.0,7.5,62.5,24.2,30.3,Bw367,5.8
0,Kurunegala,0,32.4,67.3,116.9,8.2,67.2,58.6,55.4,Bg300,6.05
0,Monaragala,0,31.4,66.2,71.7,8.4,31.0,54.7,53.6,Bg300,5.5
1,Ratnapura,1,25.7,93.7,310.6,5.4,72.7,45.8,58.8,Ld368,6.44
0,Trincomalee,0,34.9,59.9,67.4,9.6,30.2,38.5,25.0,Bg300,4.4
0,Trincomalee,0,34.3,59.5,56.8,8.5,28.8,46.1,38.0,Bg300,5.06
1,Polonnaruwa,0,27.3,84.8,184.5,5.7,67.4,35.8,64.0,Bg366,8.05
1,Ampara,0,27.9,84.6,223.6,6.2,69.8,50.0,30.8,Bg366,8.05
0,Matara,1,30.0,74.2,219.5,6.5,39.0,46.0,62.6,Bw367,5.8
1,Anuradhapura,0,28.1,81.8,167.5,6.5,49.7,32.9,64.1,Bg352,7.14
1,Colombo,1,28.7,79.0,230.0,5.4,65.0,43.3,26.3,Bw367,6.09
0,Ampara,0,31.9,64.4,56.3,9.2,59.3,52.1,38.6,Bg300,5.5
0,Trincomalee,0,35.2,62.5,64.5,8.8,55.4,41.1,54.3,Bg300,5.61
1,Galle,1,25.7,82.5,239.8,6.2,42.1,54.0,38.5,Bw367,6.09
0,Kandy,1,28.4,79.6,149.9,6.6,59.6,24.1,64.9,Bw367,5.8
0,Matale,1,29.5,72.0,125.4,6.3,21.7,25.3,43.5,Bw367,5.1
1,Monaragala,0,28.5,82.7,170.1,6.1,58.3,43.5,26.2,Bg366,7.35
1,Polonnaruwa,0,27.8,81.0,203.8,6.0,84.6,31.4,39.4,Bg366,8.05
0,Kurunegala,0,30.9,75.4,102.1,7.9,42.3,44.1,50.3,Bg300,5.5
1,Colombo,1,27.8,81.1,227.1,5.9,35.4,31.2,48.7,Bw367,6.09
0,Trincomalee,0,34.5,58.0,59.6,8.6,41.9,54.3,25.4,Bg300,5.06
1,Anuradhapura,0,28.3,77.0,172.1,5.6,78.6,37.7,38.2,Bg366,8.05
1,Nuwara Eliya,1,16.5,89.3,272.5,4.2,68.9,21.7,31.7,Ld368,5.32
0,Galle,1,29.1,80.3,238.5,7.1,44.6,49.6,47.3,Bw367,5.8
1,Colombo,1,26.7,79.3,226.6,6.2,42.4,22.2,28.5,Bw367,5.39
0,Anuradhapura,0,32.8,66.9,46.9,8.5,57.7,20.7,37.9,Bg300,5.5
0,Trincomalee,0,33.3,62.2,50.3,9.0,26.9,25.3,30.7,Bg300,4.4
1,Nuwara Eliya,1,16.0,94.7,267.8,4.3,54.4,49.7,32.1,Ld368,5.32
0,Polonnaruwa,0,34.0,67.4,50.5,8.8,54.0,54.8,47.8,Bg300,5.61
0,Matara,1,31.1,80.9,225.3,6.5,56.2,30.8,51.0,Bw367,5.8
1,Polonnaruwa,0,27.8,78.2,206.0,6.6,71.4,23.6,36.5,Bg366,7.35
1,Galle,1,27.5,87.7,262.8,5.5,79.6,50.1,37.7,Ld368,6.44
0,Kalutara,1,28.6,81.0,294.5,5.9,54.7,39.4,47.5,Ld368,5.6
0,Anuradhapura,0,32.6,64.4,35.4,8.6,29.3,45.7,55.4,At362,6.2
0,Matale,1,29.1,79.5,130.4,7.7,64.8,19.4,31.0,Bw367,5.8
0,Kegalle,1,28.0,81.8,266.8,6.4,61.1,43.6,45.8,Ld368,6.16
0,Galle,1,30.7,75.7,243.6,7.0,40.9,22.9,44.2,Bw367,5.8
1,Polonnaruwa,0,27.5,77.6,188.5,5.5,74.2,41.6,37.5,Bg366,8.05
1,Hambantota,0,29.1,72.7,117.4,6.2,40.0,47.2,32.3,Bg352,7.14
0,Kalutara,1,29.6,79.1,292.0,5.8,73.0,34.3,57.2,Ld368,6.16
1,Anuradhapura,0,26.6,79.3,193.5,6.2,75.1,55.4,34.1,Bg366,8.05
0,Matale,1,29.3,74.1,130.2,7.6,39.4,24.5,56.2,Bw367,5.8
1,Hambantota,0,29.0,78.1,128.0,6.2,53.3,26.1,34.4,Bg352,7.14
1,Matara,1,27.1,84.4,230.4,5.5,42.7,23.2,50.5,Bw367,6.09
1,Matale,1,25.9,78.6,189.3,5.1,62.8,42.0,42.7,Bw367,6.09
0,Trincomalee,0,34.6,66.9,43.9,8.3,59.8,43.1,36.0,At362,5.7
1,Colombo,1,26.6,85.9,230.8,5.7,42.5,29.2,27.8,Bw367,5.39
1,Badulla,1,21.2,87.0,182.0,5.6,78.4,41.0,46.3,Bw367,6.67
1,Kurunegala,0,27.5,86.9,164.9,6.3,70.2,38.6,27.4,Bg366,7.35
1,Matara,1,28.6,80.8,245.7,5.3,59.5,18.9,43.0,Bw367,6.09
1,Kegalle,1,25.5,88.6,308.9,5.8,42.9,31.0,31.1,Ld368,5.88
1,Monaragala,0,29.1,80.4,180.3,6.0,64.3,23.6,55.2,Bg366,7.35
0,Anuradhapura,0,33.5,67.8,56.3,7.8,36.7,30.5,39.4,Bg300,5.06
0,Polonnaruwa,0,32.2,63.1,54.8,8.4,71.8,54.9,31.5,Bg300,6.05
0,Galle,1,31.0,83.5,221.3,7.5,26.4,47.7,40.2,Bw367,5.8
1,Nuwara Eliya,1,16.2,86.4,271.4,4.5,47.7,15.9,31.2,Ld368,4.65
1,Kurunegala,0,28.4,82.7,173.0,6.3,56.4,32.5,49.3,Bg366,7.35
1,Anuradhapura,0,29.2,81.3,174.5,6.7,75.4,46.7,29.9,Bg366,8.05
1,Polonnaruwa,0,26.4,84.6,196.5,6.5,53.8,32.5,45.2,Bg352,7.14
1,Ampara,0,26.5,83.2,214.5,4.9,33.4,51.2,43.4,Bg352,6.46
1,Polonnaruwa,0,29.0,75.6,200.9,6.6,43.2,25.7,29.9,Bg352,6.32
0,Colombo,1,29.5,78.9,203.5,7.4,32.6,24.3,33.8,Bw367,5.1
1,Hambantota,0,29.5,77.2,128.8,6.6,66.0,34.2,46.0,Bg352,7.14
0,Colombo,1,31.2,79.7,185.3,7.1,46.5,15.8,35.4,Bw367,5.1
0,Nuwara Eliya,1,17.9,84.4,201.5,4.2,33.3,54.0,57.1,Bw367,5.22
1,Kalutara,1,26.5,84.1,311.4,4.9,76.4,18.9,44.5,Ld368,5.32
1,Hambantota,0,28.0,77.4,119.3,6.6,51.7,38.4,56.4,Bg352,7.14
0,Kalutara,1,30.4,85.9,284.5,6.5,44.1,25.2,58.6,Ld368,5.6
0,Kandy,1,28.5,78.0,146.6,6.4,32.5,50.6,43.0,Bw367,5.8
0,Kalutara,1,27.8,87.9,288.3,5.5,22.1,44.8,51.4,Ld368,5.6
1,Kurunegala,0,25.6,82.1,156.6,6.1,84.5,58.8,62.7,Bg366,8.05
1,Galle,1,25.8,86.6,257.9,5.2,31.2,18.3,63.7,Ld368,5.88
1,Kandy,1,23.7,89.8,225.0,4.4,44.0,25.4,27.8,Bw367,4.81
0,Nuwara Eliya,1,17.9,83.7,198.4,5.0,70.6,35.8,49.7,Bw367,6.38
0,Polonnaruwa,0,31.6,59.1,48.0,8.2,40.7,42.0,40.5,Bg300,5.5
1,Matara,1,27.2,79.1,254.8,6.1,47.4,50.2,35.3,Ld368,5.88
1,Ratnapura,1,26.2,86.2,334.4,5.2,60.7,22.2,27.2,Ld368,5.88
0,Galle,1,30.8,75.4,219.9,6.2,59.9,47.7,33.5,Bw367,5.8
0,Matara,1,29.5,81.6,227.3,7.2,25.8,21.1,28.8,Bw367,5.1
0,Matara,1,30.9,78.3,209.8,7.1,64.6,44.7,60.3,Bw367,6.38
1,Hambantota,0,27.6,78.8,124.7,6.5,70.8,52.6,49.6,Bg352,7.82
0,Polonnaruwa,0,32.6,63.4,45.7,9.4,66.2,53.3,25.4,Bg300,5.5
0,Polonnaruwa,0,32.6,61.3,34.5,8.5,68.2,59.9,39.7,At362,6.82
1,Hambantota,0,29.3,72.2,109.1,7.1,30.1,27.1,26.2,Bg352,6.32
1,Colombo,1,26.8,80.9,237.1,6.6,58.1,43.9,29.2,Bw367,6.09
1,Hambantota,0,28.8,76.8,129.1,6.4,75.4,39.9,28.1,Bg352,7.14
1,Kalutara,1,27.4,90.1,318.7,5.0,54.2,20.9,38.1,Ld368,5.88
1,Anuradhapura,0,27.6,73.6,189.0,6.4,70.3,32.0,31.9,Bg366,7.35
1,Ampara,0,27.4,78.8,215.6,6.3,71.1,49.6,63.0,Bg366,8.05
0,Monaragala,0,32.2,72.8,55.0,8.3,52.2,43.5,52.9,Bg300,5.5
0,Kalutara,1,30.3,80.6,287.9,6.8,66.3,22.4,57.1,Ld368,5.6
1,Nuwara Eliya,1,15.4,86.3,267.4,4.4,57.3,32.5,54.2,Ld368,5.32
0,Ampara,0,32.2,65.1,39.1,9.0,56.1,58.3,27.8,At362,6.2
1,Matara,1,26.5,81.6,232.4,6.5,43.7,25.9,55.4,Bw367,6.09
0,Nuwara Eliya,1,19.8,79.7,209.6,4.3,23.4,51.3,30.6,Bw367,5.22
1,Hambantota,0,28.2,73.5,132.0,6.0,66.5,58.5,47.4,Bg352,7.82
0,Trincomalee,0,32.7,61.2,47.8,9.3,74.0,30.3,51.2,Bg300,6.05
1,Monaragala,0,27.3,78.1,183.4,6.7,40.1,20.9,53.8,Bg352,7.14
0,Nuwara Eliya,1,20.1,84.6,210.7,4.4,67.3,43.9,27.7,Bw367,5.22
0,Badulla,1,26.3,73.3,120.4,6.9,27.8,41.6,33.6,Bw367,5.1
1,Nuwara Eliya,1,16.6,89.6,287.5,3.7,73.3,19.5,39.2,Ld368,5.32
1,Kurunegala,0,27.9,82.0,155.2,6.8,60.0,50.3,55.2,Bg366,8.05
1,Ratnapura,1,24.7,90.6,309.8,4.4,82.1,37.4,55.0,Ld368,5.88
0,Badulla,1,26.2,71.9,105.3,6.7,41.5,46.9,39.9,Bw367,5.8
0,Galle,1,29.3,77.0,220.6,6.2,39.6,45.3,36.1,Bw367,5.8
0,Kandy,1,27.9,75.0,161.9,6.5,44.6,37.3,31.6,Bw367,5.8
0,Kegalle,1,28.4,86.0,260.1,6.3,52.9,16.3,39.5,Ld368,5.6
0,Kegalle,1,28.2,85.0,284.0,6.9,26.5,44.6,37.8,Ld368,5.6
0,Anuradhapura,0,32.5,61.2,56.8,8.2,74.8,59.2,51.2,Bg300,6.05
0,Monaragala,0,30.8,63.3,74.7,7.5,40.8,58.9,38.5,Bg300,5.5
1,Matale,1,26.8,79.1,207.8,6.3,79.6,41.1,37.6,Bw367,6.67
1,Polonnaruwa,0,28.5,78.4,185.2,6.1,75.4,24.0,34.6,Bg366,7.35
0,Polonnaruwa,0,33.7,59.9,48.4,8.7,51.7,49.5,57.2,Bg300,5.61
0,Ratnapura,1,28.9,80.3,285.3,5.7,57.7,17.8,32.0,Ld368,5.6
1,Matale,1,24.7,86.4,193.4,5.7,68.2,35.5,37.2,Bw367,6.09
0,Kurunegala,0,30.4,73.5,123.1,8.1,62.1,51.5,51.6,Bg300,6.05
1,Anuradhapura,0,28.5,78.6,168.3,5.9,55.3,54.6,46.9,Bg366,8.05
0,Kurunegala,0,32.4,68.1,107.7,6.8,60.7,56.7,36.2,Bg300,6.05
0,Kegalle,1,28.2,86.1,277.6,6.8,21.0,53.5,54.1,Ld368,5.6
1,Ratnapura,1,24.6,91.0,321.2,4.2,43.3,15.5,43.8,Ld368,4.65
0,Colombo,1,29.2,74.3,206.9,7.4,23.5,50.1,60.1,Bw367,5.8
1,Colombo,1,29.0,78.9,227.4,5.6,73.7,16.4,48.3,Bw367,6.09
1,Colombo,1,28.0,83.6,232.6,5.6,56.9,44.5,46.0,Bw367,6.09
1,Matale,1,26.6,78.6,213.7,4.7,68.2,18.3,61.4,Bw367,5.51
0,Colombo,1,29.4,75.4,189.9,6.7,72.1,32.8,56.6,Bw367,6.38
0,Hambantota,0,31.5,66.0,36.5,8.2,55.9,58.0,49.0,At362,6.82
0,Matale,1,28.3,74.1,131.7,6.2,22.2,39.2,61.3,Bw367,5.8
0,Nuwara Eliya,1,18.9,83.7,213.7,5.0,44.6,34.0,48.6,Bw367,5.8
0,Ampara,0,31.7,61.2,36.1,8.0,38.6,52.1,47.9,At362,6.2
0,Nuwara Eliya,1,17.6,81.8,219.5,4.7,65.0,36.3,60.2,Bw367,5.8
0,Matale,1,29.0,77.0,134.8,6.4,35.1,30.8,41.9,Bw367,5.8
1,Matara,1,28.4,86.1,243.2,5.5,75.3,53.2,57.8,Bw367,6.67
0,Kandy,1,27.9,73.5,142.7,5.8,53.2,42.5,29.6,Bw367,5.8
0,Anuradhapura,0,33.0,60.9,52.9,8.6,69.5,36.2,37.8,Bg300,5.5
0,Matale,1,28.7,76.5,124.4,7.6,52.9,35.1,30.6,Bw367,5.8
0,Matale,1,28.0,71.7,124.1,7.4,49.1,48.2,64.7,Bw367,6.38
0,Polonnaruwa,0,33.6,63.3,43.5,8.1,42.0,56.4,57.3,At362,6.32
1,Ampara,0,27.1,85.5,207.1,4.8,59.8,54.5,48.6,Bg366,7.35
1,Matara,1,26.9,83.5,242.4,6.2,35.4,50.6,25.5,Bw367,6.09
1,Hambantota,0,29.1,73.7,110.0,6.7,37.8,55.6,38.8,Bg352,7.14
1,Nuwara Eliya,1,15.1,85.1,276.6,4.5,62.8,19.1,58.9,Ld368,5.32
1,Kandy,1,25.5,85.8,221.8,4.6,39.2,53.9,34.1,Bw367,5.51
0,Kurunegala,0,29.9,68.0,101.3,8.2,42.8,35.8,37.5,Bg300,5.5
0,Ratnapura,1,27.9,88.0,268.5,6.7,37.3,50.5,49.1,Ld368,5.6
0,Matale,1,27.8,76.1,109.5,6.2,73.4,45.9,64.2,Bw367,6.38
0,Matale,1,29.1,71.7,112.4,7.5,39.6,48.1,53.4,Bw367,5.8
0,Badulla,1,25.5,73.7,124.0,7.1,39.1,38.2,30.6,Bw367,5.8
0,Kurunegala,0,31.4,71.9,107.1,8.3,68.4,44.9,47.8,Bg300,6.05
0,Monaragala,0,31.7,63.4,64.3,8.1,32.5,58.6,61.4,Bg300,6.05
1,Galle,1,27.1,88.7,238.9,6.1,36.9,46.8,36.0,Bw367,6.09
1,Colombo,1,29.1,78.5,238.9,6.8,56.6,49.5,48.5,Bw367,6.67
1,Hambantota,0,28.6,75.6,118.2,7.0,80.5,34.5,54.0,Bg352,7.82
0,Colombo,1,30.2,80.3,207.9,7.3,72.6,23.0,29.4,Bw367,5.8
0,Kalutara,1,29.4,81.0,282.2,5.9,34.1,16.2,63.9,Ld368,5.6
1,Kegalle,1,25.9,88.9,306.7,5.4,37.4,27.0,39.3,Ld368,5.21
0,Polonnaruwa,0,32.3,60.1,58.7,8.0,74.9,47.1,58.1,Bg300,6.05
1,Trincomalee,0,25.5,86.4,230.0,5.8,37.9,50.1,55.8,Bg352,7.14
0,Matale,1,30.2,77.0,108.1,6.8,59.8,26.2,52.5,Bw367,5.8
0,Ampara,0,32.7,60.1,59.2,9.3,24.0,58.2,45.9,Bg300,5.5
1,Kegalle,1,24.7,87.0,308.8,5.4,32.8,17.9,41.1,Ld368,5.21
0,Ratnapura,1,27.7,81.8,289.1,6.7,42.3,51.2,37.9,Ld368,5.6
0,Trincomalee,0,34.1,59.2,41.0,8.4,42.9,50.4,32.5,At362,5.7
1,Nuwara Eliya,1,16.5,90.5,284.1,4.0,55.5,24.4,37.1,Ld368,5.32
1,Ratnapura,1,26.0,85.2,332.5,5.2,52.1,21.3,60.3,Ld368,5.88
0,Polonnaruwa,0,31.7,65.5,39.5,8.0,48.1,21.9,36.0,At362,6.2
0,Ampara,0,31.9,67.4,35.1,8.2,60.7,32.7,29.1,At362,6.2
0,Anuradhapura,0,31.8,68.4,44.4,9.0,69.1,37.4,61.4,At362,6.82
1,Kegalle,1,27.4,82.9,305.6,5.1,51.3,40.3,53.2,Ld368,5.88
0,Nuwara Eliya,1,18.0,86.1,215.0,5.7,61.9,53.0,53.1,Bw367,6.38
0,Matale,1,28.9,76.3,135.0,6.4,47.4,30.4,59.6,Bw367,5.8
0,Kurunegala,0,29.8,73.3,118.1,6.7,67.2,27.4,47.1,Bg300,5.5
0,Hambantota,0,32.2,68.7,51.1,8.6,55.6,51.8,55.2,Bg300,6.05
1,Kalutara,1,26.2,92.3,298.8,5.4,83.6,17.1,52.3,Ld368,6.44
1,Anuradhapura,0,26.8,73.4,185.0,6.5,73.0,41.8,29.0,Bg366,7.35
1,Nuwara Eliya,1,14.7,94.1,290.1,4.3,82.2,16.3,54.4,Ld368,5.88
0,Ampara,0,34.4,61.7,56.7,9.2,22.3,35.9,55.5,Bg300,5.06
0,Kegalle,1,28.0,78.3,280.7,6.4,24.2,30.3,39.7,Ld368,4.93
1,Monaragala,0,27.6,78.3,165.3,6.4,42.3,45.7,47.8,Bg352,7.14
0,Kegalle,1,29.3,82.5,281.4,6.6,50.1,48.2,49.2,Ld368,5.6
0,Kandy,1,27.2,76.0,137.0,6.1,33.6,34.4,54.9,Bw367,5.8
1,Matara,1,27.4,88.9,232.2,5.8,65.8,40.8,47.5,Bw367,6.67
0,Matale,1,28.2,72.0,109.2,7.2,63.0,38.1,30.9,Bw367,5.8
1,Kandy,1,25.7,81.6,224.3,5.7,82.1,28.5,54.0,Bw367,6.67
0,Ratnapura,1,29.1,79.6,269.4,5.2,54.7,32.9,30.4,Ld368,5.6
0,Ampara,0,34.0,62.5,63.5,9.3,54.1,57.1,55.4,Bg300,5.61
1,Colombo,1,26.8,81.6,241.8,6.6,56.5,50.9,52.0,Bw367,6.67
1,Badulla,1,24.0,84.3,186.8,5.8,36.0,40.5,44.9,Bw367,6.09
0,Matara,1,29.7,83.2,210.3,6.5,20.7,15.6,58.2,Bw367,5.1
0,Polonnaruwa,0,34.4,63.2,59.3,9.2,28.9,39.1,53.7,Bg300,5.06
1,Ratnapura,1,26.2,90.7,309.9,4.9,72.4,35.0,25.5,Ld368,5.32
1,Nuwara Eliya,1,15.1,94.3,271.9,4.2,42.2,27.9,58.9,Ld368,5.32
1,Kandy,1,23.3,84.3,205.9,5.2,66.4,19.7,36.6,Bw367,6.09
0,Polonnaruwa,0,33.0,63.1,44.4,9.0,25.0,21.3,27.3,At362,5.46
0,Trincomalee,0,33.3,63.2,69.8,8.7,51.6,36.6,58.9,Bg300,5.06
1,Anuradhapura,0,29.1,82.7,165.8,6.5,71.3,29.1,63.3,Bg366,8.05
1,Polonnaruwa,0,26.8,84.5,197.4,5.7,61.9,40.7,55.4,Bg366,8.05
1,Kalutara,1,26.3,92.0,320.4,4.8,72.0,47.9,60.6,Ld368,5.88
0,Kalutara,1,28.3,81.0,292.8,5.5,55.0,29.6,36.8,Ld368,5.6
0,Kurunegala,0,30.9,68.0,119.8,6.8,60.0,51.0,39.1,Bg300,6.05
0,Hambantota,0,31.5,69.6,26.4,7.9,71.2,35.7,46.9,At362,6.82
0,Matale,1,29.3,70.6,115.9,7.4,31.0,23.1,25.4,Bw367,5.1
1,Kurunegala,0,25.5,84.3,174.0,5.8,66.5,49.7,58.9,Bg366,8.05
0,Monaragala,0,31.3,65.7,53.8,7.7,75.0,36.2,33.8,Bg300,5.5
0,Kandy,1,27.1,77.1,157.6,5.7,34.8,35.7,35.8,Bw367,5.8
1,Nuwara Eliya,1,14.8,91.0,273.9,4.3,71.7,19.1,45.6,Ld368,5.32
0,Hambantota,0,32.8,73.3,45.9,8.5,45.4,56.8,52.8,Bg300,6.05
0,Trincomalee,0,35.1,59.7,64.2,8.4,39.0,33.4,64.1,Bg300,5.06
0,Kurunegala,0,31.6,74.3,111.9,8.2,47.3,35.2,31.5,Bg300,5.5
1,Hambantota,0,27.0,77.8,108.7,7.3,63.9,53.7,28.9,Bg352,7.14
0,Ampara,0,33.3,64.4,47.9,8.3,46.5,24.7,63.5,Bg300,5.06
0,Kurunegala,0,30.7,68.3,121.0,7.0,37.0,31.6,59.9,Bg300,5.5
1,Monaragala,0,27.1,81.2,172.2,6.5,79.8,20.5,52.0,Bg366,8.05
0,Anuradhapura,0,31.1,63.9,40.7,8.4,71.4,37.2,60.1,At362,6.82
1,Monaragala,0,27.0,78.6,157.5,5.7,67.3,22.9,33.2,Bg366,7.35
1,Trincomalee,0,28.4,86.8,227.0,4.8,73.0,51.4,49.0,Bg366,7.35
0,Nuwara Eliya,1,20.4,79.7,210.6,4.5,73.4,19.5,41.1,Bw367,5.22
1,Monaragala,0,28.4,79.2,165.4,5.8,44.5,28.2,44.3,Bg352,7.14
1,Kegalle,1,25.4,88.6,314.1,5.3,34.2,18.0,63.1,Ld368,5.88
1,Matale,1,26.1,82.6,187.8,5.6,65.3,43.2,39.9,Bw367,6.09
0,Nuwara Eliya,1,19.6,85.1,204.4,4.6,52.9,49.6,62.9,Bw367,5.8
0,Nuwara Eliya,1,20.3,86.4,221.5,4.5,52.3,43.0,52.2,Bw367,5.22
0,Anuradhapura,0,32.2,69.4,51.3,9.2,32.1,49.0,49.7,Bg300,5.5
1,Ampara,0,27.9,82.0,217.3,5.2,79.0,23.4,57.3,Bg366,8.05
0,Ratnapura,1,29.5,84.1,278.2,6.8,32.6,36.9,51.8,Ld368,5.6
1,Kalutara,1,27.0,91.2,296.5,5.7,31.6,29.2,25.6,Ld368,5.21
1,Galle,1,28.2,83.5,247.7,5.1,62.8,38.8,39.9,Bw367,6.09
1,Nuwara Eliya,1,16.4,93.2,293.0,4.1,41.0,39.7,54.7,Ld368,5.32
1,Colombo,1,26.5,80.7,252.6,6.1,59.6,25.8,39.7,Ld368,5.88
0,Monaragala,0,30.6,70.9,62.3,8.6,55.1,53.3,45.0,Bg300,6.05
0,Galle,1,30.4,79.2,230.0,7.3,52.9,23.0,48.6,Bw367,5.8
0,Trincomalee,0,33.9,57.3,46.3,8.5,59.2,20.5,41.4,Bg300,5.06
1,Ampara,0,26.2,82.2,218.6,6.2,71.1,48.8,58.1,Bg366,8.05
1,Kurunegala,0,26.4,80.1,152.5,6.2,59.5,34.3,39.2,Bg366,7.35
0,Kalutara,1,28.1,86.1,298.6,6.4,40.5,25.9,34.3,Ld368,4.93
0,Badulla,1,27.2,71.8,119.9,6.8,48.7,46.8,60.4,Bw367,6.38
0,Matara,1,29.7,78.1,205.4,6.7,45.3,31.4,53.9,Bw367,5.8
1,Ratnapura,1,24.7,85.7,305.1,5.1,70.3,35.6,31.5,Ld368,5.88
1,Anuradhapura,0,26.6,74.7,191.7,5.6,49.5,24.2,33.9,Bg352,7.14
1,Matale,1,25.8,80.5,186.7,5.3,42.9,23.8,63.4,Bw367,6.09
0,Kandy,1,27.7,77.2,147.9,6.6,58.3,43.1,31.9,Bw367,5.8
0,Polonnaruwa,0,33.1,63.8,30.7,9.5,58.3,39.8,62.3,At362,6.32
1,Trincomalee,0,28.4,84.1,208.4,5.8,67.3,50.9,63.1,Bg366,8.05
0,Anuradhapura,0,32.8,68.6,55.2,8.4,68.7,28.9,53.6,Bg300,6.05
0,Kegalle,1,29.5,84.0,277.6,6.2,68.1,23.1,30.1,Ld368,5.6
0,Matale,1,28.9,71.8,130.6,7.6,45.6,18.0,40.5,Bw367,5.1
1,Kandy,1,25.7,82.0,207.0,5.8,51.4,36.7,63.7,Bw367,6.67
0,Badulla,1,25.9,76.1,124.7,6.6,71.8,16.7,42.9,Bw367,5.8
1,Kurunegala,0,27.7,83.1,166.2,6.0,50.3,21.8,39.0,Bg352,7.14
1,Galle,1,27.5,84.8,235.2,6.1,72.5,36.9,27.7,Bw367,6.09
0,Kandy,1,27.8,80.8,157.6,7.0,48.5,20.6,51.8,Bw367,5.8
0,Matara,1,29.5,80.6,215.4,6.8,28.7,25.3,49.2,Bw367,5.1
1,Hambantota,0,28.7,76.3,109.7,6.8,69.4,30.8,33.1,Bg352,7.14
0,Kandy,1,26.6,77.2,162.2,6.5,30.3,18.1,52.8,Bw367,5.1
0,Matara,1,30.8,80.6,228.9,6.6,58.1,25.6,62.6,Bw367,5.8
1,Anuradhapura,0,27.3,74.9,185.8,5.5,62.7,30.6,51.5,Bg366,7.35
0,Ratnapura,1,29.3,86.6,270.6,5.3,58.4,29.7,42.3,Ld368,5.6
0,Anuradhapura,0,31.8,60.3,61.4,8.1,50.7,21.6,51.7,Bg300,5.5
0,Ampara,0,34.4,67.9,44.8,9.2,74.8,53.0,58.8,At362,6.32
0,Galle,1,29.7,75.7,217.8,7.6,38.0,44.9,57.3,Bw367,5.8
0,Nuwara Eliya,1,20.5,81.4,196.2,4.9,27.2,15.9,39.4,Bw367,4.52
1,Galle,1,26.4,86.5,242.0,4.8,72.0,39.9,55.5,Bw367,6.09
1,Ratnapura,1,26.2,89.6,323.7,5.4,62.3,38.2,64.6,Ld368,6.44
1,Galle,1,27.6,83.9,241.9,5.8,81.1,52.2,38.7,Bw367,6.67
0,Monaragala,0,31.1,73.0,79.4,8.2,64.2,48.6,48.7,Bg300,6.05
1,Galle,1,26.9,86.7,255.3,5.4,81.8,21.7,45.0,Ld368,5.88
0,Matale,1,29.6,76.5,113.3,6.4,55.0,39.0,32.2,Bw367,5.8
1,Matara,1,27.1,85.7,250.1,5.3,31.1,46.2,49.4,Ld368,5.88
0,Galle,1,30.5,83.0,243.8,6.9,46.9,31.1,31.1,Bw367,5.8
0,Monaragala,0,31.3,72.2,67.5,8.1,39.5,22.1,26.3,Bg300,4.84
1,Kandy,1,23.3,86.1,231.4,5.8,66.2,23.4,59.5,Bw367,6.09
1,Ratnapura,1,24.9,91.4,313.6,5.3,84.8,16.2,60.9,Ld368,6.44
0,Ratnapura,1,29.9,83.7,290.4,5.3,38.4,17.7,64.0,Ld368,5.6
0,Badulla,1,27.1,80.4,97.6,6.8,23.9,23.4,34.2,Bw367,5.1
1,Ampara,0,26.2,78.7,199.4,6.3,71.8,58.7,42.6,Bg366,8.05
0,Kandy,1,27.0,76.0,142.0,5.9,34.1,29.2,52.0,Bw367,5.8
0,Hambantota,0,30.5,74.0,48.3,7.5,74.3,30.9,28.9,Bg300,5.5
1,Galle,1,27.4,81.6,249.4,6.0,46.7,27.5,25.1,Bw367,5.39
0,Badulla,1,25.9,74.1,119.7,6.3,43.0,33.3,54.0,Bw367,5.8
1,Kegalle,1,26.5,89.8,310.9,4.8,59.6,48.6,64.6,Ld368,5.88
1,Matale,1,25.1,80.0,199.7,5.9,57.1,34.3,58.5,Bw367,6.09
0,Trincomalee,0,35.1,61.1,49.8,8.8,61.9,25.0,32.9,Bg300,5.06
0,Badulla,1,25.0,76.7,112.4,7.0,55.5,24.2,47.1,Bw367,5.8
1,Kalutara,1,25.8,84.3,320.6,4.5,77.0,34.6,41.3,Ld368,5.88
1,Kegalle,1,26.3,87.8,301.8,4.9,73.2,25.1,62.6,Ld368,5.88
0,Matara,1,30.5,79.7,215.1,7.8,21.4,25.1,45.8,Bw367,5.1
0,Trincomalee,0,33.3,57.0,66.1,9.4,54.5,50.0,31.1,Bg300,5.06
0,Anuradhapura,0,32.1,60.9,49.6,9.2,22.2,31.7,33.3,Bg300,4.84
0,Ratnapura,1,28.8,79.1,288.2,6.3,53.8,45.4,45.5,Ld368,5.6
0,Trincomalee,0,34.8,61.0,64.8,8.4,21.7,28.2,38.6,Bg300,4.4
0,Kandy,1,27.8,82.1,150.3,6.5,22.8,16.4,47.0,Bw367,5.1
1,Matale,1,27.0,86.0,207.6,5.0,48.5,33.6,55.9,Bw367,6.09
1,Kandy,1,25.8,87.0,223.3,4.7,33.1,37.7,51.1,Bw367,5.51
1,Anuradhapura,0,28.2,81.6,190.1,6.7,50.1,32.7,55.0,Bg352,7.14
0,Kandy,1,26.8,77.2,143.8,6.2,36.2,16.7,50.5,Bw367,5.1
1,Badulla,1,23.0,82.2,200.4,6.2,78.7,44.6,36.1,Bw367,6.67
1,Galle,1,28.4,80.1,256.5,5.9,64.2,54.6,37.5,Ld368,6.44
1,Kurunegala,0,25.7,81.4,152.8,5.9,75.9,57.4,32.4,Bg366,8.05
1,Kegalle,1,27.3,82.6,287.8,4.6,62.7,21.0,63.7,Ld368,5.32
0,Polonnaruwa,0,32.2,62.7,49.9,9.2,61.5,43.1,61.2,Bg300,6.05
0,Monaragala,0,32.8,63.6,50.2,7.5,56.5,36.4,41.1,Bg300,5.5
0,Matara,1,29.2,77.0,208.2,6.9,60.1,52.6,49.2,Bw367,6.38
1,Badulla,1,21.4,86.3,190.9,5.2,57.1,27.0,48.8,Bw367,6.09
0,Colombo,1,29.5,73.2,201.4,7.8,38.9,44.3,51.3,Bw367,5.8
1,Kurunegala,0,27.1,84.0,157.3,6.3,81.8,23.3,35.2,Bg366,7.35
1,Monaragala,0,28.0,79.6,158.6,6.8,41.8,22.7,48.8,Bg352,7.14
1,Anuradhapura,0,26.6,79.6,181.0,5.4,39.5,42.7,36.9,Bg352,7.14
0,Matale,1,30.4,74.3,115.4,6.3,22.9,42.7,43.3,Bw367,5.8
0,Kandy,1,27.8,75.5,152.3,6.3,65.3,47.8,44.1,Bw367,6.38
1,Kalutara,1,26.1,91.1,304.8,4.5,34.7,33.7,44.3,Ld368,5.32
0,Ampara,0,32.4,62.8,59.3,9.1,41.2,38.4,37.1,Bg300,5.5
1,Kurunegala,0,25.9,86.3,165.5,6.3,31.8,39.0,41.3,Bg352,7.14
0,Ampara,0,33.7,68.7,51.9,8.9,23.8,36.7,29.7,Bg300,4.4
0,Galle,1,30.0,75.8,225.6,6.9,42.2,48.3,57.6,Bw367,5.8
0,Badulla,1,25.3,72.1,105.6,6.9,57.2,41.3,27.8,Bw367,5.8
1,Ratnapura,1,24.8,85.6,329.8,4.1,53.1,21.7,60.2,Ld368,5.32
1,Kurunegala,0,26.5,86.7,152.9,5.9,76.0,22.0,43.6,Bg366,7.35
1,Trincomalee,0,26.4,81.9,207.7,5.1,32.4,51.2,40.9,Bg352,7.14
0,Polonnaruwa,0,34.2,64.6,30.2,9.5,33.0,24.3,55.7,At362,5.7
1,Ampara,0,27.2,79.5,211.4,5.1,79.6,28.6,60.4,Bg366,8.05
1,Kurunegala,0,25.5,86.8,174.0,6.0,70.1,33.8,51.8,Bg366,8.05
0,Ampara,0,34.5,63.0,58.5,8.2,74.5,21.0,49.1,Bg300,5.06
0,Colombo,1,30.3,75.0,190.9,6.5,68.8,31.8,44.9,Bw367,5.8
0,Polonnaruwa,0,33.2,62.4,53.9,9.2,58.0,33.6,57.2,Bg300,5.06
0,Colombo,1,30.8,73.6,192.0,6.4,65.9,54.0,30.4,Bw367,6.38
1,Polonnaruwa,0,26.1,84.3,186.4,5.7,30.5,54.3,54.2,Bg352,7.14
1,Kegalle,1,26.8,85.1,292.4,5.4,50.0,37.6,25.3,Ld368,5.88
0,Ratnapura,1,29.3,80.3,280.4,5.5,25.1,31.4,31.5,Ld368,4.93
1,Badulla,1,21.8,79.9,177.7,5.0,32.8,40.1,36.5,Bw367,6.09
1,Kegalle,1,26.8,82.5,299.8,5.0,48.4,30.8,46.2,Ld368,5.88
1,Kalutara,1,25.6,86.0,322.3,5.1,70.4,28.9,41.3,Ld368,5.88
1,Kegalle,1,24.7,82.3,296.8,5.4,40.6,40.7,35.4,Ld368,5.88
1,Ratnapura,1,24.7,85.1,324.4,5.4,73.5,20.6,46.8,Ld368,5.88
1,Monaragala,0,28.3,80.4,157.5,5.3,84.4,21.2,42.8,Bg366,7.35
1,Trincomalee,0,28.4,86.9,224.8,5.5,77.6,31.6,43.7,Bg366,8.05
0,Polonnaruwa,0,32.7,62.3,39.9,8.9,66.8,28.1,62.4,At362,6.82
1,Galle,1,28.0,85.6,258.4,4.8,75.0,16.6,60.6,Ld368,5.88
0,Anuradhapura,0,31.6,67.7,42.6,9.1,25.7,25.0,64.2,At362,6.2
0,Galle,1,30.5,78.2,235.3,7.0,53.2,42.3,48.0,Bw367,5.8
1,Ampara,0,28.2,79.3,215.8,5.1,64.4,49.9,33.7,Bg366,7.35
1,Monaragala,0,26.7,81.1,180.5,5.3,70.4,33.7,44.1,Bg366,7.35
1,Polonnaruwa,0,27.0,79.7,180.4,5.1,44.2,21.1,50.3,Bg352,7.14
0,Anuradhapura,0,32.6,61.7,43.9,8.8,73.1,22.0,60.6,At362,6.82
1,Trincomalee,0,26.6,84.5,230.2,4.8,74.0,54.5,31.0,Bg366,7.35
1,Ampara,0,28.9,84.3,218.5,6.3,63.3,32.3,58.5,Bg366,8.05
0,Ampara,0,32.5,66.6,37.5,9.3,37.9,25.1,42.7,At362,6.2
1,Colombo,1,28.4,86.0,250.1,5.4,36.9,47.5,62.0,Ld368,5.88
1,Ratnapura,1,26.2,85.0,317.1,5.2,72.9,19.7,25.0,Ld368,5.88
0,Kurunegala,0,31.2,68.5,97.8,8.0,69.2,52.9,61.0,Bg300,6.05
0,Ampara,0,33.3,62.8,53.2,8.4,33.2,23.8,37.6,Bg300,4.4
0,Galle,1,31.0,79.4,231.0,7.4,74.8,38.3,57.5,Bw367,6.38
0,Ratnapura,1,28.2,85.7,285.5,5.7,27.3,40.3,30.1,Ld368,4.93
1,Matara,1,27.4,81.6,249.1,5.7,84.7,18.7,56.2,Bw367,6.67
1,Kalutara,1,27.3,86.1,309.8,5.5,42.8,24.0,47.0,Ld368,5.88
0,Kegalle,1,28.7,82.9,271.2,5.6,23.1,19.2,48.4,Ld368,4.93
0,Colombo,1,30.9,80.2,186.2,7.2,57.9,25.1,37.3,Bw367,5.8
1,Nuwara Eliya,1,16.7,93.1,282.5,4.4,50.1,40.6,43.6,Ld368,5.32
1,Matara,1,28.0,82.4,253.2,5.8,70.3,52.0,64.0,Ld368,6.44
0,Hambantota,0,32.8,71.8,34.2,8.0,50.3,51.6,37.7,At362,6.2
0,Galle,1,29.0,83.2,229.0,6.1,29.1,17.4,45.0,Bw367,5.1
1,Kurunegala,0,25.8,86.4,171.2,6.1,84.2,20.0,49.6,Bg366,8.05
1,Ampara,0,28.3,86.4,214.5,6.2,38.3,39.1,49.1,Bg352,7.14
0,Ampara,0,32.7,60.3,46.8,8.1,60.4,28.4,27.3,Bg300,5.5
0,Anuradhapura,0,32.8,68.7,52.3,8.3,64.2,41.6,28.2,Bg300,5.5
0,Colombo,1,30.2,75.0,189.3,6.6,43.8,38.8,28.2,Bw367,5.8
1,Kegalle,1,26.8,87.9,309.9,4.4,56.2,40.2,58.1,Ld368,5.88
0,Trincomalee,0,32.9,65.8,69.1,8.4,59.7,21.6,41.2,Bg300,5.5
1,Monaragala,0,28.0,84.4,175.2,6.0,74.5,58.0,25.9,Bg366,8.05
1,Matale,1,24.3,86.1,193.4,4.9,54.2,40.8,40.2,Bw367,5.51
0,Kurunegala,0,32.2,70.8,101.5,7.4,22.7,52.8,58.1,Bg300,5.5
0,Hambantota,0,31.5,65.7,31.5,8.9,45.6,37.8,25.6,At362,6.2
0,Kegalle,1,28.9,83.1,261.6,6.5,51.4,22.4,27.4,Ld368,4.93
1,Monaragala,0,27.2,83.4,171.3,5.8,64.4,20.5,30.7,Bg366,7.35
1,Nuwara Eliya,1,14.7,91.0,276.6,4.6,82.4,50.3,35.8,Ld368,5.88
1,Ratnapura,1,24.3,84.3,321.6,4.8,84.7,23.1,35.3,Ld368,5.32
0,Trincomalee,0,34.8,65.2,67.1,8.9,44.8,33.2,48.6,Bg300,5.06
1,Kandy,1,24.4,89.4,234.5,5.7,71.6,42.2,31.6,Bw367,6.09
1,Galle,1,27.6,89.5,239.3,5.4,60.5,18.1,25.2,Bw367,5.39
0,Ratnapura,1,28.2,79.2,275.1,5.5,25.4,53.3,49.0,Ld368,5.6
1,Kegalle,1,25.4,85.9,292.1,4.5,39.8,46.9,52.1,Ld368,5.32
1,Kalutara,1,26.0,90.8,308.1,5.2,65.6,48.8,38.0,Ld368,6.44
1,Colombo,1,28.8,79.2,237.0,5.9,83.8,22.2,57.0,Bw367,6.67
0,Matara,1,29.1,81.3,216.2,7.0,23.7,22.2,63.3,Bw367,5.8
1,Kurunegala,0,27.5,81.6,165.3,6.4,61.3,22.4,50.3,Bg366,7.35
1,Kurunegala,0,28.5,77.1,166.9,6.3,53.9,25.1,41.4,Bg352,7.14
0,Ampara,0,32.6,66.3,56.0,8.7,71.6,34.0,34.8,Bg300,5.5
0,Trincomalee,0,33.4,59.2,42.1,9.4,34.0,38.9,26.7,At362,4.96
0,Ampara,0,33.8,64.7,58.9,9.0,53.6,39.5,30.3,Bg300,5.06
1,Monaragala,0,27.6,81.0,170.4,5.7,30.4,39.8,36.4,Bg352,7.14
1,Ampara,0,26.0,82.8,223.2,5.0,55.9,23.7,50.0,Bg366,7.35
1,Badulla,1,22.2,84.2,201.9,5.0,31.2,49.5,48.1,Bw367,6.09
1,Kegalle,1,26.4,90.1,303.3,4.8,44.1,28.1,31.6,Ld368,4.65
1,Kegalle,1,26.9,85.8,298.1,5.3,62.4,17.7,58.3,Ld368,5.88
0,Galle,1,30.2,82.7,236.4,6.9,20.8,29.4,49.2,Bw367,5.1
0,Hambantota,0,32.6,68.1,33.8,7.8,38.3,42.3,53.3,At362,6.2
1,Monaragala,0,28.7,83.9,179.5,5.2,70.5,28.3,30.3,Bg366,7.35
1,Kurunegala,0,26.5,77.6,149.1,5.4,79.7,21.0,33.4,Bg352,7.14
1,Kalutara,1,26.1,92.1,296.2,5.0,67.4,52.3,49.8,Ld368,6.44
0,Trincomalee,0,35.3,60.0,63.5,9.3,58.0,58.6,40.7,Bg300,5.61
0,Badulla,1,26.5,78.3,112.3,6.5,47.7,27.5,42.1,Bw367,5.8
0,Monaragala,0,31.7,63.1,65.7,8.7,64.7,53.0,56.8,Bg300,6.05
0,Matara,1,30.6,75.4,224.7,7.2,21.4,46.5,61.1,Bw367,5.8
0,Kandy,1,26.7,76.2,159.3,7.1,36.6,49.3,59.3,Bw367,5.8
1,Polonnaruwa,0,26.4,81.9,208.4,6.1,48.2,40.0,50.8,Bg352,7.14
1,Polonnaruwa,0,28.4,83.6,184.1,6.5,48.1,46.5,55.1,Bg352,7.14
0,Kandy,1,28.8,76.1,160.8,5.9,58.8,44.7,52.1,Bw367,6.38
0,Hambantota,0,32.6,66.7,26.6,8.5,46.2,54.0,40.3,At362,6.2
0,Matale,1,30.0,75.5,110.7,7.4,48.1,39.2,43.4,Bw367,5.8
1,Monaragala,0,28.8,82.1,158.2,6.5,66.9,47.9,39.5,Bg366,8.05
1,Badulla,1,23.2,80.1,187.2,6.1,32.6,53.5,52.2,Bw367,6.09
0,Hambantota,0,30.8,67.5,53.3,7.9,62.7,35.7,30.6,Bg300,5.5
0,Badulla,1,27.4,74.7,105.7,6.8,48.6,32.6,60.2,Bw367,5.8
1,Ampara,0,28.8,79.5,197.2,5.8,62.7,36.6,41.9,Bg366,7.35
0,Kurunegala,0,32.0,73.5,107.6,7.4,34.1,50.1,45.5,Bg300,5.5
1,Polonnaruwa,0,27.8,85.0,193.1,6.5,49.0,22.2,33.2,Bg352,6.32
1,Monaragala,0,27.0,75.0,182.5,6.6,70.8,26.7,29.8,Bg366,7.35
0,Colombo,1,31.2,81.3,197.9,6.6,48.2,29.0,40.0,Bw367,5.8
1,Anuradhapura,0,27.2,80.5,192.5,5.4,42.8,50.0,36.0,Bg352,7.14
0,Badulla,1,24.7,75.5,117.2,7.3,64.8,50.1,55.9,Bw367,6.38
1,Polonnaruwa,0,26.1,83.1,189.6,5.9,45.4,51.3,60.5,Bg352,7.82
1,Badulla,1,23.6,81.7,191.0,6.1,47.9,53.2,29.9,Bw367,6.09
1,Ampara,0,28.6,77.7,224.8,6.2,37.5,41.5,32.4,Bg352,7.14
1,Kurunegala,0,26.6,85.8,172.2,6.2,48.2,24.3,63.1,Bg352,7.14
1,Kegalle,1,25.4,85.0,294.6,4.6,73.1,19.9,50.4,Ld368,5.32
1,Matara,1,28.4,80.9,249.6,5.9,34.3,53.2,34.9,Bw367,6.09
1,Kegalle,1,25.8,86.8,291.4,4.5,76.0,35.1,25.6,Ld368,5.32
1,Trincomalee,0,27.3,84.0,231.4,6.1,71.5,37.8,48.7,Bg366,8.05
1,Polonnaruwa,0,26.6,79.5,204.9,6.0,52.6,46.5,29.7,Bg352,7.14
0,Ampara,0,32.8,63.1,36.2,8.2,72.6,58.1,39.1,At362,6.82
1,Ratnapura,1,24.8,87.9,333.4,4.2,72.0,19.3,64.3,Ld368,5.88
1,Kegalle,1,25.9,89.7,303.9,5.3,54.8,36.2,54.8,Ld368,5.88
0,Galle,1,30.5,80.6,235.1,7.5,54.1,48.0,52.6,Bw367,6.38
0,Badulla,1,25.1,73.4,104.0,7.2,53.1,42.8,39.5,Bw367,5.8
1,Badulla,1,22.4,87.0,180.4,4.9,78.6,28.7,52.4,Bw367,6.09
0,Anuradhapura,0,31.2,66.1,42.2,8.3,24.4,25.9,36.9,At362,5.46
1,Badulla,1,23.7,79.1,189.5,4.9,46.9,52.0,31.5,Bw367,5.51
1,Kegalle,1,25.1,89.4,301.4,5.7,60.5,36.4,32.8,Ld368,5.88
1,Kegalle,1,27.2,85.3,296.2,5.5,48.6,53.1,54.5,Ld368,6.44
0,Ratnapura,1,27.2,82.1,280.0,5.5,68.0,18.5,44.5,Ld368,5.6
1,Colombo,1,28.2,85.3,230.7,6.7,60.4,27.0,42.2,Bw367,6.09
0,Kurunegala,0,31.9,75.3,124.6,8.0,53.1,33.6,46.8,Bg300,5.5
0,Anuradhapura,0,31.1,60.6,46.6,8.6,45.5,44.8,44.2,Bg300,5.5
0,Trincomalee,0,33.2,58.1,57.9,8.9,21.5,35.2,29.2,Bg300,4.4
0,Hambantota,0,31.2,71.1,49.2,7.9,72.9,41.4,49.7,Bg300,6.05
1,Polonnaruwa,0,26.4,77.1,180.0,5.1,83.8,29.7,51.5,Bg366,8.05
1,Kegalle,1,26.7,90.6,313.2,5.1,68.5,49.2,41.7,Ld368,6.44
1,Polonnaruwa,0,27.9,75.7,206.9,5.2,48.0,52.6,48.9,Bg352,7.14
0,Kandy,1,27.7,78.8,141.2,7.1,24.6,29.2,52.2,Bw367,5.8
1,Ratnapura,1,26.8,91.4,328.7,4.2,37.7,26.5,45.7,Ld368,5.32
0,Kandy,1,28.5,80.0,162.9,6.9,36.8,25.6,52.8,Bw367,5.8
1,Ampara,0,26.2,82.3,219.6,4.9,73.6,52.5,44.3,Bg366,7.35
1,Trincomalee,0,26.0,86.1,226.4,6.0,62.0,25.0,29.9,Bg366,7.35
1,Nuwara Eliya,1,14.6,88.3,279.6,3.2,43.7,31.3,36.2,Ld368,5.32
1,Hambantota,0,29.4,72.6,128.2,6.6,57.9,54.2,55.0,Bg352,7.82
1,Matara,1,25.9,87.9,236.6,5.5,69.9,48.5,59.5,Bw367,6.67
1,Matara,1,28.5,79.1,241.6,6.2,56.7,18.4,63.9,Bw367,6.09
0,Ampara,0,32.5,63.6,49.3,9.1,61.3,38.3,58.8,Bg300,6.05
0,Nuwara Eliya,1,18.3,87.3,206.3,5.8,45.6,46.7,41.1,Bw367,5.8
1,Kandy,1,24.1,87.2,221.4,5.9,43.8,19.0,40.7,Bw367,5.39
0,Kurunegala,0,31.2,72.7,105.0,7.2,25.9,34.7,29.0,Bg300,4.84
0,Badulla,1,27.1,76.6,110.5,6.7,48.4,48.9,52.4,Bw367,5.8
0,Kegalle,1,27.6,81.2,258.4,5.8,50.1,21.6,27.6,Ld368,4.93
1,Kurunegala,0,27.0,78.0,167.6,6.8,70.9,41.3,59.4,Bg366,8.05
1,Matara,1,25.7,82.9,250.5,5.6,31.9,44.8,57.1,Ld368,5.88
0,Ratnapura,1,28.6,80.9,286.6,5.6,37.4,48.8,44.1,Ld368,5.6
1,Trincomalee,0,26.7,82.0,223.8,4.8,50.5,28.4,52.8,Bg352,6.46
0,Monaragala,0,31.5,67.7,54.4,8.8,31.5,25.2,33.1,Bg300,4.84
1,Hambantota,0,28.7,70.2,106.0,6.7,74.9,55.4,28.5,Bg352,7.82
0,Matara,1,31.0,77.9,229.9,6.4,71.4,45.1,62.7,Bw367,6.38
1,Kegalle,1,25.6,91.4,293.3,4.8,68.5,45.6,62.2,Ld368,5.88
0,Nuwara Eliya,1,19.9,86.4,196.9,4.8,35.6,27.2,64.3,Bw367,5.22
1,Kegalle,1,25.5,86.1,292.2,5.3,65.2,49.0,54.6,Ld368,6.44
0,Polonnaruwa,0,33.3,62.9,34.0,8.4,36.0,57.0,34.2,At362,5.7
1,Polonnaruwa,0,27.1,81.6,183.5,6.5,77.6,43.1,52.0,Bg366,8.05
1,Badulla,1,23.0,83.2,196.0,5.4,57.8,15.3,52.7,Bw367,6.09
0,Ratnapura,1,29.3,82.1,280.4,6.6,45.7,29.4,46.4,Ld368,5.6
0,Kalutara,1,28.8,87.4,283.8,6.2,61.6,42.6,59.5,Ld368,6.16
1,Badulla,1,22.6,83.2,201.3,5.0,75.5,37.3,27.2,Bw367,6.09
0,Kegalle,1,28.5,82.0,280.2,6.5,53.8,22.0,45.5,Ld368,5.6
1,Kalutara,1,25.7,84.7,305.0,5.7,48.9,54.5,44.4,Ld368,5.88
0,Kalutara,1,30.2,82.6,296.3,7.0,22.8,18.9,53.8,Ld368,4.93
1,Trincomalee,0,26.1,79.4,205.7,5.8,37.4,38.7,49.2,Bg352,7.14
0,Ampara,0,31.8,66.8,35.3,9.0,69.1,37.3,46.4,At362,6.82
1,Matara,1,27.2,88.1,248.6,5.8,82.0,17.3,62.2,Bw367,6.67
1,Ampara,0,28.6,79.6,209.2,5.2,82.4,52.9,53.4,Bg366,8.05
0,Kalutara,1,30.0,81.9,288.4,6.6,39.7,17.6,28.0,Ld368,4.93
0,Matara,1,30.9,78.7,226.4,6.8,34.2,28.9,56.8,Bw367,5.8
0,Polonnaruwa,0,34.3,58.9,34.8,9.5,49.6,20.6,35.3,At362,5.7
0,Hambantota,0,32.2,75.0,33.6,8.3,49.3,36.2,31.8,At362,6.2
0,Ampara,0,34.3,64.0,53.1,8.2,49.9,47.8,45.6,Bg300,5.06
1,Matara,1,26.8,86.7,230.1,5.6,49.1,32.3,56.3,Bw367,6.09
1,Kurunegala,0,27.9,80.4,166.2,5.7,71.3,29.4,30.7,Bg366,7.35
1,Trincomalee,0,27.0,87.4,207.4,5.7,66.0,54.9,34.8,Bg366,8.05
1,Kandy,1,25.8,86.6,216.7,4.6,44.4,38.2,53.7,Bw367,5.51
0,Kandy,1,27.8,78.5,150.4,6.8,66.1,27.9,60.6,Bw367,6.38
0,Polonnaruwa,0,32.0,60.7,33.6,8.4,25.9,52.9,30.6,At362,6.2
0,Trincomalee,0,32.6,66.5,61.3,8.1,62.0,40.6,56.2,Bg300,6.05
1,Ratnapura,1,26.2,91.9,317.2,4.0,76.7,30.2,44.8,Ld368,5.88
1,Polonnaruwa,0,27.5,84.9,188.3,5.6,67.8,52.6,41.7,Bg366,8.05
0,Kurunegala,0,29.9,76.5,97.2,7.0,39.1,44.8,46.8,Bg300,5.5
1,Hambantota,0,27.9,72.4,111.4,6.7,68.7,28.7,39.7,Bg352,7.14
1,Ampara,0,28.5,81.2,208.3,5.2,69.4,34.3,35.7,Bg366,7.35
0,Kandy,1,28.6,81.4,145.8,6.8,37.2,17.4,53.1,Bw367,5.8
1,Kalutara,1,25.7,84.8,321.0,4.9,37.5,49.5,57.6,Ld368,5.32
1,Matara,1,28.4,87.5,226.6,5.2,61.3,36.3,43.3,Bw367,6.09
1,Kandy,1,24.7,82.7,219.2,4.9,61.9,50.6,47.8,Bw367,6.09
1,Nuwara Eliya,1,15.6,85.5,272.0,4.0,47.1,22.3,45.2,Ld368,5.32
1,Polonnaruwa,0,27.3,80.5,188.9,5.7,39.0,32.2,49.8,Bg352,7.14
1,Ampara,0,28.6,83.3,208.2,4.8,57.5,50.6,35.6,Bg366,6.65
0,Ratnapura,1,27.1,85.4,267.4,5.9,36.1,36.8,30.3,Ld368,4.93
1,Kegalle,1,26.9,83.6,288.1,4.5,78.2,36.1,43.7,Ld368,5.88
0,Monaragala,0,31.8,64.3,72.3,8.2,37.4,44.9,33.8,Bg300,5.5
1,Trincomalee,0,28.2,80.3,216.6,5.9,83.3,38.2,45.3,Bg366,8.05
1,Matale,1,24.8,84.4,195.2,6.3,44.5,26.2,62.2,Bw367,6.09
1,Anuradhapura,0,28.6,80.3,190.1,6.8,83.7,22.6,57.9,Bg366,8.05
0,Anuradhapura,0,31.4,66.5,64.5,9.2,44.2,21.6,39.5,Bg300,5.5
0,Matara,1,29.7,74.6,217.8,7.0,71.1,40.6,37.5,Bw367,5.8
0,Badulla,1,27.4,74.6,109.3,6.8,57.5,41.5,53.6,Bw367,6.38
1,Matara,1,26.6,80.3,244.7,5.1,62.9,49.8,60.6,Bw367,6.67
0,Kegalle,1,28.8,85.7,277.1,6.3,51.5,20.5,62.5,Ld368,5.6
1,Kandy,1,24.3,86.7,215.0,4.8,64.7,16.0,53.8,Bw367,5.51
1,Kandy,1,24.8,86.3,220.8,5.3,67.6,45.1,54.1,Bw367,6.67
1,Hambantota,0,27.6,74.0,133.4,6.6,36.9,41.0,29.4,Bg352,7.14
0,Colombo,1,30.0,75.5,202.9,6.8,21.5,44.4,50.0,Bw367,5.8
0,Kandy,1,28.1,81.9,155.7,6.2,58.2,27.2,55.4,Bw367,5.8
0,Anuradhapura,0,32.9,61.8,38.2,9.0,51.8,44.7,56.3,At362,6.82
1,Polonnaruwa,0,28.0,80.0,208.5,5.5,31.1,37.3,26.3,Bg352,6.32
1,Kalutara,1,25.6,90.9,318.2,4.5,64.2,16.9,44.3,Ld368,5.32
0,Nuwara Eliya,1,20.4,81.2,201.2,5.4,33.9,50.8,48.0,Bw367,5.8
0,Polonnaruwa,0,34.0,62.9,57.3,9.5,29.1,20.1,64.4,Bg300,5.06
1,Matale,1,24.2,86.3,198.7,5.1,78.3,22.9,62.9,Bw367,6.67
0,Polonnaruwa,0,33.3,60.2,46.4,9.1,30.5,40.8,43.8,Bg300,5.06
1,Kurunegala,0,28.0,80.4,162.2,6.2,58.2,24.3,41.9,Bg366,7.35
0,Galle,1,28.6,76.0,220.0,7.5,65.2,29.2,51.2,Bw367,5.8
0,Polonnaruwa,0,32.2,58.5,30.5,8.2,29.5,37.2,45.4,At362,6.2
0,Matale,1,30.5,71.6,125.8,7.3,73.9,54.4,52.5,Bw367,6.38
0,Ratnapura,1,29.4,80.1,288.4,6.7,41.1,40.2,42.2,Ld368,5.6
0,Matara,1,30.0,75.0,218.5,7.7,72.4,24.6,50.0,Bw367,5.8
1,Hambantota,0,29.6,72.7,105.1,6.3,49.2,32.6,56.7,Bg352,7.14
0,Ratnapura,1,27.9,83.6,267.9,6.6,71.4,54.2,59.7,Ld368,6.16
1,Nuwara Eliya,1,14.1,90.8,292.4,3.5,30.4,47.2,28.1,Ld368,5.32
0,Colombo,1,31.9,81.2,200.1,7.7,27.5,54.1,63.6,Bw367,5.8
1,Anuradhapura,0,28.1,75.1,188.5,5.5,44.3,23.7,41.0,Bg352,7.14
1,Kurunegala,0,27.0,84.1,172.2,5.6,33.0,20.7,30.7,Bg352,6.32
1,Matara,1,27.9,86.9,232.3,5.5,56.6,17.5,49.4,Bw367,6.09
0,Galle,1,29.1,81.4,217.1,6.6,49.4,54.8,44.0,Bw367,5.8
0,Ampara,0,32.9,67.9,59.4,8.9,33.7,56.4,31.2,Bg300,5.5
1,Hambantota,0,27.1,76.4,113.3,6.7,49.0,26.9,49.9,Bg352,7.14
0,Polonnaruwa,0,34.4,59.9,51.5,9.1,38.9,20.8,52.6,Bg300,5.06
1,Kandy,1,24.8,84.6,220.5,4.4,53.2,43.7,42.7,Bw367,5.51
0,Anuradhapura,0,33.9,63.8,40.3,8.3,44.2,22.8,48.1,At362,5.7
1,Monaragala,0,28.5,75.3,171.2,5.3,68.6,22.2,61.5,Bg366,8.05
0,Kalutara,1,29.0,82.4,278.9,5.9,67.8,51.2,25.0,Ld368,5.6
1,Matale,1,25.9,78.8,191.5,5.1,75.7,33.5,44.5,Bw367,6.67
0,Matara,1,30.2,83.0,218.7,6.4,71.1,33.3,32.3,Bw367,5.8
0,Matale,1,28.9,78.5,133.0,7.7,26.9,30.3,26.1,Bw367,5.1
0,Ampara,0,32.6,64.9,38.3,9.3,29.6,45.9,34.8,At362,6.2
0,Hambantota,0,32.9,65.0,37.4,7.6,48.0,21.0,41.3,At362,6.2
1,Kurunegala,0,27.7,83.8,151.4,5.8,45.5,36.4,34.4,Bg352,7.14
1,Galle,1,28.1,89.7,245.2,5.3,30.4,42.2,58.0,Bw367,6.09
1,Kurunegala,0,27.9,83.2,146.3,6.4,47.0,34.7,55.8,Bg352,7.14
0,Anuradhapura,0,33.5,61.4,50.6,7.8,24.4,46.9,52.6,Bg300,5.06
1,Kurunegala,0,27.9,79.2,161.3,6.9,38.1,57.6,32.3,Bg352,7.14
1,Badulla,1,22.6,84.8,194.4,4.7,82.8,16.8,30.7,Bw367,5.51
1,Polonnaruwa,0,27.7,84.3,200.0,6.3,30.7,41.7,43.4,Bg352,7.14
1,Ampara,0,28.0,82.0,218.0,5.5,38.2,45.9,31.9,Bg352,7.14
0,Kalutara,1,29.3,79.6,303.9,6.2,24.0,40.1,35.1,Ld368,4.93
1,Ratnapura,1,26.8,93.8,320.1,4.7,71.4,20.3,46.9,Ld368,5.32
1,Kegalle,1,25.3,85.0,285.0,5.8,80.5,45.6,28.2,Ld368,6.44
0,Matara,1,28.6,74.2,223.5,7.7,69.7,42.9,28.9,Bw367,5.8
1,Monaragala,0,27.3,82.6,179.1,5.8,53.0,21.8,36.6,Bg352,7.14
1,Kurunegala,0,25.9,81.5,170.6,6.3,34.3,27.7,44.0,Bg352,7.14
0,Galle,1,29.1,80.3,232.5,7.3,38.8,47.2,38.5,Bw367,5.8
0,Anuradhapura,0,32.7,65.9,63.0,8.9,70.5,56.3,49.2,Bg300,6.05
1,Polonnaruwa,0,27.7,84.8,203.2,5.2,72.8,26.8,42.9,Bg366,7.35
1,Badulla,1,23.1,87.8,183.7,4.8,46.4,41.9,38.2,Bw367,5.51
0,Kegalle,1,27.9,82.0,263.3,6.7,24.2,41.6,34.5,Ld368,4.93
0,Ampara,0,32.7,64.6,41.1,9.0,22.9,54.1,32.9,At362,6.2
1,Trincomalee,0,28.0,83.3,210.7,5.1,44.7,40.8,34.4,Bg352,7.14
1,Kegalle,1,27.3,91.8,296.3,5.8,60.0,25.8,53.1,Ld368,5.88
1,Kurunegala,0,25.6,84.3,160.8,5.7,36.1,35.3,58.5,Bg352,7.14
1,Badulla,1,22.8,86.3,178.5,5.6,66.7,23.0,60.2,Bw367,6.09
1,Galle,1,26.4,86.2,254.2,5.9,36.2,49.0,46.3,Ld368,5.88
0,Polonnaruwa,0,33.7,59.2,52.7,8.2,21.5,36.1,64.7,Bg300,5.06
0,Galle,1,30.0,76.7,236.7,6.8,57.4,23.1,54.8,Bw367,5.8
0,Ratnapura,1,29.0,83.9,292.7,5.2,60.1,50.5,27.5,Ld368,5.6
0,Kandy,1,26.6,78.7,154.5,6.2,45.3,26.2,39.8,Bw367,5.8
1,Polonnaruwa,0,27.6,80.6,185.1,5.3,47.5,43.7,33.4,Bg352,7.14
1,Trincomalee,0,28.4,79.2,229.1,5.9,46.3,25.4,30.8,Bg352,6.32
1,Monaragala,0,28.2,82.8,183.1,6.3,38.6,29.7,58.7,Bg352,7.14
1,Galle,1,27.3,80.0,261.8,5.6,44.4,45.7,62.1,Ld368,6.44
1,Colombo,1,28.7,83.8,251.7,6.3,43.4,52.3,29.2,Ld368,5.88
1,Polonnaruwa,0,27.6,80.7,180.5,6.2,49.9,36.3,57.4,Bg352,7.14
1,Trincomalee,0,25.6,80.8,233.7,4.7,49.5,40.1,44.7,Bg352,6.46
0,Monaragala,0,32.0,66.8,79.2,7.5,39.5,36.8,40.6,Bg300,5.5
1,Trincomalee,0,26.2,86.3,220.0,5.3,39.3,27.5,25.4,Bg352,6.32
1,Colombo,1,28.0,85.9,233.6,5.7,36.4,30.5,26.5,Bw367,5.39
1,Ratnapura,1,24.9,85.2,330.5,4.3,83.6,48.7,45.0,Ld368,5.88
0,Ampara,0,32.7,68.0,63.2,8.9,56.5,38.1,58.4,Bg300,6.05
0,Matara,1,30.6,80.2,223.2,7.6,49.8,47.2,45.4,Bw367,5.8
0,Anuradhapura,0,32.2,64.4,39.2,7.9,49.5,23.4,37.1,At362,6.2
1,Kurunegala,0,28.4,80.2,171.0,6.8,49.3,23.3,54.0,Bg352,7.14
1,Colombo,1,28.6,81.4,239.6,6.4,51.0,32.7,40.0,Bw367,6.09
1,Kandy,1,24.6,88.1,215.9,5.2,66.9,25.8,36.1,Bw367,6.09
0,Badulla,1,26.2,74.1,97.5,7.3,58.9,29.4,28.1,Bw367,5.8
1,Ratnapura,1,25.6,90.7,314.5,5.1,77.9,24.5,64.2,Ld368,6.44
0,Hambantota,0,31.3,65.9,28.8,8.1,61.9,56.0,51.6,At362,6.82
0,Kurunegala,0,31.5,73.4,119.2,8.0,67.8,36.6,52.9,Bg300,6.05
1,Trincomalee,0,25.5,80.5,228.3,5.3,54.6,58.2,61.8,Bg352,7.82
0,Kalutara,1,28.1,86.5,302.2,6.3,54.6,25.3,57.0,Ld368,5.6
0,Ratnapura,1,28.5,79.6,292.5,6.2,30.6,39.3,52.1,Ld368,5.6
0,Kalutara,1,29.7,86.3,304.0,6.8,53.0,36.2,26.1,Ld368,5.6
0,Kurunegala,0,30.9,73.3,111.7,7.9,35.4,42.6,28.5,Bg300,5.5
1,Badulla,1,23.3,85.9,204.7,5.1,57.4,28.2,42.6,Bw367,6.09
0,Nuwara Eliya,1,19.6,87.8,201.1,5.6,23.3,50.5,38.2,Bw367,5.8
1,Ampara,0,27.4,86.4,196.4,5.3,77.1,35.8,33.0,Bg366,7.35
1,Nuwara Eliya,1,15.2,94.2,287.9,4.0,84.4,33.6,27.3,Ld368,5.32
1,Ampara,0,27.2,78.6,223.4,5.9,44.8,43.6,53.9,Bg352,7.14
1,Galle,1,28.1,85.2,258.2,5.7,60.4,19.6,30.0,Ld368,5.88
1,Kegalle,1,25.3,82.2,306.7,4.4,62.7,36.6,63.8,Ld368,5.88
0,Kandy,1,26.2,78.5,160.2,7.3,43.7,27.8,61.3,Bw367,5.8
1,Trincomalee,0,27.3,83.1,206.2,5.2,44.6,47.4,63.0,Bg352,7.82
0,Nuwara Eliya,1,19.9,79.6,211.1,4.3,71.4,45.7,51.3,Bw367,5.8
0,Nuwara Eliya,1,19.4,88.7,216.4,5.7,48.4,19.7,46.1,Bw367,5.8
0,Kandy,1,27.9,76.6,147.2,7.3,26.2,25.7,44.7,Bw367,5.1
0,Galle,1,28.5,77.8,217.0,7.1,33.1,30.5,42.7,Bw367,5.8
0,Trincomalee,0,34.1,66.6,58.2,9.7,66.3,21.4,51.3,Bg300,5.06
1,Hambantota,0,28.7,72.8,115.5,7.5,41.4,55.0,26.2,Bg352,7.14
0,Galle,1,30.6,81.3,237.4,6.3,49.5,44.5,50.1,Bw367,5.8
0,Polonnaruwa,0,32.1,58.7,60.0,8.0,65.9,34.6,58.7,Bg300,6.05
0,Polonnaruwa,0,34.2,67.3,30.3,8.1,33.8,46.8,60.5,At362,5.7
1,Trincomalee,0,27.3,80.9,229.1,6.1,44.8,39.8,28.4,Bg352,7.14
0,Anuradhapura,0,31.7,67.4,57.5,8.2,46.6,31.8,35.3,Bg300,5.5
1,Matale,1,24.9,83.5,185.0,5.2,78.5,38.7,49.3,Bw367,6.67
0,Polonnaruwa,0,33.5,59.9,54.6,8.2,56.1,33.6,54.9,Bg300,5.06
1,Trincomalee,0,26.9,80.7,224.1,6.2,75.4,22.4,40.0,Bg366,7.35
1,Kandy,1,24.5,86.6,232.4,5.8,57.6,32.5,38.6,Bw367,6.09
0,Kalutara,1,28.4,80.5,285.7,5.7,58.2,39.6,44.3,Ld368,5.6
1,Kurunegala,0,28.2,77.3,168.1,6.8,54.5,42.0,62.8,Bg352,7.82
0,Galle,1,29.6,76.2,218.9,6.9,71.5,27.3,59.8,Bw367,6.38
0,Kalutara,1,27.6,79.0,296.9,5.7,40.4,35.1,54.0,Ld368,5.6
1,Kegalle,1,25.7,86.9,301.2,5.6,39.4,47.3,52.7,Ld368,5.88
1,Nuwara Eliya,1,16.1,89.1,269.2,4.3,58.9,40.6,38.5,Ld368,5.32
1,Matale,1,25.3,85.6,208.8,5.5,79.2,25.7,41.4,Bw367,6.09
1,Nuwara Eliya,1,16.1,93.6,267.7,4.6,47.6,22.1,34.6,Ld368,4.65
0,Polonnaruwa,0,32.3,61.2,34.0,8.5,51.5,37.7,38.9,At362,6.2
0,Hambantota,0,32.8,68.9,48.8,7.8,55.6,54.9,26.7,Bg300,5.5
1,Kalutara,1,26.9,85.5,311.7,5.0,66.0,24.3,59.6,Ld368,5.88
0,Galle,1,30.1,75.2,226.2,6.6,49.9,17.9,56.6,Bw367,5.8
1,Colombo,1,28.3,85.0,241.9,6.4,66.4,29.2,57.4,Bw367,6.67
0,Polonnaruwa,0,33.2,65.5,41.4,8.5,45.3,52.7,62.2,At362,6.32
1,Hambantota,0,29.7,71.0,112.0,7.1,75.3,54.3,41.6,Bg352,7.82
1,Kegalle,1,25.2,86.7,302.7,5.7,78.9,44.8,26.4,Ld368,6.44
0,Kandy,1,27.6,81.6,149.2,5.7,20.6,31.7,31.2,Bw367,5.1
1,Monaragala,0,28.4,76.8,181.7,5.9,37.9,50.6,56.6,Bg352,7.14
0,Kurunegala,0,32.1,74.4,121.5,7.4,61.1,60.0,54.0,Bg300,6.05
0,Matale,1,27.8,70.0,118.5,7.5,51.5,55.0,36.5,Bw367,5.8
0,Badulla,1,25.0,72.6,103.6,7.5,69.8,54.0,34.3,Bw367,6.38
1,Ratnapura,1,25.3,85.1,331.1,5.0,39.1,32.2,36.5,Ld368,5.88
0,Nuwara Eliya,1,18.9,88.9,196.6,4.8,46.5,35.1,37.6,Bw367,5.22
0,Nuwara Eliya,1,20.3,87.1,220.5,5.1,65.4,27.1,40.9,Bw367,5.8
0,Anuradhapura,0,32.4,62.9,63.8,8.2,25.4,41.1,27.3,Bg300,4.84
1,Galle,1,26.2,84.6,248.0,6.1,70.7,32.1,38.3,Bw367,6.09
1,Monaragala,0,26.5,75.1,178.9,6.0,37.2,29.4,62.3,Bg352,7.14
0,Kurunegala,0,31.9,75.0,123.0,7.9,61.1,29.4,27.4,Bg300,5.5
1,Nuwara Eliya,1,16.0,89.1,292.9,3.3,58.1,51.7,61.2,Ld368,5.88
1,Ratnapura,1,26.2,85.6,334.0,5.5,39.2,19.8,28.4,Ld368,5.21
1,Matale,1,24.6,82.2,198.5,5.7,33.9,24.1,62.3,Bw367,6.09
0,Badulla,1,26.8,71.2,104.8,7.2,35.1,51.4,50.4,Bw367,5.8
0,Nuwara Eliya,1,18.1,86.2,204.4,4.7,28.4,25.6,42.1,Bw367,4.52
1,Polonnaruwa,0,26.9,79.8,185.4,5.8,68.7,21.2,25.4,Bg366,7.35
0,Nuwara Eliya,1,19.1,87.5,195.1,5.7,25.8,48.7,44.3,Bw367,5.8
0,Galle,1,29.5,79.8,240.0,7.2,46.6,19.5,29.6,Bw367,5.1
1,Kandy,1,24.9,87.6,228.0,5.0,45.1,47.0,40.1,Bw367,6.09
0,Matara,1,28.5,83.3,224.5,6.8,61.5,41.9,46.2,Bw367,5.8
0,Ampara,0,34.1,67.7,40.2,9.2,68.3,42.0,51.2,At362,6.32
1,Hambantota,0,27.8,77.2,130.9,7.0,58.1,26.4,27.1,Bg352,7.14
0,Badulla,1,24.6,76.7,106.5,7.4,36.8,38.7,46.5,Bw367,5.8
1,Kegalle,1,24.7,84.9,311.5,4.5,69.1,53.9,56.6,Ld368,5.88
1,Badulla,1,23.7,79.9,189.0,6.1,65.3,31.5,36.7,Bw367,6.09
0,Galle,1,29.6,79.0,243.6,7.0,36.4,20.1,58.7,Bw367,5.8
0,Anuradhapura,0,33.0,64.7,41.0,8.7,23.3,36.5,46.9,At362,6.2
0,Galle,1,30.2,83.3,238.1,6.1,30.7,36.5,62.4,Bw367,5.8
0,Colombo,1,31.5,75.0,197.9,7.2,28.7,16.2,62.9,Bw367,5.8
0,Ratnapura,1,27.7,79.8,292.9,6.1,56.7,51.5,38.8,Ld368,5.6
0,Ratnapura,1,27.1,80.9,289.9,6.4,39.3,30.1,46.3,Ld368,5.6
0,Monaragala,0,31.2,65.1,57.5,8.5,35.4,27.7,45.2,Bg300,5.5
0,Kegalle,1,30.0,77.7,281.8,5.9,60.7,27.4,59.4,Ld368,5.6
1,Kalutara,1,26.2,83.8,317.0,5.2,30.2,15.4,57.4,Ld368,5.21
1,Hambantota,0,28.9,74.5,130.9,7.5,84.8,26.1,59.5,Bg352,7.82
0,Matara,1,29.5,80.5,209.5,7.7,41.1,44.2,25.8,Bw367,5.8
0,Anuradhapura,0,32.5,68.8,50.8,9.2,46.6,39.6,29.8,Bg300,5.5
1,Anuradhapura,0,27.2,82.0,192.3,6.7,58.6,47.1,56.1,Bg366,8.05
0,Ratnapura,1,28.0,82.9,272.3,6.7,48.7,15.5,25.8,Ld368,4.93
0,Colombo,1,29.7,80.1,186.7,7.9,68.1,37.8,25.4,Bw367,5.8
0,Ratnapura,1,28.5,85.5,265.6,6.2,54.0,27.4,28.4,Ld368,5.6
1,Matale,1,26.3,82.5,186.3,5.2,47.6,48.5,51.2,Bw367,6.09
0,Trincomalee,0,35.4,60.2,69.9,9.7,30.5,32.5,44.4,Bg300,5.06
1,Matale,1,25.6,87.7,206.7,5.0,35.8,42.5,31.3,Bw367,6.09
1,Monaragala,0,27.2,78.3,155.3,6.3,36.2,50.9,44.7,Bg352,7.14
1,Anuradhapura,0,26.7,77.8,170.2,6.4,80.1,42.2,46.1,Bg366,8.05
0,Nuwara Eliya,1,20.1,85.3,215.1,4.4,72.0,20.3,56.0,Bw367,5.22
1,Polonnaruwa,0,27.9,81.3,206.7,5.8,34.2,32.2,51.2,Bg352,7.14
1,Polonnaruwa,0,27.8,80.1,189.6,6.2,45.8,49.5,27.8,Bg352,7.14
1,Matale,1,24.2,86.6,198.7,5.1,43.3,34.3,60.5,Bw367,6.09
1,Kalutara,1,27.0,87.6,306.9,4.7,84.0,20.4,37.6,Ld368,5.32
1,Hambantota,0,28.4,74.7,110.3,6.2,44.0,56.6,29.5,Bg352,7.14
0,Anuradhapura,0,33.4,68.9,42.9,8.1,45.6,30.6,54.4,At362,5.7
1,Ratnapura,1,26.9,84.8,332.5,4.5,57.0,32.5,55.4,Ld368,5.32
1,Trincomalee,0,28.2,87.7,207.1,6.0,73.0,24.1,29.3,Bg366,7.35
1,Badulla,1,21.0,84.5,204.2,5.4,59.7,53.7,35.2,Bw367,6.09
1,Matale,1,24.3,87.5,197.7,4.7,54.3,16.8,46.8,Bw367,5.51
1,Kurunegala,0,28.1,83.6,158.0,6.7,79.8,24.8,46.3,Bg366,8.05
1,Monaragala,0,26.5,79.8,171.1,5.5,47.7,37.6,58.3,Bg352,7.14
1,Colombo,1,28.2,80.9,232.6,6.8,84.1,52.0,56.4,Bw367,6.67
1,Galle,1,28.0,84.1,244.8,6.0,34.4,16.9,42.9,Bw367,5.39
1,Ratnapura,1,25.3,93.6,324.2,4.0,53.7,50.0,37.1,Ld368,5.32
0,Kalutara,1,30.5,84.6,276.5,5.6,68.5,36.1,58.0,Ld368,6.16
1,Badulla,1,21.9,88.5,200.3,5.9,34.3,19.2,44.7,Bw367,5.39
1,Nuwara Eliya,1,16.7,91.5,275.5,4.7,74.1,40.2,36.7,Ld368,5.88
0,Badulla,1,24.6,80.1,120.0,6.7,63.4,16.2,63.7,Bw367,5.8
0,Ratnapura,1,27.9,82.6,267.0,6.8,22.2,41.2,42.7,Ld368,5.6
1,Matale,1,24.7,84.1,197.1,5.0,74.7,44.7,51.5,Bw367,6.67
1,Matara,1,27.4,84.5,230.7,5.1,34.4,54.7,56.3,Bw367,6.09
0,Hambantota,0,30.6,74.6,29.3,8.2,65.6,34.0,42.0,At362,6.2
1,Galle,1,25.9,86.2,255.3,6.0,60.6,40.8,25.5,Ld368,5.88
1,Kegalle,1,27.5,82.8,305.4,4.6,69.4,43.2,34.4,Ld368,5.32
1,Anuradhapura,0,28.1,81.5,179.4,5.8,57.1,43.2,32.6,Bg366,7.35
0,Kegalle,1,29.3,83.3,258.0,6.5,26.7,18.1,46.1,Ld368,4.93
0,Kalutara,1,29.6,84.8,290.1,6.6,66.3,38.2,49.8,Ld368,6.16
1,Anuradhapura,0,29.4,75.9,177.7,6.2,31.4,52.4,46.5,Bg352,7.14
1,Galle,1,26.0,89.0,255.6,5.2,33.6,42.6,47.9,Ld368,5.88
0,Monaragala,0,31.2,69.7,79.1,7.5,52.8,37.0,42.9,Bg300,5.5
0,Matara,1,30.8,78.9,221.3,6.7,30.0,18.4,53.6,Bw367,5.1
0,Kandy,1,28.1,76.9,147.5,6.5,40.2,19.0,37.4,Bw367,5.1
1,Ratnapura,1,26.3,86.9,318.8,4.3,41.6,15.9,60.9,Ld368,5.32
0,Monaragala,0,31.2,65.8,53.8,8.2,24.1,25.4,50.8,Bg300,4.84
0,Kegalle,1,29.8,84.6,260.0,6.8,30.7,50.7,43.3,Ld368,5.6
1,Ampara,0,27.4,77.9,203.7,6.3,82.8,32.8,64.9,Bg366,8.05
0,Colombo,1,31.7,75.7,196.2,7.0,66.0,41.0,49.6,Bw367,6.38
0,Anuradhapura,0,33.5,60.4,61.1,8.5,41.9,39.9,51.7,Bg300,5.06
0,Nuwara Eliya,1,20.1,83.5,205.3,4.4,44.2,34.9,41.1,Bw367,5.22
1,Anuradhapura,0,27.8,82.6,183.0,6.5,36.0,35.9,38.5,Bg352,7.14
0,Trincomalee,0,35.1,59.1,60.1,9.0,65.8,25.0,30.2,Bg300,5.06
1,Polonnaruwa,0,28.8,79.1,189.8,6.0,81.2,53.5,64.8,Bg366,8.05
1,Nuwara Eliya,1,16.2,92.8,274.7,4.4,66.2,53.4,62.2,Ld368,5.88
1,Kurunegala,0,27.3,82.5,164.2,5.8,34.7,24.8,34.0,Bg352,6.32
0,Galle,1,30.5,82.0,238.7,6.6,42.3,30.7,32.7,Bw367,5.8
0,Polonnaruwa,0,33.3,67.9,35.0,8.1,62.9,30.1,58.2,At362,6.32
0,Kurunegala,0,32.3,71.1,114.9,7.4,54.7,38.0,32.5,Bg300,5.5
1,Kalutara,1,26.6,91.1,317.1,5.3,36.2,43.8,45.0,Ld368,5.88
0,Matara,1,31.1,74.6,229.6,6.3,40.2,36.7,30.9,Bw367,5.8
1,Nuwara Eliya,1,14.0,86.7,282.4,4.3,80.4,43.2,51.9,Ld368,5.88
0,Matale,1,27.9,75.3,125.3,6.9,60.2,35.9,28.0,Bw367,5.8
0,Ampara,0,34.2,66.2,61.8,8.0,74.5,28.4,25.5,Bg300,5.06
0,Monaragala,0,32.5,64.8,67.4,8.6,37.6,46.8,32.5,Bg300,5.5
0,Kegalle,1,28.3,79.1,264.4,5.8,69.6,30.9,34.8,Ld368,5.6
1,Kegalle,1,26.7,91.7,298.1,5.7,61.1,21.3,52.6,Ld368,5.88
0,Matara,1,29.6,83.0,227.5,7.0,53.2,28.0,64.3,Bw367,5.8
0,Colombo,1,29.1,75.3,203.7,6.5,21.3,33.0,38.3,Bw367,5.1
0,Polonnaruwa,0,32.3,59.6,50.7,8.8,31.0,32.8,48.7,Bg300,5.5
0,Galle,1,30.4,83.1,220.7,6.2,59.7,21.3,59.0,Bw367,5.8
0,Monaragala,0,32.0,66.6,58.3,8.2,58.1,54.8,38.7,Bg300,6.05
1,Kalutara,1,26.7,91.8,310.8,5.0,61.8,45.0,63.6,Ld368,6.44
0,Kalutara,1,27.7,87.4,290.9,6.4,46.5,18.7,55.7,Ld368,5.6
0,Galle,1,28.9,78.1,240.1,6.1,68.5,25.3,48.7,Bw367,5.8
0,Ratnapura,1,29.0,83.1,285.7,5.8,35.2,54.9,55.0,Ld368,5.6
1,Colombo,1,26.4,77.3,241.6,6.4,59.6,48.6,26.3,Bw367,6.09
0,Colombo,1,29.7,76.5,187.2,7.9,32.3,51.9,42.0,Bw367,5.8
0,Kalutara,1,29.2,87.3,275.2,6.6,69.7,20.6,28.8,Ld368,5.6
0,Galle,1,30.8,80.4,230.8,6.2,20.0,47.4,28.5,Bw367,5.1
0,Ampara,0,34.4,61.1,55.0,7.9,53.2,26.6,54.4,Bg300,5.06
1,Matale,1,24.5,85.4,194.1,5.8,38.7,42.5,30.1,Bw367,6.09
0,Ampara,0,33.4,65.7,63.8,8.8,50.8,20.6,28.2,Bg300,4.4
0,Kalutara,1,30.3,86.7,304.5,6.2,63.3,48.6,50.9,Ld368,6.16
0,Anuradhapura,0,32.0,63.3,35.8,8.2,64.2,55.9,45.7,At362,6.82
1,Polonnaruwa,0,26.1,83.8,180.4,6.5,56.9,33.7,62.0,Bg366,8.05
0,Anuradhapura,0,32.6,62.2,47.9,8.7,60.0,20.0,62.5,Bg300,5.5
0,Matara,1,29.1,74.4,208.7,7.8,37.3,19.6,29.3,Bw367,5.1
0,Matara,1,28.4,76.2,206.7,6.4,43.7,24.2,45.6,Bw367,5.8
0,Polonnaruwa,0,33.5,58.7,48.9,9.5,49.8,48.6,47.3,Bg300,5.06
1,Kurunegala,0,28.3,78.8,158.1,6.0,52.3,25.0,57.5,Bg352,7.14
0,Ampara,0,32.2,63.6,53.2,8.9,41.1,54.8,47.7,Bg300,5.5
0,Kalutara,1,27.9,84.8,300.3,5.8,67.7,16.3,61.5,Ld368,5.6
1,Matale,1,25.9,80.5,210.1,5.5,37.4,37.8,41.3,Bw367,6.09
0,Kandy,1,28.6,77.1,143.7,5.7,51.6,31.1,40.0,Bw367,5.8
1,Matara,1,27.0,88.8,233.9,6.0,72.7,45.0,38.2,Bw367,6.67
1,Badulla,1,23.6,79.2,188.1,5.1,51.4,31.6,54.9,Bw367,6.09
1,Badulla,1,23.7,80.0,199.7,5.0,51.7,27.7,41.0,Bw367,6.09
0,Kegalle,1,28.8,85.0,268.2,6.3,66.7,43.2,44.6,Ld368,6.16
0,Ratnapura,1,29.7,84.8,271.6,5.6,64.2,16.8,64.7,Ld368,5.6
0,Kegalle,1,29.7,77.9,279.2,6.6,60.3,32.3,52.2,Ld368,5.6
1,Badulla,1,23.3,83.5,189.2,5.7,35.9,32.4,63.9,Bw367,6.09
1,Badulla,1,22.9,80.1,193.9,4.9,35.2,44.1,38.0,Bw367,5.51
1,Ratnapura,1,25.6,85.1,315.5,5.6,78.9,16.9,47.5,Ld368,5.88
0,Matale,1,28.0,73.8,109.2,7.2,60.1,52.3,36.2,Bw367,5.8
0,Hambantota,0,30.2,71.0,26.7,8.8,49.1,46.8,58.3,At362,6.82
1,Galle,1,27.8,85.9,242.8,6.4,79.4,20.1,26.0,Bw367,6.09
0,Monaragala,0,30.8,65.6,50.6,7.3,70.3,34.1,41.4,Bg300,5.5
1,Matale,1,24.8,86.0,203.5,5.9,54.6,27.4,44.3,Bw367,6.09
0,Kalutara,1,30.0,81.0,294.8,5.6,57.8,51.5,49.3,Ld368,6.16
1,Matale,1,24.8,80.1,198.7,6.2,35.7,43.8,52.5,Bw367,6.09
1,Badulla,1,21.3,83.0,176.9,6.0,35.1,42.0,27.3,Bw367,5.39
1,Colombo,1,28.8,81.0,240.7,5.8,46.5,47.1,35.9,Bw367,6.09
0,Matara,1,28.9,76.5,215.1,7.1,45.0,44.8,33.5,Bw367,5.8
0,Kandy,1,28.4,76.5,154.3,6.1,26.0,46.8,29.0,Bw367,5.1
1,Ratnapura,1,25.3,93.7,334.4,4.4,32.3,43.2,43.0,Ld368,5.32
0,Monaragala,0,31.3,67.7,71.3,7.9,26.2,48.2,61.5,Bg300,5.5
1,Kalutara,1,26.2,86.4,302.0,5.0,60.4,40.3,35.3,Ld368,5.88
0,Ratnapura,1,29.8,80.5,265.3,5.6,65.1,23.4,34.6,Ld368,5.6
1,Galle,1,27.6,80.7,244.9,5.3,60.5,44.2,46.3,Bw367,6.67
0,Nuwara Eliya,1,20.4,82.6,218.3,5.4,69.1,32.9,46.2,Bw367,5.8
1,Ampara,0,26.6,79.4,206.2,5.1,60.9,25.4,37.8,Bg366,7.35
1,Kurunegala,0,26.7,84.5,148.4,5.8,74.4,50.5,40.4,Bg352,7.82
1,Galle,1,28.2,89.6,247.8,5.1,64.5,42.4,30.0,Bw367,6.09
1,Galle,1,27.5,84.1,243.4,6.0,43.3,21.9,46.2,Bw367,6.09
0,Galle,1,30.0,77.8,215.0,6.2,71.3,49.7,34.3,Bw367,6.38
1,Matale,1,25.8,87.7,196.2,5.8,33.5,30.8,63.6,Bw367,6.09
1,Nuwara Eliya,1,14.4,92.0,284.3,3.8,82.3,15.9,37.1,Ld368,5.32
0,Ratnapura,1,27.7,85.7,270.9,6.6,25.8,43.3,45.0,Ld368,5.6
1,Polonnaruwa,0,26.4,81.8,197.2,5.8,57.0,48.9,62.5,Bg366,8.05
1,Trincomalee,0,25.7,85.9,218.1,4.9,74.9,52.1,44.5,Bg366,7.35
0,Ampara,0,32.4,66.3,36.2,8.0,20.4,26.1,27.8,At362,5.46
1,Nuwara Eliya,1,17.0,90.2,271.1,3.7,48.2,15.8,30.4,Ld368,4.65
1,Monaragala,0,26.9,78.8,164.5,6.3,45.9,43.1,27.6,Bg352,7.14
0,Ampara,0,32.9,68.4,46.3,8.9,34.0,25.1,27.3,Bg300,4.84
0,Polonnaruwa,0,32.0,59.7,52.8,8.0,50.7,35.2,45.3,Bg300,5.5
0,Kegalle,1,28.2,80.0,277.0,6.9,30.6,18.9,60.9,Ld368,5.6
1,Anuradhapura,0,28.2,76.6,168.8,6.1,58.9,28.1,43.1,Bg366,7.35
1,Monaragala,0,28.2,76.5,176.3,6.3,31.3,36.5,38.3,Bg352,7.14
0,Monaragala,0,31.1,68.9,77.4,8.5,70.7,59.1,25.4,Bg300,6.05
0,Hambantota,0,33.0,66.0,30.4,7.6,38.0,28.4,44.9,At362,6.2
1,Matara,1,25.8,82.2,242.9,6.0,56.4,47.6,27.5,Bw367,6.09
0,Colombo,1,29.2,77.9,200.6,7.6,48.0,31.9,40.9,Bw367,5.8
1,Anuradhapura,0,27.5,82.8,191.2,5.7,62.3,53.9,42.7,Bg366,8.05
0,Nuwara Eliya,1,20.2,83.5,208.1,5.5,25.1,35.8,58.5,Bw367,5.8
0,Kurunegala,0,31.4,67.3,119.9,8.0,34.2,48.3,33.6,Bg300,5.5
0,Matara,1,28.9,75.8,215.1,6.9,48.0,34.1,35.8,Bw367,5.8
1,Kalutara,1,26.8,87.0,304.0,5.6,71.1,49.3,44.8,Ld368,6.44
0,Trincomalee,0,34.6,59.1,53.2,8.2,65.4,25.0,61.1,Bg300,5.61
1,Hambantota,0,28.4,77.4,123.6,7.3,53.7,51.4,43.5,Bg352,7.14
1,Kandy,1,24.5,84.6,228.6,5.7,60.5,22.2,43.7,Bw367,6.09
0,Anuradhapura,0,31.1,67.3,61.2,7.9,44.0,58.5,58.4,Bg300,6.05
1,Nuwara Eliya,1,16.3,93.3,275.4,4.6,55.9,36.1,65.0,Ld368,5.88
1,Kegalle,1,24.5,88.3,306.1,5.3,83.2,49.5,43.0,Ld368,6.44
0,Anuradhapura,0,32.3,64.0,57.3,8.6,41.3,26.8,34.1,Bg300,4.84
0,Kurunegala,0,30.8,72.1,100.1,7.8,66.9,30.3,44.7,Bg300,5.5
1,Matara,1,26.7,85.0,227.7,6.0,34.9,53.4,53.6,Bw367,6.09
1,Matale,1,26.1,83.9,198.5,6.1,82.6,35.0,62.3,Bw367,6.67
0,Kalutara,1,29.1,82.5,281.3,5.4,33.3,35.4,40.2,Ld368,5.6
1,Anuradhapura,0,29.4,76.5,178.6,5.4,32.6,51.0,47.8,Bg352,7.14
0,Kegalle,1,27.7,82.7,262.6,5.9,20.6,20.2,37.4,Ld368,4.93
0,Monaragala,0,31.4,64.3,56.0,8.1,23.5,54.5,63.5,Bg300,5.5
0,Colombo,1,30.4,72.2,204.2,7.1,34.9,23.3,51.2,Bw367,5.8
0,Nuwara Eliya,1,19.3,81.6,224.5,4.7,33.3,26.1,60.9,Bw367,5.22
0,Badulla,1,26.7,80.2,122.4,7.4,30.9,48.7,33.2,Bw367,5.8
0,Kalutara,1,29.8,83.3,294.2,6.9,25.6,27.4,49.5,Ld368,4.93
0,Ampara,0,32.4,61.8,48.3,8.1,68.0,48.2,28.4,Bg300,5.5
1,Anuradhapura,0,28.5,82.6,165.1,5.6,81.0,57.3,53.8,Bg366,8.05
0,Matara,1,28.6,79.1,211.9,6.5,64.6,20.4,43.7,Bw367,5.8
1,Anuradhapura,0,27.5,77.3,169.2,5.2,77.8,42.2,49.3,Bg366,8.05
1,Kegalle,1,26.5,88.9,308.6,4.5,49.8,53.7,61.9,Ld368,5.88
1,Galle,1,28.1,80.5,239.5,5.5,56.6,25.5,39.3,Bw367,6.09
0,Kalutara,1,29.0,85.9,294.8,5.6,46.8,42.9,46.2,Ld368,5.6
0,Kandy,1,28.7,73.2,151.7,7.0,49.8,28.0,30.5,Bw367,5.8
0,Hambantota,0,31.4,73.8,42.6,8.5,64.2,46.4,40.9,At362,6.82
1,Ampara,0,28.3,80.7,206.6,4.9,80.3,23.6,50.9,Bg366,7.35
1,Ratnapura,1,27.3,89.6,315.7,4.5,44.1,41.6,41.8,Ld368,5.32
0,Matale,1,29.6,77.9,113.8,6.3,46.8,27.6,33.1,Bw367,5.8
0,Kegalle,1,28.5,79.9,263.1,6.9,23.8,42.1,31.9,Ld368,4.93
0,Monaragala,0,30.7,65.7,73.1,8.6,32.2,38.5,43.8,Bg300,5.5
0,Polonnaruwa,0,33.9,63.4,39.3,8.2,60.5,44.1,51.2,At362,6.32
0,Kalutara,1,30.3,78.7,286.0,6.0,20.1,34.9,55.1,Ld368,5.6
1,Nuwara Eliya,1,15.4,89.1,285.6,3.6,65.2,50.1,41.7,Ld368,5.88
1,Anuradhapura,0,26.8,75.3,193.5,6.7,35.4,20.6,31.4,Bg352,6.32
1,Anuradhapura,0,27.0,78.0,190.5,5.2,63.2,31.1,59.5,Bg366,8.05
1,Trincomalee,0,27.6,85.7,211.6,4.7,52.5,31.6,57.4,Bg352,6.46
0,Kurunegala,0,30.9,73.1,113.1,8.0,43.4,31.0,35.6,Bg300,5.5
1,Badulla,1,21.9,88.3,192.7,5.4,65.8,45.7,63.4,Bw367,6.67
1,Matara,1,26.0,83.4,239.4,6.4,51.7,53.1,44.4,Bw367,6.09
0,Ampara,0,31.8,64.0,51.6,8.7,58.9,27.1,35.1,Bg300,5.5
0,Colombo,1,31.8,73.4,199.9,6.7,23.3,28.0,30.7,Bw367,5.1
1,Badulla,1,22.2,88.0,205.0,6.3,78.5,30.8,52.5,Bw367,6.67
1,Hambantota,0,27.3,72.2,110.6,6.7,66.2,30.6,25.5,Bg352,7.14
1,Nuwara Eliya,1,15.8,94.6,282.7,4.0,61.5,52.1,58.1,Ld368,5.88
0,Ampara,0,33.6,66.5,62.2,9.2,57.1,28.6,50.5,Bg300,5.06
1,Matara,1,27.9,87.3,247.3,6.4,33.5,16.3,35.3,Bw367,5.39
0,Kegalle,1,29.8,83.8,276.0,6.7,71.8,48.3,49.9,Ld368,6.16
1,Badulla,1,21.6,85.6,187.7,4.9,74.4,35.4,64.1,Bw367,6.09
0,Matale,1,28.9,74.5,108.6,6.9,35.8,21.4,36.3,Bw367,5.1
1,Ratnapura,1,26.5,84.3,323.5,5.2,56.4,52.3,53.3,Ld368,6.44
0,Matara,1,28.9,81.8,230.0,6.8,31.7,30.4,54.6,Bw367,5.8
0,Kegalle,1,27.4,83.7,270.7,6.9,29.0,47.2,56.7,Ld368,5.6
0,Kalutara,1,28.7,79.7,282.6,5.8,50.6,31.5,62.9,Ld368,5.6
1,Kegalle,1,24.8,84.8,308.1,4.9,74.7,27.8,31.5,Ld368,5.32
1,Ratnapura,1,24.3,85.2,310.5,4.2,48.8,53.6,45.4,Ld368,5.32
1,Kegalle,1,24.9,87.1,288.8,5.1,72.0,25.3,44.2,Ld368,5.88
1,Colombo,1,28.8,81.1,248.0,5.3,36.8,23.1,41.1,Bw367,5.39
1,Colombo,1,28.2,79.9,227.6,6.4,47.3,33.4,34.5,Bw367,6.09
1,Ampara,0,28.8,84.0,199.1,5.4,51.2,41.4,58.7,Bg352,7.82
1,Matara,1,27.9,84.1,253.3,5.1,57.7,38.4,61.8,Ld368,6.44
0,Badulla,1,26.2,79.5,102.3,7.6,21.0,44.3,62.3,Bw367,5.8
0,Nuwara Eliya,1,19.1,84.0,199.3,5.7,44.2,54.8,41.8,Bw367,5.8
0,Colombo,1,30.4,74.4,210.1,7.7,65.3,43.9,58.3,Bw367,6.38
0,Kandy,1,27.4,79.9,154.1,6.8,32.3,18.9,61.7,Bw367,5.8
0,Galle,1,30.4,84.1,220.1,7.3,71.3,52.5,61.6,Bw367,6.38
1,Ratnapura,1,25.4,84.1,306.8,4.7,52.0,22.4,40.8,Ld368,5.32
0,Matara,1,30.1,79.0,206.6,7.7,49.0,28.0,31.3,Bw367,5.8
1,Hambantota,0,28.1,75.3,131.2,7.1,36.1,25.9,42.1,Bg352,6.32
1,Kandy,1,25.6,82.2,207.5,5.2,58.3,48.2,42.8,Bw367,6.09
1,Matara,1,28.3,87.4,244.6,5.8,69.7,15.2,48.7,Bw367,6.09
1,Galle,1,26.8,87.3,238.2,5.1,38.1,46.9,27.5,Bw367,6.09
1,Kandy,1,24.1,87.6,233.9,4.6,47.3,47.4,35.6,Bw367,5.51
0,Monaragala,0,33.5,68.6,58.3,7.8,29.4,50.5,55.9,Bg300,5.06
1,Hambantota,0,28.9,78.5,123.3,7.4,44.6,40.8,43.0,Bg352,7.14
0,Badulla,1,26.1,72.9,107.8,7.1,57.3,39.3,40.8,Bw367,5.8
0,Anuradhapura,0,33.1,66.5,55.6,8.3,34.4,50.4,55.9,Bg300,5.06
0,Nuwara Eliya,1,19.3,82.7,216.1,5.5,57.9,35.5,43.3,Bw367,5.8
0,Hambantota,0,31.9,66.0,53.6,8.7,40.6,42.5,26.9,Bg300,5.5
1,Ratnapura,1,26.5,88.4,323.9,4.5,46.6,38.1,44.9,Ld368,5.32
1,Anuradhapura,0,29.3,77.6,184.8,6.7,35.0,50.8,49.7,Bg352,7.14
0,Colombo,1,31.0,74.7,211.1,7.2,36.8,35.7,40.3,Bw367,5.8
1,Hambantota,0,27.3,80.0,117.8,6.6,69.1,34.6,58.3,Bg352,7.82
0,Nuwara Eliya,1,18.7,84.8,216.1,5.2,74.2,20.5,42.2,Bw367,5.8
1,Polonnaruwa,0,27.4,75.3,191.9,5.9,82.4,40.7,57.8,Bg366,8.05
1,Galle,1,28.0,90.0,243.8,5.4,81.8,43.4,36.8,Bw367,6.67
0,Kurunegala,0,32.3,75.1,117.3,7.9,29.8,53.0,36.0,Bg300,5.5
0,Matara,1,29.4,82.6,213.0,7.0,25.9,41.4,58.4,Bw367,5.8
1,Polonnaruwa,0,27.6,75.5,208.0,6.1,71.0,51.8,54.9,Bg366,8.05
1,Ratnapura,1,26.5,90.3,330.6,5.3,32.3,30.2,26.4,Ld368,5.21
1,Nuwara Eliya,1,16.6,86.2,278.5,4.7,74.8,35.8,55.9,Ld368,5.88
1,Ampara,0,26.4,78.2,200.7,5.3,81.2,52.0,42.3,Bg366,8.05
1,Kalutara,1,27.8,88.3,311.2,4.9,47.9,34.0,49.1,Ld368,5.32
0,Kandy,1,28.6,81.9,149.0,6.8,69.2,30.7,63.5,Bw367,6.38
1,Nuwara Eliya,1,15.8,92.1,293.5,3.6,71.0,35.8,35.7,Ld368,5.32
1,Colombo,1,28.0,83.6,234.7,6.0,64.0,31.2,32.9,Bw367,6.09
1,Monaragala,0,27.8,82.3,167.3,5.8,52.4,36.4,46.8,Bg352,7.14
1,Badulla,1,22.5,80.3,189.9,5.0,36.9,52.3,49.2,Bw367,6.09
1,Badulla,1,22.2,88.1,194.1,5.9,50.3,53.4,57.8,Bw367,6.67
0,Badulla,1,25.0,73.7,103.6,6.6,67.0,16.3,28.0,Bw367,5.8
1,Monaragala,0,26.9,77.3,178.9,6.1,30.3,37.2,41.3,Bg352,7.14
1,Badulla,1,23.1,86.2,196.9,4.7,82.5,47.6,61.2,Bw367,6.09
0,Hambantota,0,32.8,73.1,50.1,7.5,60.6,58.4,52.1,Bg300,6.05
1,Anuradhapura,0,29.3,77.4,183.0,6.0,81.3,23.0,45.0,Bg366,7.35
1,Kurunegala,0,26.2,82.5,168.9,5.4,64.7,43.9,37.7,Bg366,7.35
0,Kurunegala,0,30.2,74.9,114.0,7.6,41.6,31.7,57.9,Bg300,5.5
0,Galle,1,29.5,80.2,228.5,6.4,26.6,18.9,55.3,Bw367,5.1
0,Kegalle,1,29.5,80.7,255.6,5.7,47.3,42.6,38.4,Ld368,5.6
1,Kalutara,1,27.1,90.0,309.8,5.7,56.9,33.0,33.0,Ld368,5.88
1,Kandy,1,24.9,82.5,214.1,5.6,48.0,24.7,31.8,Bw367,5.39
1,Kandy,1,23.8,87.7,218.0,4.9,39.8,45.6,56.5,Bw367,5.51
0,Kegalle,1,30.2,80.2,261.6,6.6,61.7,24.0,28.1,Ld368,5.6
1,Matale,1,24.9,83.4,185.7,4.8,53.0,52.7,53.9,Bw367,6.09
1,Kegalle,1,27.0,88.4,303.3,5.0,64.5,46.8,63.8,Ld368,6.44
0,Anuradhapura,0,32.3,66.7,53.9,7.7,49.8,23.5,26.1,Bg300,4.84
0,Anuradhapura,0,31.8,63.4,36.9,8.0,62.1,39.7,60.2,At362,6.82
0,Trincomalee,0,33.3,60.5,61.4,9.0,69.7,44.1,44.7,Bg300,5.61
1,Badulla,1,22.9,86.3,181.3,6.1,63.9,32.1,32.3,Bw367,6.09
1,Badulla,1,23.3,81.1,185.1,6.0,68.3,45.6,42.6,Bw367,6.67
0,Monaragala,0,32.7,64.7,67.7,8.3,38.9,47.8,60.4,Bg300,5.5
1,Matale,1,25.1,80.5,203.1,6.1,47.9,30.8,41.3,Bw367,6.09
1,Galle,1,26.2,88.2,243.9,5.9,58.2,38.4,32.2,Bw367,6.09
1,Badulla,1,22.6,87.3,187.6,5.0,45.7,35.2,46.3,Bw367,6.09
0,Colombo,1,31.4,77.8,208.4,6.7,22.8,49.9,28.0,Bw367,5.1
0,Matara,1,30.3,83.2,206.7,6.2,29.8,54.5,53.6,Bw367,5.8
1,Trincomalee,0,25.6,87.8,229.4,5.7,48.7,22.8,48.2,Bg352,7.14
0,Trincomalee,0,34.8,62.4,43.9,8.9,41.8,27.2,58.7,At362,5.7
0,Badulla,1,25.0,75.1,102.0,7.1,30.9,35.3,31.3,Bw367,5.1
0,Badulla,1,24.8,75.7,97.1,7.2,34.5,36.1,45.7,Bw367,5.8
1,Monaragala,0,27.9,80.8,167.0,6.7,72.7,31.4,58.8,Bg366,8.05
0,Polonnaruwa,0,34.0,59.9,51.0,8.5,36.4,31.9,54.0,Bg300,5.06
1,Kegalle,1,24.5,89.2,290.1,4.5,43.1,30.2,44.0,Ld368,5.32
1,Ratnapura,1,27.2,91.2,314.7,4.5,54.7,40.0,30.9,Ld368,5.32
0,Nuwara Eliya,1,20.0,82.0,224.7,4.3,56.4,32.9,42.9,Bw367,5.22
0,Hambantota,0,32.9,74.3,52.3,8.2,39.8,38.6,52.6,Bg300,5.5
0,Anuradhapura,0,31.9,65.9,54.4,8.3,24.3,34.9,52.6,Bg300,5.5
1,Kurunegala,0,26.0,77.1,167.6,5.6,34.5,20.1,42.3,Bg352,6.32
1,Kandy,1,24.5,80.4,215.5,4.7,65.6,33.6,44.8,Bw367,5.51
0,Polonnaruwa,0,34.4,60.1,45.5,9.2,50.6,57.2,40.1,Bg300,5.06
0,Ampara,0,32.0,65.1,43.6,8.1,49.9,41.3,28.0,At362,6.2
0,Badulla,1,25.2,73.4,114.3,6.6,32.0,25.2,44.6,Bw367,5.1
0,Ratnapura,1,29.5,81.8,275.9,5.9,73.8,21.9,39.3,Ld368,5.6
0,Polonnaruwa,0,34.4,59.6,36.8,8.4,21.2,44.2,51.8,At362,5.7
0,Matale,1,27.7,70.7,111.3,6.7,63.3,21.4,26.8,Bw367,5.8
0,Monaragala,0,31.7,67.5,74.8,7.4,58.7,33.5,37.4,Bg300,5.5
0,Polonnaruwa,0,34.0,59.1,45.1,9.1,52.3,53.3,27.9,Bg300,5.06
0,Matara,1,30.3,81.1,205.3,6.9,66.4,34.6,37.5,Bw367,5.8
0,Anuradhapura,0,31.5,62.1,55.6,8.3,59.2,26.3,35.1,Bg300,5.5
1,Kurunegala,0,28.4,81.1,155.1,5.4,38.4,36.8,27.7,Bg352,6.32
1,Hambantota,0,29.3,76.6,118.4,6.4,70.0,48.3,31.1,Bg352,7.14
1,Nuwara Eliya,1,14.6,94.1,280.6,4.5,42.5,34.6,39.3,Ld368,5.32
1,Ratnapura,1,24.4,86.4,309.6,5.4,55.7,31.2,43.0,Ld368,5.88
1,Anuradhapura,0,29.1,79.9,193.2,6.4,40.5,37.7,27.9,Bg352,7.14
0,Kegalle,1,29.5,80.9,264.9,6.5,68.0,16.9,40.4,Ld368,5.6
1,Monaragala,0,26.6,81.6,163.6,5.5,81.5,20.7,42.5,Bg366,7.35
1,Kurunegala,0,26.1,83.7,147.8,6.2,38.9,36.7,58.3,Bg352,7.14
0,Trincomalee,0,33.1,59.9,44.9,8.5,32.4,40.8,47.5,At362,5.7
0,Nuwara Eliya,1,18.1,85.4,219.5,5.1,34.0,25.5,26.6,Bw367,5.1
1,Badulla,1,21.2,83.1,192.4,5.3,61.8,35.6,52.4,Bw367,6.09
1,Hambantota,0,27.4,75.1,122.6,6.8,47.9,48.9,28.0,Bg352,7.14
1,Colombo,1,26.4,86.6,238.9,5.9,44.1,15.4,36.0,Bw367,5.39
1,Kurunegala,0,27.5,80.2,168.0,5.7,79.5,40.9,29.6,Bg366,7.35
1,Anuradhapura,0,27.1,75.0,180.2,6.3,80.1,40.1,63.6,Bg366,8.05
0,Matara,1,30.9,79.0,209.2,6.5,55.6,31.9,30.9,Bw367,5.8
1,Monaragala,0,26.9,77.7,160.1,6.3,72.4,38.5,53.6,Bg366,8.05
1,Monaragala,0,26.7,84.7,179.6,5.5,40.2,25.0,30.5,Bg352,6.32
0,Kurunegala,0,30.9,74.8,117.4,7.7,57.8,20.7,37.5,Bg300,5.5
1,Kandy,1,23.1,88.5,225.5,4.8,67.8,46.7,37.3,Bw367,6.09
0,Kalutara,1,30.3,81.5,278.2,6.2,62.3,23.9,35.8,Ld368,5.6
1,Nuwara Eliya,1,17.0,87.0,282.3,4.7,38.1,53.8,62.9,Ld368,5.88
0,Polonnaruwa,0,32.1,64.3,52.8,9.6,29.9,50.6,38.6,Bg300,5.5
0,Trincomalee,0,34.0,59.6,41.0,8.8,25.9,56.2,26.7,At362,5.7
0,Kalutara,1,29.1,85.7,277.7,5.7,47.6,15.8,35.1,Ld368,4.93
1,Kalutara,1,25.0,85.6,310.4,5.1,80.9,40.8,41.6,Ld368,6.44
0,Hambantota,0,32.4,67.0,28.9,8.5,50.8,51.6,54.6,At362,6.82
0,Nuwara Eliya,1,20.5,84.3,198.4,5.5,33.9,46.1,63.3,Bw367,5.8
1,Trincomalee,0,25.6,84.0,213.2,5.6,69.7,54.5,44.0,Bg366,8.05
0,Ratnapura,1,29.9,87.8,282.2,5.8,40.0,15.5,35.0,Ld368,4.93
0,Anuradhapura,0,34.0,61.2,35.4,9.1,33.5,49.2,57.4,At362,5.7
1,Ratnapura,1,25.5,92.2,325.4,5.3,74.8,18.4,49.9,Ld368,5.88
0,Trincomalee,0,35.4,57.6,57.2,9.5,46.5,23.1,47.4,Bg300,5.06
0,Kalutara,1,28.0,86.5,290.6,6.9,64.3,42.7,25.2,Ld368,5.6
0,Colombo,1,29.6,81.1,190.2,6.9,48.4,25.5,33.4,Bw367,5.8
1,Polonnaruwa,0,26.3,75.6,191.2,6.2,60.5,36.9,47.6,Bg366,7.35
1,Monaragala,0,26.5,81.7,181.7,6.5,40.1,31.8,53.7,Bg352,7.14
1,Colombo,1,28.7,84.2,246.9,5.4,69.5,42.2,58.2,Bw367,6.67
0,Kalutara,1,27.6,81.7,279.5,6.3,70.5,30.7,58.8,Ld368,6.16
1,Kegalle,1,24.6,85.3,312.2,4.5,63.4,33.1,62.5,Ld368,5.88
0,Matara,1,29.4,83.1,214.1,7.1,21.1,35.9,50.5,Bw367,5.8
1,Kurunegala,0,26.8,87.0,170.1,6.8,75.3,24.1,34.1,Bg366,7.35
1,Ratnapura,1,25.7,90.8,331.2,5.2,81.6,17.2,25.5,Ld368,5.88
1,Kalutara,1,25.3,87.3,299.0,5.7,55.9,37.8,62.1,Ld368,6.44
1,Ratnapura,1,25.1,85.7,315.5,5.2,71.6,41.7,34.4,Ld368,5.88
1,Kalutara,1,26.7,87.8,311.5,5.0,61.1,43.6,29.4,Ld368,5.88
0,Colombo,1,30.0,77.7,209.9,7.9,61.3,48.7,43.8,Bw367,6.38
0,Polonnaruwa,0,32.7,64.2,33.7,8.9,56.6,37.6,63.1,At362,6.82
0,Kegalle,1,28.3,79.9,256.0,6.8,44.8,28.0,43.8,Ld368,5.6
1,Ampara,0,28.4,78.5,216.2,5.4,43.8,47.5,54.7,Bg352,7.14
1,Monaragala,0,28.1,79.8,181.0,5.3,65.4,50.5,55.4,Bg366,8.05
1,Galle,1,27.7,89.3,245.0,5.6,30.8,15.3,34.6,Bw367,5.39
1,Colombo,1,28.1,84.5,253.1,6.1,30.7,16.4,53.1,Ld368,5.21
0,Kalutara,1,29.2,80.0,283.1,6.2,73.7,39.7,62.4,Ld368,6.16
0,Galle,1,28.9,80.6,218.0,7.5,27.7,24.0,47.3,Bw367,5.1
0,Kandy,1,27.9,75.3,135.0,6.9,74.2,47.4,43.4,Bw367,6.38
0,Monaragala,0,31.7,68.2,64.3,7.9,62.6,41.1,37.7,Bg300,5.5
0,Kandy,1,26.4,79.5,155.4,6.9,47.7,50.8,62.5,Bw367,6.38
1,Monaragala,0,28.2,78.0,184.5,5.6,41.1,37.7,27.3,Bg352,7.14
1,Anuradhapura,0,28.3,78.6,184.7,6.0,31.8,44.5,53.6,Bg352,7.14
1,Badulla,1,21.7,80.6,186.2,6.1,75.5,30.3,48.6,Bw367,6.67
0,Badulla,1,25.2,72.7,124.2,7.2,74.0,28.5,53.1,Bw367,6.38
1,Ratnapura,1,25.9,90.8,324.0,4.7,60.6,26.4,26.0,Ld368,5.32
1,Colombo,1,26.8,78.0,243.4,5.4,71.5,15.8,35.0,Bw367,6.09
1,Trincomalee,0,27.7,79.7,229.6,5.4,76.6,44.0,52.3,Bg366,8.05
1,Trincomalee,0,26.2,85.2,218.8,4.7,30.8,24.8,51.0,Bg352,6.46
1,Trincomalee,0,26.4,88.2,231.0,5.2,33.9,55.8,60.5,Bg352,7.82
0,Hambantota,0,32.7,67.4,33.4,7.5,63.8,36.7,34.2,At362,6.2
0,Kegalle,1,30.0,85.3,271.6,6.5,46.1,30.7,61.6,Ld368,5.6
1,Badulla,1,22.2,83.5,201.2,5.4,31.2,24.1,44.0,Bw367,5.39
0,Ratnapura,1,27.2,86.6,277.8,6.2,60.0,42.2,43.8,Ld368,5.6
0,Matara,1,29.4,80.4,219.8,7.6,68.1,21.8,30.4,Bw367,5.8
0,Kegalle,1,27.4,85.9,261.8,7.0,59.5,45.5,33.1,Ld368,5.6
0,Galle,1,28.6,83.5,227.8,7.5,59.8,40.8,54.1,Bw367,6.38
1,Badulla,1,23.0,88.0,201.7,6.3,68.5,35.1,31.7,Bw367,6.09
0,Ratnapura,1,27.8,81.4,291.3,6.6,54.7,33.9,51.9,Ld368,5.6
0,Kalutara,1,28.3,83.1,284.9,6.8,46.1,47.0,48.2,Ld368,5.6
0,Anuradhapura,0,31.8,65.5,41.4,8.5,37.5,30.7,63.7,At362,6.2
0,Nuwara Eliya,1,17.8,87.4,222.9,4.7,70.9,46.7,61.9,Bw367,5.8
1,Matale,1,24.7,86.9,190.5,5.0,44.9,27.2,45.6,Bw367,6.09
0,Kalutara,1,30.3,78.9,303.6,6.9,23.0,29.4,57.5,Ld368,5.6
0,Nuwara Eliya,1,20.4,79.9,222.7,5.0,54.3,48.2,39.4,Bw367,5.8
1,Kegalle,1,27.5,86.6,307.5,5.4,84.5,43.5,31.6,Ld368,6.44
1,Colombo,1,26.5,83.6,251.5,6.1,49.5,47.8,56.3,Ld368,6.44
1,Badulla,1,21.5,81.5,197.2,6.0,45.4,29.7,28.1,Bw367,5.39
0,Colombo,1,31.7,74.4,212.2,6.9,73.7,26.3,63.1,Bw367,6.38
0,Badulla,1,26.6,76.3,109.3,6.6,58.8,22.6,47.1,Bw367,5.8
1,Badulla,1,23.9,79.3,181.0,5.1,52.8,24.3,44.7,Bw367,6.09
1,Kalutara,1,26.0,83.4,299.4,5.7,84.9,46.2,36.5,Ld368,6.44
1,Ampara,0,27.6,78.4,216.1,6.1,53.9,39.5,62.1,Bg352,7.82
0,Colombo,1,30.5,77.8,205.7,6.6,65.2,32.4,27.9,Bw367,5.8
1,Ampara,0,27.0,78.0,214.0,6.1,78.8,58.3,59.7,Bg366,8.05
1,Anuradhapura,0,27.6,81.2,176.0,6.2,63.3,34.6,61.2,Bg366,8.05
0,Matale,1,28.9,80.0,119.8,6.5,48.2,47.6,56.1,Bw367,6.38
0,Badulla,1,26.6,73.5,120.9,7.6,30.7,20.2,64.0,Bw367,5.8
1,Matara,1,26.4,84.0,249.3,5.8,82.2,48.9,38.3,Bw367,6.67
1,Kandy,1,24.9,82.9,234.1,5.4,52.0,40.8,40.8,Bw367,6.09
1,Galle,1,26.0,88.6,251.9,6.3,34.0,26.8,32.7,Ld368,5.21
1,Kalutara,1,26.1,84.6,314.3,5.1,45.1,34.2,54.8,Ld368,5.88
1,Matale,1,26.5,81.2,210.2,4.9,76.1,21.1,28.3,Bw367,5.51
0,Colombo,1,32.0,78.6,207.0,7.0,43.8,20.8,57.9,Bw367,5.8
0,Ampara,0,34.3,68.7,43.0,8.9,41.7,47.1,44.0,At362,5.7
0,Matara,1,29.2,82.8,214.8,6.7,34.8,20.8,48.3,Bw367,5.1
0,Kalutara,1,28.8,82.6,275.6,5.4,48.6,42.8,62.7,Ld368,6.16
0,Kandy,1,26.3,73.5,148.1,6.7,66.2,42.3,33.3,Bw367,5.8
1,Badulla,1,21.2,83.9,185.7,5.1,68.2,45.8,34.8,Bw367,6.09
0,Badulla,1,24.8,79.4,119.4,7.1,27.8,16.0,56.9,Bw367,5.1
0,Kegalle,1,29.4,80.0,270.3,6.7,45.4,39.1,56.6,Ld368,5.6
0,Hambantota,0,30.2,70.3,26.9,8.6,59.6,55.3,50.6,At362,6.82
0,Badulla,1,26.6,78.8,104.9,6.7,50.7,49.5,34.0,Bw367,5.8
0,Kandy,1,28.0,81.7,148.0,6.4,62.0,38.3,27.8,Bw367,5.8
0,Ampara,0,33.4,67.5,46.9,8.3,63.8,33.4,25.1,Bg300,5.06
1,Monaragala,0,26.6,81.1,177.1,6.4,79.8,36.4,63.1,Bg366,8.05
1,Matale,1,24.6,81.8,201.3,5.4,37.0,41.0,27.9,Bw367,6.09
1,Colombo,1,26.4,82.7,235.0,5.2,40.5,52.6,45.8,Bw367,6.09
0,Matale,1,29.1,75.4,116.8,6.7,33.8,28.7,43.4,Bw367,5.8
1,Polonnaruwa,0,26.7,77.7,193.5,6.0,77.1,31.5,32.3,Bg366,7.35
0,Matara,1,31.0,74.1,225.3,7.0,28.9,27.8,34.0,Bw367,5.1
0,Ratnapura,1,28.4,84.6,282.8,6.2,47.3,15.7,38.4,Ld368,4.93
1,Hambantota,0,27.2,75.6,111.3,7.5,48.5,33.0,61.9,Bg352,7.14
0,Galle,1,30.9,75.2,224.2,7.1,69.0,25.3,62.2,Bw367,6.38
0,Monaragala,0,32.9,67.0,56.4,8.7,71.3,39.9,25.3,Bg300,5.5
1,Kandy,1,25.7,89.6,224.6,5.7,58.9,23.3,46.0,Bw367,6.09
0,Colombo,1,31.2,74.2,196.0,7.0,72.8,32.8,55.2,Bw367,6.38
1,Matale,1,24.8,83.7,211.8,5.5,82.0,23.6,28.0,Bw367,6.09
1,Matale,1,26.5,87.9,205.4,6.2,75.5,48.8,47.8,Bw367,6.67
0,Monaragala,0,33.3,67.3,66.2,7.9,51.1,38.8,26.9,Bg300,5.06
1,Colombo,1,28.4,81.2,244.5,5.6,33.8,31.5,43.5,Bw367,6.09
0,Matale,1,29.7,70.7,111.7,7.4,44.0,43.2,47.7,Bw367,5.8
0,Kandy,1,27.8,73.1,145.6,5.9,70.9,19.2,40.5,Bw367,5.8
0,Kandy,1,28.5,76.1,164.8,5.8,27.1,24.0,57.4,Bw367,5.8
1,Matara,1,27.1,86.3,236.1,5.3,54.4,21.6,64.3,Bw367,6.09
1,Kegalle,1,26.3,88.3,301.1,5.4,36.4,37.2,36.5,Ld368,5.88
1,Ampara,0,28.2,86.7,196.1,5.2,40.7,20.4,34.7,Bg352,6.32
1,Colombo,1,27.0,82.1,251.6,6.3,51.7,29.9,43.2,Ld368,5.88
1,Anuradhapura,0,28.2,73.3,183.1,5.4,73.9,54.3,44.3,Bg366,8.05
1,Galle,1,26.2,82.0,240.0,6.0,42.6,36.1,43.1,Bw367,6.09
1,Ampara,0,28.4,78.7,210.5,5.1,69.7,32.9,54.0,Bg366,8.05
0,Kegalle,1,29.6,77.3,263.5,6.3,22.5,22.4,62.4,Ld368,5.6
1,Matale,1,26.2,80.5,192.8,5.7,36.5,52.9,34.0,Bw367,6.09
1,Kegalle,1,26.8,82.0,311.7,4.7,66.7,47.3,31.6,Ld368,5.32
1,Matara,1,27.2,82.1,239.5,5.5,49.8,41.8,50.3,Bw367,6.09
1,Matale,1,26.7,86.6,200.3,5.4,50.7,43.3,51.9,Bw367,6.09
0,Nuwara Eliya,1,19.5,81.5,195.6,5.3,55.5,31.4,46.0,Bw367,5.8
1,Galle,1,27.3,86.6,236.9,5.1,46.6,36.6,56.1,Bw367,6.09
1,Galle,1,26.6,82.6,242.6,6.3,65.0,21.2,53.9,Bw367,6.09
1,Nuwara Eliya,1,14.4,89.1,268.2,4.5,66.0,35.3,38.7,Ld368,5.32
0,Kalutara,1,27.8,87.7,281.0,5.5,72.9,37.0,56.9,Ld368,6.16
0,Matale,1,29.2,74.0,128.2,6.3,42.1,47.0,45.9,Bw367,5.8
1,Monaragala,0,26.6,76.3,175.3,6.3,83.9,48.5,44.7,Bg366,8.05
0,Colombo,1,29.3,76.5,193.6,6.6,62.0,35.4,47.3,Bw367,5.8
1,Polonnaruwa,0,27.0,76.1,195.2,5.1,83.3,21.5,55.1,Bg366,8.05
1,Colombo,1,27.4,77.7,243.7,6.1,45.4,51.4,37.2,Bw367,6.09
1,Kalutara,1,26.2,92.6,297.4,4.9,60.6,31.2,33.4,Ld368,5.32
1,Kurunegala,0,27.8,83.4,152.0,6.6,44.1,27.0,52.6,Bg352,7.14
1,Kegalle,1,25.0,82.7,291.5,4.5,47.2,35.6,48.6,Ld368,5.32
1,Hambantota,0,27.9,71.6,124.4,7.5,38.4,27.2,42.3,Bg352,7.14
0,Kandy,1,28.7,81.6,137.3,5.9,47.2,39.4,36.0,Bw367,5.8
1,Kegalle,1,26.3,85.2,285.8,5.5,41.8,48.4,41.8,Ld368,5.88
0,Ampara,0,34.3,67.6,46.1,8.1,62.6,37.3,32.7,Bg300,5.06
1,Ampara,0,28.5,81.8,195.1,5.1,47.8,58.6,61.5,Bg352,7.82
0,Polonnaruwa,0,34.0,61.5,57.2,9.6,39.3,30.4,46.9,Bg300,5.06
0,Galle,1,30.6,79.0,236.1,6.9,66.9,27.6,45.9,Bw367,5.8
0,Polonnaruwa,0,34.3,61.8,35.2,9.5,25.1,48.9,30.6,At362,4.96
1,Badulla,1,22.2,80.6,202.7,4.7,79.2,50.4,37.7,Bw367,6.09
1,Colombo,1,27.1,84.6,241.8,5.7,52.0,42.6,61.2,Bw367,6.67
1,Monaragala,0,28.3,81.1,180.5,6.0,77.9,34.4,62.1,Bg366,8.05
0,Ratnapura,1,27.8,84.6,281.0,5.4,52.5,27.6,27.1,Ld368,5.6
1,Ratnapura,1,26.2,92.8,325.3,4.6,58.2,42.0,63.4,Ld368,5.88
0,Ratnapura,1,29.6,88.2,285.1,6.7,41.9,53.1,53.1,Ld368,5.6
1,Hambantota,0,27.2,77.1,106.0,7.3,55.6,23.7,53.3,Bg352,7.14
0,Matara,1,28.9,74.2,217.5,6.3,25.2,25.7,50.2,Bw367,5.1
1,Matara,1,25.9,88.7,251.6,5.4,36.7,52.7,43.4,Ld368,5.88
0,Matara,1,29.5,78.1,210.0,6.2,27.3,41.2,57.1,Bw367,5.8
1,Nuwara Eliya,1,15.8,94.4,270.0,4.3,71.5,18.6,59.4,Ld368,5.32
0,Ratnapura,1,29.0,81.2,267.5,5.7,32.3,37.1,39.3,Ld368,5.6
0,Matara,1,31.2,78.4,228.9,6.2,50.1,44.7,33.7,Bw367,5.8
0,Matara,1,29.3,77.8,223.5,7.3,41.6,51.2,47.4,Bw367,5.8
0,Kandy,1,28.9,80.9,136.2,6.2,45.9,27.6,53.0,Bw367,5.8
0,Kandy,1,28.2,82.9,143.2,7.1,62.2,29.5,54.4,Bw367,5.8
0,Ratnapura,1,29.4,84.3,273.8,6.2,55.3,23.4,26.2,Ld368,4.93
1,Monaragala,0,28.0,83.8,182.8,6.0,71.5,37.6,54.8,Bg366,8.05
1,Ratnapura,1,25.4,90.3,305.5,5.2,76.0,31.0,42.9,Ld368,5.88
0,Ampara,0,34.0,61.9,44.7,8.9,51.0,26.5,37.4,At362,5.7
0,Nuwara Eliya,1,19.8,88.4,201.5,5.4,21.1,41.8,43.8,Bw367,5.8
0,Matara,1,30.9,82.5,205.7,7.2,40.2,31.6,58.3,Bw367,5.8
0,Ratnapura,1,29.8,80.8,284.9,6.3,33.9,28.0,58.4,Ld368,5.6
1,Nuwara Eliya,1,15.1,90.8,271.8,3.3,64.4,31.7,49.9,Ld368,5.32
1,Matara,1,27.4,84.9,236.2,5.4,45.1,22.0,38.0,Bw367,6.09
1,Matale,1,26.4,83.8,205.1,6.3,35.0,41.7,36.3,Bw367,6.09
1,Matale,1,25.8,79.5,191.2,5.7,37.1,25.6,58.4,Bw367,6.09
0,Galle,1,29.5,84.4,221.8,6.6,53.4,45.2,61.1,Bw367,6.38
0,Ampara,0,32.5,60.2,62.3,9.4,29.9,21.5,36.0,Bg300,4.84
0,Kalutara,1,27.7,78.5,287.8,6.9,35.7,32.1,29.1,Ld368,4.93
1,Ampara,0,27.1,81.2,216.1,6.2,44.7,37.6,56.8,Bg352,7.14
0,Badulla,1,24.8,77.3,100.6,7.0,49.1,50.0,43.5,Bw367,5.8
1,Kurunegala,0,26.2,85.7,150.1,6.1,40.3,50.9,44.0,Bg352,7.14
1,Colombo,1,28.1,86.7,254.5,6.1,30.1,51.0,47.8,Ld368,5.88
0,Kandy,1,26.1,81.2,151.4,6.2,33.8,38.8,33.3,Bw367,5.8
1,Kalutara,1,26.9,91.8,311.0,5.4,72.0,41.6,34.8,Ld368,5.88
0,Kalutara,1,28.3,84.0,299.5,6.6,34.4,24.8,63.6,Ld368,5.6
0,Ampara,0,34.3,61.0,63.4,8.3,44.2,48.3,48.5,Bg300,5.06
1,Polonnaruwa,0,26.7,83.5,187.6,5.5,75.9,32.4,41.4,Bg366,7.35
1,Polonnaruwa,0,26.3,75.4,201.7,6.0,45.5,31.8,62.8,Bg352,7.14
0,Colombo,1,31.4,79.4,193.9,6.5,27.8,48.5,54.2,Bw367,5.8
0,Ratnapura,1,28.1,88.5,283.1,6.1,32.8,16.9,62.8,Ld368,5.6
0,Polonnaruwa,0,32.8,59.1,55.1,8.0,65.9,25.6,60.5,Bg300,6.05
0,Anuradhapura,0,32.5,64.6,39.7,8.6,60.9,56.7,59.0,At362,6.82
1,Matara,1,27.9,87.0,239.8,5.2,54.1,48.7,48.9,Bw367,6.67
0,Monaragala,0,31.1,72.6,62.1,8.2,21.0,25.1,56.3,Bg300,4.84
0,Trincomalee,0,33.5,57.4,50.8,8.1,30.6,50.1,62.5,Bg300,5.06
0,Ampara,0,33.4,61.5,39.2,8.2,51.8,22.6,42.4,At362,5.7
1,Matara,1,27.1,86.4,239.0,5.4,41.0,32.0,55.2,Bw367,6.09
1,Anuradhapura,0,27.4,79.0,178.1,6.8,49.6,44.6,37.5,Bg352,7.14
0,Kalutara,1,28.8,84.3,278.8,6.6,34.8,32.9,60.3,Ld368,5.6
1,Trincomalee,0,26.8,87.3,206.6,6.0,64.6,39.5,60.6,Bg366,8.05
1,Matale,1,24.9,85.9,188.0,6.0,67.2,18.5,52.3,Bw367,6.09
0,Matale,1,29.3,72.9,113.0,7.4,34.1,32.9,52.8,Bw367,5.8
0,Kandy,1,27.8,79.8,146.1,6.4,38.1,47.3,30.2,Bw367,5.8
0,Badulla,1,26.4,79.9,107.8,6.7,69.5,19.0,29.7,Bw367,5.8
1,Monaragala,0,29.2,81.3,171.6,6.3,53.0,50.3,40.7,Bg352,7.14
1,Nuwara Eliya,1,14.8,90.2,277.9,4.2,50.0,24.2,43.8,Ld368,5.32
0,Kalutara,1,27.9,83.6,284.6,6.0,35.4,52.3,52.3,Ld368,5.6
0,Kalutara,1,29.4,86.5,287.0,6.7,28.5,47.9,46.6,Ld368,5.6
1,Nuwara Eliya,1,15.2,94.9,288.5,4.1,36.3,31.7,35.5,Ld368,4.65
1,Galle,1,26.0,84.0,245.3,5.4,71.9,34.3,62.6,Bw367,6.67
0,Kegalle,1,28.9,82.5,256.6,6.1,34.9,55.0,37.3,Ld368,5.6
1,Galle,1,27.5,83.4,251.3,6.1,78.6,21.4,38.6,Ld368,5.88
0,Trincomalee,0,32.6,63.0,65.6,8.7,60.7,45.1,40.0,Bg300,5.5
0,Hambantota,0,32.1,73.5,45.6,7.4,31.9,22.8,47.8,Bg300,4.84
0,Kandy,1,28.5,78.6,155.7,7.3,24.6,51.0,30.0,Bw367,5.8
1,Nuwara Eliya,1,15.9,90.5,287.3,3.7,54.9,19.1,27.9,Ld368,4.65
0,Matara,1,29.2,80.1,206.3,6.4,67.6,37.7,53.5,Bw367,6.38
0,Matale,1,28.9,77.6,120.7,6.6,38.6,34.6,37.7,Bw367,5.8
0,Matale,1,27.9,70.8,106.4,6.4,38.9,38.8,32.5,Bw367,5.8
0,Ratnapura,1,29.4,84.2,286.7,5.8,22.0,51.2,30.1,Ld368,4.93
0,Colombo,1,29.3,74.5,211.8,7.5,55.2,41.6,41.6,Bw367,5.8
0,Hambantota,0,32.0,69.7,52.0,7.9,36.2,54.9,56.9,Bg300,5.5
0,Nuwara Eliya,1,19.6,81.6,222.7,4.4,37.5,17.2,53.1,Bw367,5.22
0,Hambantota,0,31.9,74.4,28.9,7.5,66.1,54.2,58.2,At362,6.82
1,Kurunegala,0,27.9,80.2,146.1,6.9,37.7,42.1,36.0,Bg352,7.14
1,Hambantota,0,27.1,71.2,107.1,7.2,56.7,33.7,41.7,Bg352,7.14
1,Kandy,1,23.2,81.5,226.0,4.4,77.1,42.8,55.7,Bw367,6.09
0,Badulla,1,27.5,79.2,108.0,7.4,34.8,19.0,39.1,Bw367,5.1
0,Hambantota,0,30.0,73.1,35.8,8.3,24.1,27.0,60.6,At362,6.2
1,Badulla,1,22.4,87.1,186.4,5.6,79.0,51.6,33.6,Bw367,6.67
0,Ampara,0,33.8,68.5,37.3,7.8,68.6,49.9,64.7,At362,6.32
1,Kegalle,1,25.7,83.7,288.5,5.2,50.0,18.2,60.5,Ld368,5.88
1,Matale,1,24.8,87.5,198.9,4.8,70.1,28.2,51.1,Bw367,5.51
1,Monaragala,0,27.2,83.6,181.6,5.3,39.2,24.7,32.2,Bg352,6.32
0,Matara,1,29.8,75.1,215.4,6.4,55.0,53.0,64.9,Bw367,6.38
1,Anuradhapura,0,27.1,73.2,181.1,6.1,51.1,30.7,51.1,Bg352,7.14
1,Polonnaruwa,0,27.6,82.7,184.9,6.2,71.8,22.4,25.8,Bg366,7.35
0,Nuwara Eliya,1,17.8,86.1,201.3,4.7,46.1,33.0,53.3,Bw367,5.22
1,Kalutara,1,26.4,90.7,312.7,4.7,84.7,16.5,31.5,Ld368,5.32
1,Ratnapura,1,24.5,92.9,326.5,4.1,53.6,45.2,48.3,Ld368,5.32
0,Matale,1,30.1,73.3,107.5,7.7,48.5,18.0,57.7,Bw367,5.8
0,Galle,1,29.9,79.5,234.9,7.1,69.1,53.2,45.6,Bw367,6.38
0,Kegalle,1,30.2,78.5,255.5,6.9,30.7,16.7,31.4,Ld368,4.93
0,Matara,1,29.2,79.6,226.4,7.4,56.7,49.8,59.8,Bw367,6.38
1,Kegalle,1,25.2,86.2,310.4,5.4,70.3,38.5,43.0,Ld368,6.44
0,Ratnapura,1,28.4,80.3,276.9,5.5,40.0,29.9,64.7,Ld368,5.6
1,Hambantota,0,27.3,77.3,106.6,6.0,35.8,58.6,62.6,Bg352,7.82
1,Matara,1,27.4,87.2,231.7,5.5,72.5,37.8,28.7,Bw367,6.09
0,Ampara,0,33.0,66.9,59.5,8.3,38.7,57.4,31.6,Bg300,5.5
0,Trincomalee,0,33.9,65.0,63.2,9.6,49.3,24.0,48.5,Bg300,5.06
1,Anuradhapura,0,26.8,74.7,165.4,6.1,78.8,46.8,64.3,Bg366,8.05
0,Kandy,1,28.7,81.1,144.4,7.3,35.8,50.6,60.2,Bw367,5.8
1,Ratnapura,1,24.7,89.3,315.7,5.3,71.7,51.4,25.6,Ld368,5.88
0,Kalutara,1,29.9,79.3,277.4,5.4,54.6,40.2,64.5,Ld368,6.16
0,Kurunegala,0,30.5,73.2,119.8,8.2,64.2,37.1,50.4,Bg300,6.05
1,Badulla,1,22.5,81.2,180.1,4.7,69.5,19.4,34.8,Bw367,5.51
0,Hambantota,0,31.7,69.0,45.2,7.5,26.8,40.0,38.5,Bg300,5.5
0,Kalutara,1,28.9,83.6,299.5,6.5,56.5,36.1,28.8,Ld368,5.6
0,Nuwara Eliya,1,20.4,89.0,216.9,4.6,25.6,31.6,59.3,Bw367,5.22
1,Galle,1,28.2,86.2,238.9,5.0,32.6,37.7,34.7,Bw367,6.09
0,Ampara,0,32.7,60.8,38.1,9.0,44.8,32.9,59.3,At362,6.2
0,Kurunegala,0,31.2,67.8,99.9,7.3,30.2,51.7,41.6,Bg300,5.5
1,Nuwara Eliya,1,16.7,87.8,270.6,3.6,71.3,29.8,31.9,Ld368,5.32
1,Kalutara,1,26.6,90.2,324.8,4.4,32.7,42.8,58.3,Ld368,5.32
1,Hambantota,0,29.0,79.5,120.3,7.5,83.2,53.9,37.4,Bg352,7.82
0,Hambantota,0,31.6,69.5,51.3,7.6,34.2,50.1,28.8,Bg300,5.5
0,Polonnaruwa,0,32.7,64.2,34.7,9.4,44.6,56.7,43.7,At362,6.2
1,Matale,1,24.4,78.0,201.0,4.9,51.5,38.6,36.0,Bw367,5.51
0,Monaragala,0,32.8,72.5,53.0,7.4,72.8,21.5,64.1,Bg300,6.05
1,Kandy,1,25.6,83.1,233.2,4.9,66.0,18.2,34.7,Bw367,5.51
1,Ratnapura,1,25.9,93.3,317.9,5.4,54.7,54.2,63.4,Ld368,6.44
1,Ratnapura,1,26.8,86.1,323.7,4.1,76.0,22.0,27.8,Ld368,5.32
0,Kandy,1,27.7,81.5,164.2,6.4,23.3,45.0,47.6,Bw367,5.8
1,Galle,1,26.4,85.0,245.2,6.0,59.9,50.1,46.7,Bw367,6.67
1,Matara,1,28.3,84.6,231.2,6.0,49.7,48.8,43.1,Bw367,6.09
1,Kurunegala,0,25.8,81.0,174.5,6.7,38.8,31.1,38.2,Bg352,7.14
1,Trincomalee,0,27.8,86.5,220.3,5.9,54.0,25.0,47.6,Bg352,7.14
0,Monaragala,0,32.2,69.5,77.9,7.9,38.2,59.1,59.5,Bg300,6.05
1,Anuradhapura,0,27.9,77.2,169.5,6.7,52.2,55.0,32.6,Bg352,7.14
0,Kandy,1,28.0,73.3,152.6,6.6,39.1,23.1,57.3,Bw367,5.8
0,Anuradhapura,0,32.3,62.5,57.4,8.7,62.5,33.0,54.6,Bg300,6.05
0,Monaragala,0,31.5,72.0,51.5,7.8,26.5,21.2,29.5,Bg300,4.84
0,Polonnaruwa,0,33.6,60.9,55.5,8.7,73.3,58.2,55.9,Bg300,5.61
0,Hambantota,0,32.1,74.0,32.1,8.0,61.4,37.0,58.5,At362,6.82
1,Galle,1,28.0,81.5,245.0,5.6,42.5,38.2,48.1,Bw367,6.09
1,Polonnaruwa,0,26.8,77.7,183.4,5.2,49.1,50.5,49.3,Bg352,7.14
1,Anuradhapura,0,29.1,79.0,193.8,6.3,39.6,39.0,50.9,Bg352,7.14
1,Badulla,1,21.4,81.5,187.9,5.5,37.6,41.9,48.8,Bw367,6.09
1,Matale,1,24.0,78.8,196.8,4.9,50.7,40.1,46.9,Bw367,5.51
1,Matara,1,26.7,85.1,250.8,6.2,60.4,29.5,39.6,Ld368,5.88
0,Kegalle,1,29.3,83.8,256.1,6.5,46.7,19.2,36.1,Ld368,4.93
0,Monaragala,0,33.0,72.2,69.2,8.5,23.2,56.2,32.6,Bg300,5.5
0,Ampara,0,31.9,68.7,60.6,9.3,66.6,39.2,62.0,Bg300,6.05
1,Galle,1,27.0,81.8,254.8,6.4,78.0,49.5,62.4,Ld368,6.44
0,Badulla,1,25.3,77.2,110.6,7.6,47.0,20.1,25.2,Bw367,5.1
1,Anuradhapura,0,27.5,73.8,167.2,5.5,56.7,51.4,44.4,Bg366,8.05
1,Kandy,1,23.2,85.5,213.1,5.4,83.7,19.5,33.5,Bw367,6.09
1,Galle,1,27.3,86.2,250.9,6.0,32.2,52.4,28.8,Ld368,5.88
0,Kegalle,1,27.7,85.8,270.3,5.6,53.9,15.4,56.0,Ld368,5.6
0,Kurunegala,0,30.1,70.7,95.2,7.8,37.7,42.9,63.3,Bg300,5.5
0,Matara,1,31.2,78.1,227.9,6.4,62.7,29.9,26.6,Bw367,5.8
1,Ratnapura,1,26.2,89.7,310.0,5.3,82.8,16.6,28.1,Ld368,5.88
0,Colombo,1,31.4,78.2,213.3,7.4,31.9,44.1,50.8,Bw367,5.8
1,Trincomalee,0,27.8,86.6,213.8,4.7,30.6,37.1,41.4,Bg352,6.46
1,Nuwara Eliya,1,14.8,93.9,279.7,4.2,35.3,30.3,62.8,Ld368,5.32
1,Kegalle,1,25.5,88.3,312.3,4.7,57.8,53.3,31.9,Ld368,5.32
1,Kandy,1,25.0,83.5,214.4,5.5,41.9,31.8,32.5,Bw367,6.09
0,Monaragala,0,33.4,67.3,79.1,7.4,52.3,28.0,56.6,Bg300,5.06
1,Anuradhapura,0,26.9,73.9,170.3,6.3,75.7,36.4,52.7,Bg366,8.05
0,Kalutara,1,28.5,86.5,303.4,6.8,23.7,41.0,29.8,Ld368,4.93
0,Monaragala,0,30.7,72.2,77.3,7.6,50.1,58.2,44.9,Bg300,6.05
0,Polonnaruwa,0,32.9,65.9,44.3,9.3,43.7,30.1,38.1,At362,6.2
1,Matale,1,25.5,79.5,209.3,5.4,72.1,53.2,59.0,Bw367,6.67
0,Kurunegala,0,31.2,68.7,123.1,8.1,67.5,47.7,50.0,Bg300,6.05
0,Ratnapura,1,29.2,79.9,272.8,6.1,44.8,15.6,58.0,Ld368,5.6
1,Hambantota,0,29.0,75.4,133.8,6.2,70.6,25.1,40.3,Bg352,7.14
0,Matara,1,30.5,74.0,212.8,7.1,49.3,40.5,37.2,Bw367,5.8
0,Hambantota,0,30.2,65.4,31.5,9.0,73.9,46.2,60.2,At362,6.82
1,Hambantota,0,29.9,71.4,108.0,6.2,61.5,51.2,39.7,Bg352,7.82
0,Kalutara,1,28.0,82.7,295.4,6.7,45.2,38.7,35.7,Ld368,5.6
1,Galle,1,28.5,80.5,261.6,5.7,43.9,53.2,44.3,Ld368,5.88
1,Kandy,1,23.5,82.4,230.0,5.4,80.2,24.3,29.8,Bw367,6.09
0,Anuradhapura,0,34.0,66.9,44.3,9.1,63.0,20.6,57.7,At362,5.7
1,Hambantota,0,27.3,77.3,131.1,7.6,81.0,51.9,50.7,Bg352,7.82
1,Kurunegala,0,26.8,82.9,155.5,5.9,71.6,38.2,33.5,Bg366,7.35
0,Matale,1,29.1,74.0,117.9,6.3,45.0,46.8,40.5,Bw367,5.8
1,Kegalle,1,24.7,89.4,291.3,4.9,33.5,24.1,56.7,Ld368,5.32
1,Polonnaruwa,0,26.4,75.7,209.8,6.0,59.8,50.6,58.6,Bg366,8.05
1,Galle,1,25.5,81.9,254.6,5.4,84.0,41.6,63.3,Ld368,6.44
1,Kalutara,1,27.6,86.2,324.7,4.5,58.4,46.7,42.3,Ld368,5.32
1,Kegalle,1,27.1,88.3,311.7,4.8,55.5,50.8,35.9,Ld368,5.32
1,Kalutara,1,27.5,92.8,304.7,4.6,48.2,53.2,38.3,Ld368,5.32
1,Kegalle,1,24.9,87.8,304.9,5.5,44.0,18.6,28.1,Ld368,5.21
1,Monaragala,0,29.1,77.2,162.7,5.4,63.3,47.2,50.7,Bg366,8.05
1,Kandy,1,23.4,82.9,224.9,5.4,59.2,42.3,50.5,Bw367,6.67
0,Galle,1,29.8,82.8,222.5,7.1,69.6,30.4,56.2,Bw367,6.38
0,Monaragala,0,32.2,64.3,79.0,8.5,26.0,24.9,48.8,Bg300,4.84
0,Matale,1,27.6,75.4,116.6,6.4,64.1,51.6,55.3,Bw367,6.38
0,Kurunegala,0,30.3,69.1,118.0,8.2,59.4,55.3,50.5,Bg300,6.05
1,Trincomalee,0,26.9,86.8,229.0,5.6,55.7,43.0,40.4,Bg366,7.35
1,Hambantota,0,28.2,75.3,123.0,7.5,72.8,26.1,32.0,Bg352,7.14
1,Kandy,1,23.8,89.1,224.5,4.5,37.4,21.2,50.2,Bw367,5.51
1,Matara,1,28.3,88.4,231.1,5.5,43.2,29.4,61.6,Bw367,6.09
0,Matale,1,29.7,74.9,105.9,6.3,49.6,43.8,33.6,Bw367,5.8
0,Trincomalee,0,34.7,61.0,60.4,9.3,74.6,33.8,41.4,Bg300,5.06
1,Kalutara,1,27.6,88.8,297.1,4.3,33.4,52.7,59.0,Ld368,5.32
0,Matara,1,31.1,79.1,212.4,6.8,59.5,50.0,42.4,Bw367,6.38
0,Galle,1,30.8,76.1,240.9,6.3,46.6,23.7,49.1,Bw367,5.8
0,Ampara,0,31.9,62.4,57.6,8.3,62.0,49.8,34.8,Bg300,5.5
1,Kurunegala,0,26.8,85.9,152.6,6.0,76.5,44.7,55.1,Bg366,8.05
1,Ratnapura,1,26.4,86.3,334.6,4.9,68.3,19.7,35.0,Ld368,5.32
1,Kalutara,1,26.2,85.8,317.0,4.4,71.4,16.8,33.1,Ld368,5.32
1,Kurunegala,0,27.7,81.8,146.5,6.4,52.4,32.7,50.6,Bg352,7.14
0,Ratnapura,1,27.3,88.2,288.4,5.3,48.9,18.3,58.5,Ld368,5.6
0,Matale,1,30.2,79.1,125.9,7.7,64.6,48.1,47.8,Bw367,6.38
1,Polonnaruwa,0,26.7,78.3,198.9,5.3,44.2,38.7,34.3,Bg352,7.14
0,Kurunegala,0,31.7,73.7,112.5,7.5,30.3,55.8,34.9,Bg300,5.5
1,Kandy,1,25.3,81.8,216.2,4.4,37.5,21.9,27.2,Bw367,4.81
1,Monaragala,0,28.8,78.7,181.2,5.5,47.9,26.0,49.8,Bg352,7.14
0,Monaragala,0,31.8,65.8,79.2,7.6,37.0,26.5,57.9,Bg300,5.5
0,Badulla,1,26.3,79.2,105.3,6.5,30.9,44.3,49.6,Bw367,5.8
0,Ratnapura,1,27.4,81.5,281.3,6.5,22.0,54.4,43.2,Ld368,5.6
1,Polonnaruwa,0,28.9,76.6,198.0,5.8,40.7,50.0,36.0,Bg352,7.14
1,Trincomalee,0,26.8,84.6,206.7,5.7,32.9,52.7,58.0,Bg352,7.14
0,Ampara,0,33.1,65.0,43.6,8.7,36.4,22.2,25.1,At362,4.96
0,Hambantota,0,32.4,74.6,37.8,8.2,28.1,42.0,30.8,At362,5.46
0,Matara,1,31.3,77.2,209.5,7.5,53.0,19.0,62.9,Bw367,5.8
0,Kalutara,1,28.8,83.6,281.4,6.5,72.8,33.3,45.9,Ld368,6.16
0,Badulla,1,27.2,80.7,118.6,7.1,72.6,21.2,44.1,Bw367,5.8
1,Matara,1,27.2,87.0,245.1,5.2,49.1,28.6,47.6,Bw367,6.09
0,Trincomalee,0,32.9,63.5,65.5,9.6,73.5,51.2,30.6,Bg300,6.05
0,Kandy,1,28.2,78.3,159.9,6.4,23.4,37.3,31.9,Bw367,5.1
0,Matara,1,29.6,80.2,225.0,7.1,31.3,45.2,57.2,Bw367,5.8
1,Ratnapura,1,27.2,84.7,313.0,4.1,71.3,20.6,29.0,Ld368,5.32
1,Badulla,1,22.2,86.2,189.6,5.4,53.4,49.9,40.8,Bw367,6.09
0,Nuwara Eliya,1,20.2,81.7,196.2,5.6,67.5,38.8,48.0,Bw367,6.38
1,Kandy,1,24.0,85.7,213.8,5.0,72.1,24.8,58.6,Bw367,6.67
1,Galle,1,28.3,86.8,254.4,5.9,80.5,24.9,49.5,Ld368,6.44
0,Colombo,1,29.0,73.3,194.7,7.3,68.5,46.6,47.1,Bw367,6.38
1,Monaragala,0,26.5,80.3,182.0,6.3,73.8,47.3,33.3,Bg366,8.05
0,Matara,1,30.8,81.0,222.3,6.5,53.2,16.3,29.8,Bw367,5.1
1,Matara,1,27.0,80.2,228.6,6.2,61.3,36.3,43.1,Bw367,6.09
1,Kandy,1,25.5,82.0,206.8,4.8,53.4,44.2,50.0,Bw367,5.51
0,Ratnapura,1,28.5,88.3,289.5,5.7,74.0,43.3,27.5,Ld368,5.6
0,Hambantota,0,30.9,74.2,30.2,7.5,44.4,54.0,28.1,At362,6.2
0,Polonnaruwa,0,31.9,61.1,53.4,8.9,65.8,24.5,61.8,Bg300,6.05
1,Anuradhapura,0,27.0,73.3,194.7,6.0,61.5,44.6,56.6,Bg366,8.05
1,Nuwara Eliya,1,14.0,91.9,294.4,4.7,38.9,22.2,47.6,Ld368,5.32
1,Kurunegala,0,26.7,77.4,154.6,6.6,82.8,31.0,34.9,Bg366,7.35
1,Monaragala,0,28.7,82.5,171.8,6.2,43.3,37.3,35.2,Bg352,7.14
0,Polonnaruwa,0,32.3,61.0,40.8,8.7,25.4,21.7,52.0,At362,5.46
0,Kegalle,1,28.6,83.3,279.8,6.2,55.3,53.1,58.6,Ld368,6.16
1,Monaragala,0,28.2,76.8,171.8,6.8,58.5,57.1,41.3,Bg366,8.05
1,Kurunegala,0,25.9,80.7,166.2,6.0,43.5,43.1,41.7,Bg352,7.14
1,Kalutara,1,27.1,92.7,302.0,5.4,34.8,30.3,45.3,Ld368,5.88
1,Badulla,1,23.6,80.8,191.3,6.2,64.4,47.7,51.1,Bw367,6.67
1,Kandy,1,24.1,81.9,230.7,5.8,46.3,47.9,39.3,Bw367,6.09
0,Ampara,0,32.5,61.5,64.3,9.2,64.5,25.1,55.2,Bg300,5.5
1,Kalutara,1,27.9,83.5,305.6,4.9,75.3,45.6,40.0,Ld368,5.88
0,Nuwara Eliya,1,18.7,88.1,224.1,4.5,32.3,36.0,28.7,Bw367,4.52
1,Anuradhapura,0,28.7,78.7,170.9,6.2,67.7,57.3,30.9,Bg366,8.05
1,Kurunegala,0,28.2,82.0,155.9,5.7,77.7,35.8,62.0,Bg366,8.05
1,Kandy,1,23.1,82.6,226.3,5.5,49.4,47.3,34.4,Bw367,6.09
0,Kandy,1,27.4,76.4,163.6,6.8,49.7,35.4,31.4,Bw367,5.8
0,Kegalle,1,30.1,85.2,264.0,6.2,24.6,19.1,43.8,Ld368,4.93
1,Ampara,0,26.7,83.4,216.1,5.2,71.7,28.2,46.8,Bg366,7.35
0,Kalutara,1,28.7,79.9,291.8,6.5,49.3,32.4,40.5,Ld368,5.6
0,Monaragala,0,31.8,66.0,64.1,7.3,22.5,24.5,32.5,Bg300,4.84
0,Monaragala,0,30.7,67.2,61.8,8.8,43.7,32.2,39.6,Bg300,5.5
1,Ratnapura,1,26.8,84.8,314.5,5.5,38.4,44.7,39.3,Ld368,5.88
1,Badulla,1,22.7,87.2,190.1,6.2,64.5,48.6,30.9,Bw367,6.09
1,Kalutara,1,27.0,84.7,300.7,5.7,31.8,33.5,37.5,Ld368,5.21
1,Ampara,0,28.2,84.0,202.2,4.9,77.9,20.2,40.5,Bg366,6.65
1,Anuradhapura,0,28.2,75.5,174.3,6.6,63.2,25.8,54.1,Bg366,7.35
1,Nuwara Eliya,1,16.8,87.4,285.8,4.8,82.9,24.4,29.0,Ld368,5.32
1,Colombo,1,28.4,84.3,245.2,5.7,39.3,38.2,44.3,Bw367,6.09
1,Kandy,1,26.0,84.3,231.1,5.8,76.0,16.9,62.9,Bw367,6.67
1,Matale,1,25.2,79.9,190.5,5.2,43.7,42.4,32.5,Bw367,6.09
1,Nuwara Eliya,1,17.0,89.3,284.3,4.8,37.6,31.7,59.0,Ld368,5.32
1,Galle,1,27.3,81.4,262.0,5.1,49.4,30.0,42.9,Ld368,5.88
0,Colombo,1,31.9,80.8,197.1,6.9,32.9,36.3,29.6,Bw367,5.1
1,Colombo,1,28.3,86.1,236.4,6.5,47.2,37.8,50.9,Bw367,6.09
1,Ampara,0,28.5,79.3,202.9,5.8,39.7,38.6,25.8,Bg352,6.32
0,Kegalle,1,29.2,82.0,258.1,5.8,46.4,50.5,47.7,Ld368,5.6
0,Nuwara Eliya,1,19.5,88.3,205.4,4.7,51.4,24.8,51.1,Bw367,5.22
1,Kandy,1,24.4,86.8,224.6,4.5,40.1,50.7,62.6,Bw367,6.09
0,Kegalle,1,30.1,80.1,262.4,6.1,23.0,47.4,64.4,Ld368,5.6
0,Kandy,1,27.7,76.0,140.9,6.3,56.7,32.9,62.4,Bw367,6.38
0,Badulla,1,24.9,77.8,101.9,7.5,52.5,24.2,44.1,Bw367,5.8
1,Kalutara,1,27.6,83.3,321.9,5.2,70.6,15.1,50.1,Ld368,5.88
1,Hambantota,0,27.1,76.2,118.7,6.9,79.5,58.8,50.4,Bg352,7.82
0,Monaragala,0,30.8,64.6,72.0,7.9,44.5,32.3,49.3,Bg300,5.5
1,Kegalle,1,26.4,83.7,286.9,4.8,42.7,50.6,27.2,Ld368,5.32
1,Matale,1,26.3,81.7,206.9,5.4,45.4,39.4,52.5,Bw367,6.09
1,Anuradhapura,0,28.2,79.9,188.0,6.6,49.5,58.1,50.5,Bg352,7.82
0,Hambantota,0,32.1,67.1,27.1,8.6,48.1,48.1,44.1,At362,6.2
0,Ratnapura,1,27.7,87.4,285.7,6.6,63.8,28.9,56.0,Ld368,5.6
1,Ratnapura,1,25.3,85.1,333.1,4.5,58.6,30.7,63.4,Ld368,5.88
1,Kandy,1,23.9,87.7,216.8,5.6,41.4,30.1,25.3,Bw367,5.39
1,Kandy,1,24.9,88.2,218.7,5.7,65.6,15.1,35.1,Bw367,6.09
1,Galle,1,27.4,80.7,256.2,5.7,58.9,26.7,48.8,Ld368,5.88
0,Kurunegala,0,29.7,74.3,104.7,7.3,31.5,37.8,27.1,Bg300,4.84
1,Polonnaruwa,0,27.6,79.7,210.0,5.6,51.3,40.1,32.6,Bg352,7.14
1,Hambantota,0,28.3,78.6,125.8,6.0,63.9,23.7,56.2,Bg352,7.14
1,Matara,1,27.3,85.8,232.1,5.7,77.1,21.7,35.6,Bw367,6.09
0,Trincomalee,0,32.6,61.0,63.5,9.4,71.0,48.1,34.8,Bg300,6.05
1,Matale,1,24.1,84.5,201.6,5.8,81.2,42.5,37.8,Bw367,6.67
1,Ampara,0,28.5,78.9,199.8,5.0,58.0,25.0,62.5,Bg366,7.35
1,Matale,1,26.9,78.4,213.4,6.3,81.8,41.8,53.0,Bw367,6.67
0,Hambantota,0,30.2,68.2,54.7,8.1,27.2,58.8,64.4,Bg300,6.05
0,Monaragala,0,31.6,71.0,75.0,7.7,45.8,55.0,27.1,Bg300,5.5
0,Anuradhapura,0,31.7,66.8,52.5,8.6,67.3,24.1,38.9,Bg300,5.5
1,Badulla,1,23.4,81.2,199.1,5.3,40.4,45.4,28.6,Bw367,6.09
1,Nuwara Eliya,1,15.8,92.4,274.5,4.0,74.8,53.2,34.2,Ld368,5.88
0,Ampara,0,32.9,66.2,53.4,8.3,55.9,46.2,48.7,Bg300,6.05
0,Kandy,1,29.0,77.0,154.1,7.1,43.3,46.0,63.9,Bw367,6.38
0,Polonnaruwa,0,32.7,67.1,34.8,8.0,70.0,52.9,63.9,At362,6.82
0,Anuradhapura,0,31.3,66.8,53.2,8.3,23.2,45.6,47.8,Bg300,5.5
0,Kandy,1,28.7,75.0,157.3,7.1,51.9,24.9,37.4,Bw367,5.8
1,Kegalle,1,27.2,85.3,289.0,5.1,71.1,19.4,42.0,Ld368,5.88
0,Trincomalee,0,32.9,65.5,57.7,9.5,63.4,46.9,49.4,Bg300,6.05
1,Kandy,1,25.6,84.2,221.8,4.4,81.5,51.1,46.7,Bw367,6.09
1,Kegalle,1,25.3,84.2,305.2,4.5,55.0,34.7,40.3,Ld368,5.32
1,Polonnaruwa,0,27.9,80.2,200.5,5.7,43.3,20.1,47.4,Bg352,7.14
1,Matale,1,26.9,81.6,196.8,5.0,33.9,45.9,35.0,Bw367,6.09
1,Kalutara,1,27.1,87.7,321.3,4.9,45.7,50.8,59.5,Ld368,5.88
0,Colombo,1,29.1,72.9,193.6,8.0,50.7,29.9,60.5,Bw367,5.8
0,Matale,1,28.4,79.4,130.5,7.5,48.2,46.6,32.2,Bw367,5.8
0,Kegalle,1,28.8,85.6,268.5,6.1,74.7,37.8,43.9,Ld368,6.16
1,Ampara,0,26.8,79.3,198.9,6.2,69.2,49.7,45.0,Bg366,8.05
0,Kandy,1,26.8,81.9,164.4,6.5,71.5,15.0,60.8,Bw367,5.8
0,Kalutara,1,28.1,80.1,291.7,6.7,37.3,18.4,43.6,Ld368,4.93
0,Kegalle,1,28.0,86.5,283.6,7.1,64.4,22.5,33.5,Ld368,5.6
0,Colombo,1,29.8,74.1,189.1,7.1,27.5,31.6,31.0,Bw367,5.1
1,Galle,1,27.9,85.5,255.4,6.3,65.1,29.6,43.0,Ld368,5.88
1,Kalutara,1,25.4,86.3,312.3,5.3,72.0,27.7,30.8,Ld368,5.88
0,Anuradhapura,0,31.6,64.6,35.4,8.5,23.1,59.1,56.6,At362,6.2
0,Ampara,0,32.0,64.9,57.8,8.1,51.3,52.6,55.7,Bg300,6.05
0,Matara,1,30.9,83.4,217.2,7.1,63.5,42.9,64.8,Bw367,6.38
1,Nuwara Eliya,1,15.1,87.8,272.9,3.6,69.0,18.4,54.7,Ld368,5.32
1,Badulla,1,23.5,88.4,204.8,4.9,63.7,23.0,35.5,Bw367,5.51
1,Colombo,1,28.7,85.9,225.3,6.7,56.0,46.9,30.1,Bw367,6.09
0,Colombo,1,29.8,74.9,188.7,7.7,20.5,27.5,32.0,Bw367,5.1
0,Kegalle,1,28.1,79.6,269.7,6.5,26.7,22.0,34.9,Ld368,4.93
1,Kegalle,1,25.1,82.6,301.1,4.5,40.3,50.7,25.3,Ld368,5.32
0,Anuradhapura,0,33.1,69.9,46.9,8.7,73.0,53.3,43.5,Bg300,5.61
1,Kurunegala,0,28.4,86.8,156.3,5.4,70.0,53.2,30.0,Bg366,8.05
1,Kegalle,1,27.0,91.2,308.7,4.6,52.6,39.0,31.4,Ld368,5.32
1,Anuradhapura,0,29.1,78.2,177.2,5.7,46.3,32.2,60.4,Bg352,7.14
0,Kandy,1,27.5,73.1,162.1,5.8,37.7,37.8,45.7,Bw367,5.8
0,Ampara,0,32.9,59.7,50.5,8.4,57.0,58.0,44.4,Bg300,6.05
1,Matara,1,27.7,80.0,232.6,6.5,66.8,15.5,33.2,Bw367,6.09
1,Colombo,1,28.6,85.4,233.8,6.7,60.4,42.9,48.9,Bw367,6.67
1,Kegalle,1,27.4,83.2,292.6,5.6,64.0,48.5,45.6,Ld368,6.44
0,Kandy,1,28.8,73.4,160.7,6.1,66.7,20.6,48.2,Bw367,5.8
0,Badulla,1,26.1,78.6,105.0,6.8,71.4,23.5,29.1,Bw367,5.8
0,Polonnaruwa,0,33.7,64.3,42.5,9.5,60.4,22.5,54.8,At362,5.7
1,Colombo,1,28.3,79.1,245.9,5.7,78.0,28.5,49.8,Bw367,6.67
1,Hambantota,0,29.8,77.8,112.3,7.5,49.6,46.1,54.7,Bg352,7.82
1,Kalutara,1,27.9,86.4,300.7,5.6,68.7,18.5,29.7,Ld368,5.88
0,Kandy,1,28.8,80.4,145.1,6.3,47.9,29.4,56.3,Bw367,5.8
1,Kandy,1,25.3,87.2,233.9,5.9,71.9,35.8,33.2,Bw367,6.09
0,Polonnaruwa,0,34.2,65.9,35.9,9.0,38.3,20.4,33.0,At362,4.96
0,Nuwara Eliya,1,20.0,81.6,203.5,5.7,40.8,15.4,36.4,Bw367,5.1
0,Colombo,1,29.3,72.8,202.8,6.7,39.9,49.5,42.0,Bw367,5.8
1,Monaragala,0,27.8,79.0,177.5,5.3,34.9,46.1,44.5,Bg352,7.14
1,Anuradhapura,0,26.6,82.5,186.7,6.5,84.0,57.3,54.5,Bg366,8.05
0,Ampara,0,32.5,61.1,63.3,7.8,73.1,26.0,57.8,Bg300,6.05
0,Monaragala,0,31.6,65.2,67.6,7.8,56.2,20.6,27.6,Bg300,4.84
1,Anuradhapura,0,27.8,81.1,191.6,5.6,61.6,50.7,36.6,Bg366,7.35
1,Colombo,1,26.3,81.5,238.0,6.1,75.8,47.1,29.0,Bw367,6.67
0,Hambantota,0,30.3,71.3,45.2,8.5,34.6,33.2,46.9,Bg300,5.5
0,Trincomalee,0,32.6,62.6,54.0,9.2,28.1,53.6,30.8,Bg300,5.5
1,Trincomalee,0,28.2,82.0,210.5,5.3,43.4,41.1,36.0,Bg352,7.14
0,Polonnaruwa,0,34.3,59.5,49.0,8.9,26.6,33.0,47.5,Bg300,5.06
0,Kandy,1,28.4,82.7,141.4,6.0,45.0,44.9,36.3,Bw367,5.8
1,Badulla,1,22.6,88.6,186.7,5.4,83.3,42.8,53.8,Bw367,6.67
0,Matara,1,31.2,80.9,231.9,7.3,60.4,26.6,37.1,Bw367,5.8
1,Kurunegala,0,26.4,82.6,152.5,6.7,36.1,53.2,49.1,Bg352,7.14
1,Hambantota,0,28.6,72.8,114.7,6.6,33.5,59.4,26.3,Bg352,7.14
0,Galle,1,29.1,81.5,225.7,7.1,60.1,42.6,29.6,Bw367,5.8
0,Monaragala,0,31.3,63.3,62.4,7.9,45.7,48.2,37.4,Bg300,5.5
1,Kegalle,1,24.7,88.9,302.0,4.9,68.8,36.5,43.8,Ld368,5.32
1,Galle,1,27.4,86.6,243.7,5.0,38.6,40.6,59.9,Bw367,6.09
0,Matale,1,29.8,78.3,131.4,7.2,67.3,15.6,29.3,Bw367,5.8
0,Polonnaruwa,0,31.7,63.0,44.2,8.5,67.9,26.8,39.1,At362,6.2
1,Matara,1,28.5,86.8,254.3,5.3,37.7,35.8,58.2,Ld368,5.88
0,Trincomalee,0,35.5,63.0,69.4,8.7,45.2,50.1,56.7,Bg300,5.61
1,Trincomalee,0,26.4,85.3,217.6,4.7,56.9,52.5,29.0,Bg366,6.65
1,Kurunegala,0,26.0,84.6,166.7,6.3,55.8,55.5,55.7,Bg366,8.05
1,Colombo,1,27.1,79.7,237.1,6.3,32.1,53.3,26.9,Bw367,6.09
1,Matale,1,26.7,83.2,189.1,5.6,64.6,49.3,47.0,Bw367,6.67
0,Badulla,1,26.1,76.2,111.2,7.0,20.5,15.1,28.9,Bw367,5.1
0,Matale,1,28.1,78.9,132.9,7.8,71.6,25.9,45.4,Bw367,5.8
0,Kalutara,1,29.9,86.9,300.5,6.1,61.7,18.9,26.6,Ld368,5.6
1,Trincomalee,0,28.5,80.0,230.7,5.4,75.5,52.7,61.6,Bg366,8.05
1,Ampara,0,26.7,85.3,197.9,4.9,79.6,41.6,53.8,Bg366,7.35
0,Galle,1,28.2,84.0,224.1,6.8,43.2,21.9,39.3,Bw367,5.1
1,Anuradhapura,0,27.1,74.9,179.7,6.5,61.3,55.7,50.5,Bg366,8.05
0,Anuradhapura,0,33.0,64.5,55.7,7.8,67.3,51.1,34.8,Bg300,6.05
0,Kurunegala,0,29.5,69.2,97.0,7.9,61.6,52.5,25.2,Bg300,5.5
1,Badulla,1,23.1,80.6,194.5,4.8,40.0,34.0,51.1,Bw367,5.51
0,Kandy,1,26.6,75.0,142.2,6.1,41.7,41.2,42.5,Bw367,5.8
0,Kandy,1,28.2,74.3,136.5,7.1,24.4,20.9,25.9,Bw367,5.1
0,Polonnaruwa,0,33.2,67.9,56.6,8.7,40.4,31.9,31.1,Bg300,4.4
0,Matara,1,29.6,82.9,229.3,7.5,45.2,16.5,44.7,Bw367,5.8
1,Ratnapura,1,24.9,93.8,329.2,5.1,67.2,38.5,53.8,Ld368,6.44
0,Hambantota,0,32.5,72.0,48.1,8.7,25.1,22.2,57.0,Bg300,4.84
0,Kurunegala,0,31.2,71.4,95.7,6.8,65.5,44.3,46.0,Bg300,6.05
1,Nuwara Eliya,1,14.5,87.6,287.7,4.4,52.3,53.0,62.5,Ld368,5.88
1,Galle,1,26.0,88.2,245.1,5.0,73.2,33.2,44.7,Bw367,6.67
0,Ampara,0,33.7,64.5,41.2,8.3,52.8,57.0,61.8,At362,6.32
0,Matale,1,28.4,70.1,130.0,6.3,54.7,35.2,46.1,Bw367,5.8
0,Kandy,1,29.0,75.4,154.4,6.2,69.4,38.7,33.3,Bw367,5.8
0,Galle,1,29.3,76.2,217.4,7.1,42.4,44.0,29.4,Bw367,5.8
0,Kegalle,1,29.2,84.3,273.6,7.1,30.9,53.0,46.5,Ld368,5.6
1,Kalutara,1,25.3,86.8,318.1,5.3,32.2,36.9,28.5,Ld368,5.21
1,Kegalle,1,27.2,82.2,310.8,5.8,49.4,43.8,42.7,Ld368,5.88
0,Galle,1,30.4,83.9,222.5,7.3,45.2,26.0,64.4,Bw367,5.8
1,Kandy,1,24.6,89.6,231.6,4.7,56.0,53.9,39.9,Bw367,5.51
0,Polonnaruwa,0,31.8,65.4,53.1,9.6,62.5,29.7,26.6,Bg300,5.5
0,Kegalle,1,29.9,83.3,282.7,5.6,62.2,41.8,27.0,Ld368,5.6
1,Ampara,0,27.1,82.2,222.4,6.3,44.4,28.5,28.2,Bg352,6.32
1,Polonnaruwa,0,26.0,79.1,182.2,5.6,32.2,53.4,33.4,Bg352,7.14
0,Kandy,1,28.6,80.5,141.6,5.8,59.4,30.6,55.6,Bw367,5.8
1,Hambantota,0,29.3,77.5,114.9,6.0,33.0,31.3,52.6,Bg352,7.14
1,Anuradhapura,0,29.4,73.3,194.7,5.7,76.4,27.2,27.5,Bg366,7.35
1,Polonnaruwa,0,26.5,79.9,194.1,6.5,53.9,51.4,62.7,Bg352,7.82
1,Galle,1,26.1,85.0,245.4,5.4,49.8,48.1,43.1,Bw367,6.09
0,Trincomalee,0,32.7,61.9,63.2,8.3,53.6,29.6,59.7,Bg300,5.5
0,Matale,1,28.5,76.0,110.5,6.7,42.9,29.1,46.0,Bw367,5.8
0,Colombo,1,30.7,78.5,194.2,6.6,61.8,49.0,35.3,Bw367,5.8
1,Matara,1,27.4,80.2,237.1,5.7,76.7,45.3,49.1,Bw367,6.67
1,Polonnaruwa,0,29.0,83.9,203.1,5.7,40.1,57.7,46.3,Bg352,7.14
0,Ampara,0,32.7,62.4,64.6,8.6,27.7,28.8,44.3,Bg300,4.84
0,Colombo,1,30.9,81.9,211.4,6.5,43.3,49.4,30.4,Bw367,5.8
0,Hambantota,0,33.0,73.2,41.7,8.2,65.9,57.4,64.6,At362,6.82
0,Kandy,1,26.9,81.6,135.5,6.2,43.3,35.4,32.3,Bw367,5.8
1,Trincomalee,0,27.1,79.1,219.6,5.9,42.1,34.0,25.8,Bg352,6.32
0,Matara,1,30.6,78.9,231.7,6.8,40.3,50.5,43.6,Bw367,5.8
1,Anuradhapura,0,27.5,75.8,184.7,5.4,78.4,51.2,32.6,Bg366,8.05
0,Kalutara,1,29.3,79.8,283.2,6.1,58.5,40.5,46.3,Ld368,5.6
0,Polonnaruwa,0,33.4,65.9,40.0,9.4,53.8,52.9,46.9,At362,6.32
0,Kegalle,1,27.6,80.5,282.0,6.7,21.6,15.9,45.7,Ld368,4.93
1,Ratnapura,1,25.6,87.0,334.6,4.4,57.0,31.2,31.8,Ld368,5.32
1,Anuradhapura,0,29.3,81.6,171.0,6.6,41.5,45.1,28.3,Bg352,7.14
0,Kegalle,1,27.9,84.7,267.2,6.9,48.9,15.9,53.7,Ld368,5.6
1,Nuwara Eliya,1,16.8,88.1,266.5,4.3,73.3,53.3,31.3,Ld368,5.88
1,Trincomalee,0,27.5,80.9,214.1,4.8,51.1,28.1,50.8,Bg352,6.46
1,Matara,1,27.5,82.7,235.6,6.1,51.4,25.2,41.0,Bw367,6.09
0,Matara,1,31.2,80.4,228.5,7.1,54.4,54.5,42.5,Bw367,6.38
1,Badulla,1,23.9,86.9,186.9,6.3,49.0,29.9,49.4,Bw367,6.09
0,Kandy,1,28.1,74.5,138.2,6.6,50.6,19.3,63.6,Bw367,5.8
1,Matale,1,24.5,81.1,209.0,5.5,40.3,19.1,42.2,Bw367,5.39
0,Matale,1,29.5,79.3,112.4,7.6,70.6,51.1,63.1,Bw367,6.38
1,Kandy,1,23.7,82.0,220.8,5.3,54.2,45.9,45.7,Bw367,6.09
1,Kegalle,1,26.7,82.3,302.1,5.7,31.0,31.2,62.0,Ld368,5.88
0,Trincomalee,0,33.9,66.8,46.0,8.2,67.3,54.7,43.9,Bg300,5.61
1,Trincomalee,0,28.0,86.4,213.0,4.6,56.4,54.4,60.8,Bg366,7.35
0,Monaragala,0,31.7,64.3,61.6,8.7,68.9,40.9,46.5,Bg300,6.05
0,Matale,1,29.6,74.0,110.6,7.1,32.4,54.0,40.6,Bw367,5.8
1,Monaragala,0,28.2,82.8,172.0,5.6,32.1,44.7,30.2,Bg352,7.14
1,Kegalle,1,25.3,86.9,300.0,4.7,62.5,32.7,42.9,Ld368,5.32
1,Kegalle,1,24.6,87.2,295.1,4.3,46.9,26.1,40.7,Ld368,5.32
0,Matale,1,30.3,74.5,125.1,6.6,42.6,43.4,45.5,Bw367,5.8
0,Kurunegala,0,31.2,75.9,115.0,7.7,33.6,35.8,52.3,Bg300,5.5
1,Kalutara,1,28.0,88.9,307.0,5.5,70.1,45.0,32.8,Ld368,5.88
0,Monaragala,0,31.1,67.2,75.9,7.5,41.5,32.7,31.0,Bg300,5.5
1,Nuwara Eliya,1,14.7,94.2,287.2,3.7,72.0,15.9,46.1,Ld368,5.32
0,Trincomalee,0,33.1,65.2,52.4,8.1,60.3,43.9,38.8,Bg300,5.06
1,Hambantota,0,28.4,74.2,131.7,6.7,34.1,57.9,61.8,Bg352,7.82
1,Matale,1,25.4,78.9,208.7,4.8,33.8,36.5,31.4,Bw367,4.81
1,Ampara,0,26.3,78.6,197.3,5.0,69.4,52.4,43.1,Bg366,8.05
1,Hambantota,0,27.1,70.7,112.7,6.9,70.7,44.2,40.7,Bg352,7.82
0,Ratnapura,1,29.3,82.6,287.1,6.0,60.6,51.3,61.8,Ld368,6.16
0,Kandy,1,27.5,75.7,163.1,6.4,27.0,32.3,30.1,Bw367,5.1
1,Colombo,1,27.3,77.7,253.3,6.4,76.1,29.7,55.4,Ld368,6.44
1,Ratnapura,1,24.7,87.5,309.1,5.6,32.7,32.6,43.1,Ld368,5.88
1,Kalutara,1,26.7,84.5,318.5,4.7,62.5,43.6,60.6,Ld368,5.88
1,Ampara,0,27.9,79.4,211.1,5.3,81.6,44.3,31.3,Bg366,8.05
0,Ampara,0,34.3,65.7,60.3,8.2,68.9,50.2,54.2,Bg300,5.61
1,Polonnaruwa,0,27.6,77.1,200.9,6.2,44.3,33.8,64.6,Bg352,7.14
1,Galle,1,27.8,84.5,258.8,6.0,66.7,49.2,62.6,Ld368,6.44
1,Kandy,1,23.7,84.0,227.7,5.4,39.8,17.0,52.3,Bw367,6.09
1,Kalutara,1,26.7,83.8,300.6,4.6,44.2,37.6,45.2,Ld368,5.32
0,Monaragala,0,30.7,64.7,79.5,7.9,67.7,54.0,45.5,Bg300,6.05
0,Galle,1,28.6,81.9,223.2,7.3,24.6,45.9,29.0,Bw367,5.1
0,Kandy,1,26.9,79.5,149.6,6.3,55.5,52.9,26.7,Bw367,5.8
1,Hambantota,0,28.8,78.1,116.5,6.8,77.8,36.6,46.4,Bg352,7.82
0,Galle,1,28.5,81.4,236.5,6.9,27.9,32.8,39.2,Bw367,5.1
0,Ampara,0,33.6,64.4,36.6,9.0,29.5,21.3,43.0,At362,4.96
1,Trincomalee,0,26.0,79.1,208.3,5.2,61.9,27.7,57.1,Bg366,7.35
0,Kalutara,1,29.4,79.4,303.4,6.9,32.4,39.6,26.1,Ld368,4.93
1,Nuwara Eliya,1,14.8,86.8,292.0,3.5,78.6,37.9,59.7,Ld368,5.88
1,Kegalle,1,25.2,83.0,309.2,4.5,62.7,28.7,34.0,Ld368,5.32
1,Kurunegala,0,26.9,81.0,162.8,6.2,46.7,42.4,51.8,Bg352,7.14
0,Ratnapura,1,28.2,80.6,289.4,5.6,48.9,20.1,44.0,Ld368,5.6
1,Badulla,1,22.3,79.7,189.5,5.5,44.4,51.9,41.7,Bw367,6.09
1,Monaragala,0,26.6,78.2,160.3,5.9,36.1,37.6,39.2,Bg352,7.14
1,Badulla,1,22.9,83.7,200.7,5.2,44.7,54.4,61.4,Bw367,6.67
0,Kandy,1,28.3,74.1,135.8,6.1,34.8,47.8,53.4,Bw367,5.8
0,Matara,1,30.4,78.2,226.0,7.8,59.1,45.5,62.5,Bw367,6.38
1,Monaragala,0,28.1,81.5,166.2,6.4,57.0,37.2,41.3,Bg366,7.35
0,Kalutara,1,28.4,85.3,284.9,5.6,46.1,45.0,40.1,Ld368,5.6
0,Ampara,0,32.2,60.1,57.5,8.3,72.3,48.6,38.1,Bg300,6.05
0,Kegalle,1,28.9,77.8,258.5,5.8,62.6,35.6,25.4,Ld368,5.6
1,Polonnaruwa,0,27.3,80.1,186.4,5.9,83.9,22.9,36.4,Bg366,7.35
0,Ratnapura,1,29.4,87.9,281.9,5.8,53.3,18.6,25.4,Ld368,4.93
0,Trincomalee,0,33.1,61.9,52.0,9.4,62.0,25.4,28.5,Bg300,5.06
1,Galle,1,26.4,88.8,243.5,6.1,41.5,26.7,32.7,Bw367,5.39
1,Nuwara Eliya,1,16.5,91.4,277.2,4.8,55.6,53.8,32.9,Ld368,5.32
1,Colombo,1,26.3,82.5,237.7,6.0,60.4,30.6,64.9,Bw367,6.67
1,Kandy,1,25.9,89.8,228.8,6.0,79.1,31.6,56.4,Bw367,6.67
0,Anuradhapura,0,33.1,64.2,37.0,9.0,72.4,34.5,31.1,At362,5.7
1,Kurunegala,0,27.2,80.2,163.3,6.9,66.9,34.5,62.4,Bg366,8.05
1,Kurunegala,0,27.5,85.3,162.2,6.1,65.0,31.9,32.3,Bg366,7.35
1,Galle,1,27.9,84.1,246.9,6.3,80.4,24.3,56.2,Bw367,6.67
1,Badulla,1,21.5,82.6,180.3,5.2,63.8,30.0,40.8,Bw367,6.09
1,Anuradhapura,0,26.8,80.4,177.1,6.0,83.6,33.8,50.9,Bg366,8.05
0,Hambantota,0,32.1,68.3,48.6,8.8,32.0,45.0,40.7,Bg300,5.5
1,Kegalle,1,26.4,91.8,311.3,4.6,60.1,28.9,42.4,Ld368,5.32
1,Polonnaruwa,0,29.0,82.0,184.9,5.0,39.4,53.5,25.9,Bg352,7.14
1,Anuradhapura,0,28.8,78.9,188.5,6.4,32.8,55.7,34.1,Bg352,7.14
1,Ampara,0,27.8,78.7,224.3,5.5,33.2,57.5,48.5,Bg352,7.14
1,Matale,1,25.6,86.3,186.0,5.1,55.8,18.1,53.2,Bw367,6.09
0,Ampara,0,32.5,59.0,56.6,9.1,41.7,42.6,34.1,Bg300,5.5
0,Polonnaruwa,0,31.5,62.9,49.3,9.5,41.0,50.6,48.9,Bg300,5.5
0,Nuwara Eliya,1,18.5,87.9,196.5,4.4,24.5,48.7,25.4,Bw367,4.52
0,Polonnaruwa,0,32.9,58.0,42.0,8.3,54.3,47.2,44.5,At362,6.2
1,Ratnapura,1,26.3,92.4,326.6,5.3,41.0,50.6,37.9,Ld368,5.88
0,Kegalle,1,30.1,83.6,261.9,5.9,45.7,50.9,31.0,Ld368,5.6
1,Kandy,1,24.7,82.9,212.0,5.0,73.2,34.5,33.7,Bw367,6.09
0,Kurunegala,0,31.0,74.9,114.6,7.1,44.0,54.2,32.1,Bg300,5.5
0,Ampara,0,32.8,60.2,36.5,8.7,21.1,24.1,38.9,At362,5.46
1,Ratnapura,1,25.5,85.3,315.5,5.3,64.5,32.8,28.7,Ld368,5.88
1,Matara,1,26.2,79.8,244.9,6.5,55.3,16.6,60.2,Bw367,6.09
0,Kalutara,1,30.1,81.9,286.0,6.3,72.6,50.9,43.8,Ld368,6.16
1,Colombo,1,28.0,83.9,249.9,5.3,47.9,53.4,63.0,Bw367,6.67
0,Polonnaruwa,0,33.2,60.4,59.7,8.8,30.7,39.1,59.7,Bg300,5.06
0,Nuwara Eliya,1,19.1,80.7,219.5,4.8,36.2,48.1,50.5,Bw367,5.22
0,Anuradhapura,0,33.7,67.9,51.9,7.8,55.9,41.1,32.4,Bg300,5.06
1,Ampara,0,27.1,83.7,209.7,4.8,51.3,23.8,32.6,Bg352,6.46
1,Kandy,1,23.5,83.3,221.1,5.9,59.7,43.2,39.3,Bw367,6.09
1,Matara,1,26.9,87.1,237.2,5.0,33.2,49.2,63.4,Bw367,6.09
1,Kurunegala,0,28.2,80.6,164.4,5.8,60.7,51.5,59.7,Bg366,8.05
0,Ratnapura,1,27.1,85.9,280.8,5.7,64.8,26.6,64.7,Ld368,6.16
1,Matale,1,26.1,78.6,212.1,6.0,42.6,30.7,35.7,Bw367,6.09
0,Ampara,0,34.5,66.9,48.7,8.1,31.4,26.1,46.9,Bg300,4.4
1,Trincomalee,0,28.5,81.9,225.9,5.6,56.9,46.6,39.9,Bg366,7.35
0,Matale,1,29.6,77.5,112.3,6.5,41.7,45.7,62.6,Bw367,5.8
0,Nuwara Eliya,1,19.8,83.7,203.9,5.4,63.9,23.1,37.2,Bw367,5.8
0,Polonnaruwa,0,32.1,67.3,47.7,8.2,30.1,58.2,54.5,Bg300,5.5
1,Ampara,0,26.1,86.0,208.3,5.8,82.8,24.0,44.3,Bg366,8.05
1,Colombo,1,28.6,86.4,236.9,5.5,60.3,19.4,36.6,Bw367,6.09
1,Polonnaruwa,0,26.2,75.1,198.3,5.1,50.9,20.1,49.6,Bg352,7.14
0,Kegalle,1,27.7,85.4,277.4,5.8,38.8,53.7,48.8,Ld368,5.6
1,Kalutara,1,25.8,85.1,318.5,5.3,67.5,37.1,47.5,Ld368,6.44
0,Ampara,0,34.7,68.8,51.1,8.5,45.4,37.1,46.3,Bg300,5.06
1,Hambantota,0,29.4,77.3,118.9,6.5,63.5,55.0,60.4,Bg352,7.82
1,Kalutara,1,27.6,84.1,309.6,4.5,77.4,25.1,50.3,Ld368,5.88
0,Nuwara Eliya,1,19.8,83.6,207.9,5.6,35.9,25.0,62.6,Bw367,5.8
0,Trincomalee,0,35.0,59.0,44.3,8.1,33.0,51.0,34.6,At362,5.7
0,Colombo,1,29.1,81.7,209.2,7.0,46.5,26.7,48.9,Bw367,5.8
1,Kegalle,1,27.0,87.4,286.0,5.3,33.0,39.7,52.4,Ld368,5.88
0,Badulla,1,27.2,79.1,104.2,7.1,70.3,27.8,57.8,Bw367,6.38
1,Galle,1,28.5,84.6,252.9,5.1,45.9,39.6,47.0,Ld368,5.88
0,Badulla,1,25.3,77.5,103.7,7.1,53.3,19.9,46.9,Bw367,5.8
0,Matale,1,28.4,71.2,117.3,6.2,31.6,32.3,41.7,Bw367,5.8
0,Galle,1,30.8,77.3,216.0,7.3,52.8,35.6,26.4,Bw367,5.8
1,Badulla,1,21.5,88.3,195.6,5.8,42.8,50.2,46.5,Bw367,6.09
0,Galle,1,28.8,82.6,232.2,6.1,42.3,22.4,39.4,Bw367,5.1
0,Nuwara Eliya,1,19.3,84.7,196.2,5.4,72.2,28.9,32.2,Bw367,5.8
0,Hambantota,0,32.0,69.7,48.4,8.4,23.3,23.8,26.5,Bg300,4.84
1,Kegalle,1,26.4,88.7,313.9,4.5,84.2,41.2,43.2,Ld368,5.88
0,Kegalle,1,27.6,79.9,271.6,5.6,27.5,22.2,50.3,Ld368,4.93
0,Colombo,1,30.7,74.5,196.1,6.6,32.5,50.9,64.2,Bw367,5.8
0,Matale,1,30.3,76.4,106.0,7.8,25.4,42.3,35.1,Bw367,5.1
1,Ratnapura,1,25.6,86.5,315.0,4.5,82.8,46.9,43.3,Ld368,5.88
1,Kurunegala,0,26.6,85.8,149.0,5.6,57.2,31.1,47.7,Bg352,7.14
1,Galle,1,25.6,87.0,263.8,5.1,47.1,38.3,54.3,Ld368,5.88
0,Kalutara,1,29.5,87.0,296.8,6.5,41.0,51.5,36.1,Ld368,5.6
1,Kegalle,1,25.6,88.5,310.9,4.5,74.8,47.5,48.5,Ld368,5.88
0,Monaragala,0,31.0,64.7,75.9,8.0,33.5,47.5,60.7,Bg300,5.5
0,Badulla,1,25.9,78.5,97.0,6.5,45.4,39.2,38.6,Bw367,5.8
0,Matale,1,27.6,70.3,113.4,7.0,50.6,34.8,41.4,Bw367,5.8
1,Matale,1,25.2,79.4,188.5,5.2,84.7,28.1,62.5,Bw367,6.67
1,Nuwara Eliya,1,15.8,87.6,281.9,3.3,74.0,52.0,60.0,Ld368,5.88
0,Ampara,0,32.7,59.4,54.5,8.7,45.3,56.3,31.7,Bg300,5.5
0,Kandy,1,27.9,81.9,158.9,6.3,35.8,26.4,38.9,Bw367,5.1
0,Kalutara,1,28.7,79.3,279.9,5.9,50.9,38.7,44.4,Ld368,5.6
0,Monaragala,0,32.7,67.3,53.7,8.0,41.0,25.5,64.3,Bg300,5.5
1,Hambantota,0,27.7,72.0,108.9,7.5,37.9,28.2,34.9,Bg352,6.32
0,Hambantota,0,32.3,72.9,28.1,8.7,42.5,30.5,48.0,At362,6.2
0,Hambantota,0,31.9,65.4,33.7,8.1,50.3,31.8,36.5,At362,6.2
0,Nuwara Eliya,1,18.5,82.7,196.2,4.7,68.9,16.0,41.3,Bw367,5.22
1,Anuradhapura,0,27.6,74.7,172.6,6.6,54.0,31.0,48.6,Bg352,7.14
1,Nuwara Eliya,1,14.8,90.5,272.1,4.3,57.0,45.9,62.9,Ld368,5.88
1,Ratnapura,1,25.3,87.2,309.5,5.3,71.8,34.4,46.5,Ld368,6.44
0,Kalutara,1,28.8,79.9,281.6,6.1,62.3,25.6,37.4,Ld368,5.6
0,Kegalle,1,28.0,82.8,266.6,5.6,42.1,51.8,36.7,Ld368,5.6
1,Monaragala,0,26.5,81.2,180.5,5.8,43.2,58.3,54.8,Bg352,7.82
1,Trincomalee,0,27.6,84.2,220.6,4.7,58.2,52.9,62.9,Bg366,7.35
1,Nuwara Eliya,1,15.9,90.7,291.7,4.4,83.1,53.4,34.0,Ld368,5.88
1,Polonnaruwa,0,27.6,77.1,185.8,5.1,73.8,33.0,59.3,Bg366,8.05
0,Colombo,1,30.2,81.9,191.2,7.3,74.3,46.7,64.7,Bw367,6.38
0,Ampara,0,32.0,63.0,52.1,7.8,55.9,46.4,51.1,Bg300,6.05
0,Galle,1,28.8,77.5,243.8,6.1,43.6,49.9,55.8,Bw367,5.8
1,Polonnaruwa,0,28.9,78.9,189.3,5.0,38.3,42.5,31.3,Bg352,7.14
0,Monaragala,0,30.6,65.6,70.9,7.6,60.1,59.8,56.9,Bg300,6.05
1,Kegalle,1,26.8,90.4,307.9,4.9,84.8,32.4,26.0,Ld368,5.32
1,Badulla,1,21.4,80.2,183.4,4.8,67.9,18.0,33.1,Bw367,5.51
1,Matara,1,26.7,81.2,227.5,6.0,78.5,29.1,47.1,Bw367,6.67
0,Ampara,0,34.0,59.7,51.7,8.2,33.4,59.6,55.3,Bg300,5.06
0,Monaragala,0,32.2,71.7,69.4,8.7,35.5,43.8,52.6,Bg300,5.5
1,Galle,1,28.1,89.8,249.8,5.4,56.0,49.1,50.8,Bw367,6.67
1,Ratnapura,1,25.9,84.2,328.4,4.5,56.0,46.9,26.9,Ld368,5.32
0,Kandy,1,27.2,75.3,145.1,7.3,65.4,50.4,62.5,Bw367,6.38
0,Badulla,1,25.4,80.6,119.3,6.2,69.8,24.1,53.2,Bw367,5.8
1,Kandy,1,24.6,87.2,211.2,4.7,65.9,26.6,64.0,Bw367,6.09
0,Colombo,1,30.4,76.3,204.2,7.9,26.2,33.1,32.7,Bw367,5.1
1,Kurunegala,0,25.5,78.3,170.5,7.0,38.7,41.4,63.7,Bg352,7.14
1,Monaragala,0,28.4,76.5,166.8,5.3,53.8,51.1,47.2,Bg352,7.82
1,Hambantota,0,28.0,71.6,105.4,7.3,65.0,29.2,41.7,Bg352,7.14
1,Kandy,1,23.2,86.5,230.5,5.9,84.9,26.3,48.0,Bw367,6.67
1,Hambantota,0,28.7,71.6,130.7,7.5,54.7,31.2,30.6,Bg352,7.14
0,Monaragala,0,31.4,72.1,70.1,8.2,50.8,21.8,62.3,Bg300,5.5
1,Matale,1,27.0,83.4,206.3,4.8,64.7,45.6,56.1,Bw367,6.09
1,Trincomalee,0,26.2,88.8,234.9,4.7,81.5,31.6,52.6,Bg366,7.35
0,Matale,1,30.4,71.0,119.9,6.9,37.9,40.8,30.2,Bw367,5.8
1,Ampara,0,28.8,84.0,213.5,5.6,39.9,37.3,38.7,Bg352,7.14
1,Colombo,1,27.0,81.7,253.1,6.5,83.0,39.3,38.4,Ld368,6.44
0,Ampara,0,33.4,60.1,63.0,8.5,60.4,40.0,49.2,Bg300,5.06
0,Anuradhapura,0,33.4,69.8,46.2,8.0,66.9,32.7,48.9,Bg300,5.06
0,Nuwara Eliya,1,18.2,79.5,224.9,5.4,24.8,15.8,53.8,Bw367,5.1
0,Matale,1,29.9,79.2,123.0,6.5,63.0,53.2,48.2,Bw367,6.38
0,Kandy,1,27.0,76.8,157.0,7.2,54.6,46.6,31.9,Bw367,5.8
0,Monaragala,0,33.2,68.5,68.5,8.7,59.3,47.8,48.5,Bg300,5.61
0,Kandy,1,28.4,82.8,158.9,6.8,27.5,47.7,54.4,Bw367,5.8
0,Matara,1,31.0,75.0,212.6,7.3,57.1,27.5,53.1,Bw367,5.8
0,Trincomalee,0,33.0,65.8,46.7,8.3,57.5,37.6,56.9,Bg300,6.05
1,Trincomalee,0,28.0,82.1,220.2,5.6,47.7,21.6,44.8,Bg352,7.14
1,Hambantota,0,29.7,79.6,128.2,7.4,42.9,27.9,25.3,Bg352,6.32
0,Colombo,1,31.8,73.9,204.1,7.6,71.0,40.9,63.8,Bw367,6.38
1,Kegalle,1,25.5,87.4,296.5,4.3,70.2,45.1,54.9,Ld368,5.88
0,Badulla,1,25.6,71.2,111.9,6.4,24.4,45.2,25.4,Bw367,5.1
1,Badulla,1,22.5,88.8,176.7,5.6,49.2,48.7,39.4,Bw367,6.09
1,Badulla,1,23.6,82.7,175.5,5.3,66.0,25.2,42.3,Bw367,6.09
0,Anuradhapura,0,32.0,63.8,63.4,8.0,41.0,21.0,55.5,Bg300,5.5
0,Matale,1,28.2,74.3,108.7,6.9,27.3,35.9,54.4,Bw367,5.8
1,Hambantota,0,27.7,73.5,124.2,6.9,37.5,53.8,44.0,Bg352,7.14
0,Hambantota,0,32.9,70.8,48.9,8.1,45.0,55.2,60.8,Bg300,6.05
0,Kandy,1,26.6,78.0,162.0,6.2,55.9,43.3,56.1,Bw367,6.38
1,Anuradhapura,0,27.7,82.7,183.3,6.4,49.0,46.8,35.3,Bg352,7.14
1,Badulla,1,23.1,84.2,195.5,5.1,62.9,32.8,48.9,Bw367,6.09
0,Matale,1,29.6,78.1,112.8,6.7,56.4,42.8,53.2,Bw367,6.38
1,Monaragala,0,26.5,80.0,181.2,5.7,37.1,22.7,42.9,Bg352,6.32
0,Matara,1,29.5,82.5,209.7,6.2,63.2,18.0,64.5,Bw367,5.8
1,Polonnaruwa,0,28.3,77.5,200.2,5.1,76.1,26.8,52.9,Bg366,8.05
0,Colombo,1,29.2,76.8,190.1,7.6,33.1,28.7,47.7,Bw367,5.8
1,Ampara,0,25.9,85.4,212.3,6.1,56.7,57.1,39.2,Bg366,8.05
0,Ampara,0,32.6,59.0,46.4,9.0,28.3,40.2,33.5,Bg300,4.84
0,Kandy,1,28.9,76.1,152.4,7.2,55.8,41.9,32.2,Bw367,5.8
1,Trincomalee,0,26.4,86.1,223.4,5.3,43.1,34.8,48.7,Bg352,7.14
1,Anuradhapura,0,26.7,78.5,182.3,5.5,55.9,38.4,49.9,Bg366,7.35
0,Ratnapura,1,28.7,81.4,278.4,5.4,22.1,27.8,36.0,Ld368,4.93
0,Matara,1,30.2,78.4,225.4,6.4,72.9,45.0,50.2,Bw367,6.38
1,Kurunegala,0,28.0,82.8,145.5,7.0,56.0,35.7,40.8,Bg352,7.14
1,Trincomalee,0,27.8,84.5,224.5,5.4,84.6,22.2,44.6,Bg366,8.05
1,Matale,1,24.5,81.8,189.7,6.2,82.1,28.4,50.6,Bw367,6.67
0,Matale,1,29.9,76.3,105.0,7.4,61.1,35.4,61.1,Bw367,6.38
1,Colombo,1,27.9,83.1,254.9,5.7,47.9,22.3,60.8,Ld368,5.88
0,Ampara,0,32.0,68.8,56.9,9.2,22.6,40.2,52.9,Bg300,5.5
1,Trincomalee,0,26.2,85.1,207.9,5.3,54.0,54.1,50.0,Bg352,7.82
1,Galle,1,27.9,86.5,248.1,5.8,32.9,22.2,50.1,Bw367,6.09
0,Anuradhapura,0,31.1,62.0,42.0,8.4,31.8,45.2,33.5,At362,6.2
1,Galle,1,27.1,83.5,250.8,5.2,32.6,37.9,38.4,Ld368,5.88
1,Kalutara,1,26.0,83.5,323.5,5.1,74.8,31.9,61.1,Ld368,6.44
1,Kandy,1,24.7,84.9,227.0,5.3,44.9,20.8,49.2,Bw367,6.09
1,Ratnapura,1,24.6,88.0,320.4,5.3,34.2,28.9,57.9,Ld368,5.88
0,Nuwara Eliya,1,19.0,88.8,223.4,4.8,27.7,28.0,26.2,Bw367,4.52
0,Ratnapura,1,28.5,85.1,283.5,5.5,57.8,33.1,45.7,Ld368,5.6
0,Galle,1,28.4,83.7,234.3,6.4,28.7,40.1,61.0,Bw367,5.8
1,Ratnapura,1,26.3,90.2,326.1,5.3,58.2,47.5,44.9,Ld368,6.44
1,Polonnaruwa,0,28.3,76.7,204.9,5.9,84.1,48.8,28.4,Bg366,8.05
0,Galle,1,29.7,80.4,229.7,7.1,37.4,46.3,32.0,Bw367,5.8
0,Kandy,1,28.0,79.8,149.4,6.8,24.4,49.1,27.2,Bw367,5.1
0,Matale,1,29.2,77.4,107.3,7.7,73.5,39.2,44.2,Bw367,6.38
1,Ratnapura,1,26.7,90.5,314.7,5.5,55.0,25.6,41.3,Ld368,5.88
0,Kegalle,1,28.2,80.7,273.6,6.7,60.5,47.6,26.3,Ld368,5.6
1,Polonnaruwa,0,27.6,80.8,181.6,5.4,65.1,54.4,61.7,Bg366,8.05
0,Kalutara,1,29.1,86.3,291.1,6.2,69.8,46.6,61.4,Ld368,6.16
1,Galle,1,28.0,81.1,258.8,5.1,74.4,39.5,32.7,Ld368,5.88
0,Nuwara Eliya,1,19.5,85.3,207.8,5.6,48.6,35.2,27.5,Bw367,5.8
1,Kandy,1,23.5,85.3,229.1,4.7,59.0,24.6,55.4,Bw367,5.51
0,Polonnaruwa,0,34.2,64.5,51.8,8.9,41.1,45.9,61.3,Bg300,5.06
1,Colombo,1,27.5,80.6,246.1,5.5,50.0,26.7,49.1,Bw367,6.09
1,Matale,1,26.6,87.6,202.5,4.8,83.3,43.2,38.4,Bw367,6.09
1,Trincomalee,0,26.4,79.8,214.3,5.4,62.2,22.7,51.1,Bg366,7.35
1,Colombo,1,27.9,85.3,235.3,5.5,60.3,52.8,45.7,Bw367,6.67
0,Ampara,0,32.8,64.8,35.4,8.3,23.4,40.9,57.7,At362,6.2
0,Kegalle,1,29.7,83.8,283.5,6.2,24.3,19.9,55.9,Ld368,4.93
1,Ratnapura,1,27.0,86.8,332.0,5.2,77.9,23.6,48.8,Ld368,6.44
0,Monaragala,0,30.6,71.6,77.2,8.6,65.4,49.8,50.3,Bg300,6.05
1,Kalutara,1,25.4,91.8,310.9,5.7,46.0,33.2,52.8,Ld368,5.88
0,Polonnaruwa,0,34.5,64.9,31.0,9.3,35.7,37.8,37.5,At362,5.7
1,Polonnaruwa,0,27.1,81.3,204.4,5.5,41.8,46.7,51.8,Bg352,7.14
1,Kegalle,1,24.5,90.5,300.6,5.3,35.0,32.3,34.1,Ld368,5.21
0,Ratnapura,1,28.5,87.1,287.3,6.1,49.7,32.1,63.9,Ld368,5.6
1,Trincomalee,0,26.5,87.0,230.5,5.6,49.1,44.8,48.4,Bg352,7.14
0,Polonnaruwa,0,33.4,66.5,35.1,8.6,52.2,31.3,64.1,At362,5.7
1,Badulla,1,22.4,87.8,177.4,6.0,61.4,16.3,61.1,Bw367,6.09
1,Galle,1,26.9,83.3,263.7,6.1,66.4,21.5,54.4,Ld368,5.88
0,Kegalle,1,28.6,86.2,260.0,5.9,23.5,46.8,49.9,Ld368,5.6
0,Badulla,1,25.0,71.4,100.0,6.9,33.6,25.4,60.0,Bw367,5.8
0,Monaragala,0,33.4,67.4,78.4,7.4,62.2,44.7,57.8,Bg300,5.61
0,Colombo,1,31.9,78.3,208.5,7.8,59.3,36.0,35.9,Bw367,5.8
1,Polonnaruwa,0,27.4,81.2,182.4,5.8,68.4,43.4,42.9,Bg366,8.05
0,Nuwara Eliya,1,18.4,86.0,201.7,5.2,52.4,53.8,27.4,Bw367,5.8
1,Ampara,0,27.4,82.3,196.2,6.0,57.2,33.9,37.8,Bg366,7.35
1,Kegalle,1,25.1,83.6,291.4,5.3,74.6,28.2,31.9,Ld368,5.88
1,Kalutara,1,26.9,85.5,321.3,4.4,31.8,18.5,58.8,Ld368,5.32
1,Kegalle,1,27.4,85.4,291.4,5.2,59.6,38.6,38.9,Ld368,5.88
1,Trincomalee,0,28.1,83.4,216.4,6.1,69.3,57.1,56.9,Bg366,8.05
0,Anuradhapura,0,31.3,62.9,64.1,8.2,25.1,48.3,54.4,Bg300,5.5
0,Badulla,1,25.9,71.2,118.7,6.7,67.0,47.1,51.5,Bw367,6.38
1,Nuwara Eliya,1,15.5,89.4,275.2,4.6,56.6,48.3,29.2,Ld368,5.32
1,Kandy,1,25.9,85.9,220.3,5.2,41.8,43.7,28.4,Bw367,6.09
0,Kalutara,1,27.8,80.5,283.5,6.4,28.8,52.2,47.2,Ld368,5.6
0,Polonnaruwa,0,32.9,67.3,51.6,8.1,32.3,46.9,60.8,Bg300,5.5
1,Kegalle,1,26.9,87.6,301.4,5.8,71.1,49.0,39.2,Ld368,6.44
0,Trincomalee,0,35.0,65.4,61.8,8.7,65.2,41.6,37.2,Bg300,5.06
1,Anuradhapura,0,26.7,82.4,183.6,6.4,67.2,46.7,25.7,Bg366,7.35
1,Badulla,1,23.5,79.4,203.7,5.4,45.9,36.3,57.0,Bw367,6.09
1,Kandy,1,24.9,85.0,223.9,4.6,32.1,20.5,36.4,Bw367,4.81
1,Kegalle,1,26.3,86.6,286.2,4.4,35.0,29.1,25.2,Ld368,4.65
1,Galle,1,28.2,86.5,247.0,4.9,46.0,36.7,36.0,Bw367,5.51
0,Kandy,1,26.7,82.9,140.0,7.0,58.8,27.9,38.2,Bw367,5.8
0,Kegalle,1,28.5,77.6,266.2,5.8,71.7,42.9,27.0,Ld368,5.6
1,Monaragala,0,28.4,84.6,172.9,6.2,76.7,46.8,54.3,Bg366,8.05
0,Badulla,1,25.6,72.5,110.2,6.9,74.8,39.4,56.5,Bw367,6.38
0,Kandy,1,28.5,79.2,155.9,6.2,50.2,40.4,48.6,Bw367,5.8
0,Nuwara Eliya,1,19.5,88.7,220.0,4.6,43.5,24.5,25.2,Bw367,4.52
1,Ampara,0,25.9,84.2,207.8,5.2,71.9,53.3,64.0,Bg366,8.05
1,Ampara,0,26.6,77.0,223.0,5.2,40.8,30.7,38.2,Bg352,7.14
0,Badulla,1,25.4,74.0,98.5,6.8,35.6,16.0,60.4,Bw367,5.8
1,Kalutara,1,25.5,88.5,313.9,5.7,50.8,39.7,60.1,Ld368,6.44
0,Anuradhapura,0,32.1,61.4,35.5,8.9,33.1,20.1,59.9,At362,6.2
1,Kurunegala,0,26.3,79.4,150.8,6.7,39.4,42.5,28.1,Bg352,7.14
0,Galle,1,29.6,75.9,232.5,7.0,60.1,45.4,55.8,Bw367,6.38
0,Kalutara,1,27.9,85.3,291.7,6.2,33.9,21.2,33.3,Ld368,4.93
1,Trincomalee,0,27.7,81.5,226.0,5.4,78.7,29.3,43.0,Bg366,8.05
1,Ampara,0,26.9,82.1,217.0,5.0,42.0,45.3,40.3,Bg352,7.14
0,Anuradhapura,0,32.2,67.5,46.6,9.1,29.7,31.7,47.1,Bg300,5.5
1,Kegalle,1,26.3,90.4,302.6,4.9,34.4,29.5,32.3,Ld368,4.65
0,Trincomalee,0,34.6,64.5,53.1,8.3,34.7,30.4,44.5,Bg300,5.06
0,Colombo,1,30.3,77.0,214.6,6.9,53.8,24.6,43.7,Bw367,5.8
1,Monaragala,0,28.1,83.8,179.5,6.2,71.4,37.3,46.9,Bg366,8.05
1,Ratnapura,1,24.6,92.3,306.8,4.3,73.8,15.0,36.3,Ld368,5.32
0,Monaragala,0,33.3,69.5,62.4,8.1,49.9,43.4,30.9,Bg300,5.06
0,Kurunegala,0,30.7,67.0,113.4,6.7,47.7,52.2,47.0,Bg300,5.5
1,Anuradhapura,0,27.6,77.9,170.7,5.8,69.5,28.7,35.6,Bg366,7.35
0,Monaragala,0,31.2,63.2,71.6,8.2,58.2,28.6,52.5,Bg300,5.5
1,Monaragala,0,27.4,79.4,172.0,6.0,65.3,27.2,46.6,Bg366,7.35
0,Kegalle,1,28.1,80.9,263.4,5.9,64.3,40.5,47.6,Ld368,6.16
1,Anuradhapura,0,27.5,74.4,167.3,5.3,38.9,21.2,54.3,Bg352,7.14
1,Anuradhapura,0,27.6,81.2,168.4,6.5,65.2,33.7,29.7,Bg366,7.35
1,Kegalle,1,26.7,89.6,291.6,5.1,49.3,45.9,49.9,Ld368,5.88
0,Polonnaruwa,0,33.8,60.4,52.6,9.4,68.3,51.3,41.3,Bg300,5.61
1,Badulla,1,22.3,80.1,181.6,5.7,83.7,33.0,52.5,Bw367,6.67
0,Nuwara Eliya,1,17.7,80.4,221.5,4.9,53.8,36.1,40.2,Bw367,5.22
0,Kurunegala,0,31.2,68.4,106.6,7.4,74.2,34.1,50.8,Bg300,6.05
1,Nuwara Eliya,1,14.9,94.8,276.1,3.2,38.1,16.1,64.6,Ld368,5.32
0,Polonnaruwa,0,34.3,68.0,48.0,8.1,24.5,39.3,41.2,Bg300,5.06
1,Badulla,1,23.5,83.8,189.4,5.2,72.9,42.4,43.0,Bw367,6.67
0,Trincomalee,0,32.7,57.1,55.9,8.8,63.8,41.7,62.5,Bg300,6.05
1,Colombo,1,28.2,82.0,235.8,5.4,37.4,43.5,40.1,Bw367,6.09
0,Ampara,0,34.7,62.7,58.4,8.3,46.1,35.5,38.7,Bg300,5.06
1,Kandy,1,24.1,88.9,225.7,4.6,62.5,50.7,53.0,Bw367,6.09
1,Polonnaruwa,0,28.6,78.0,193.6,5.8,76.8,57.3,62.2,Bg366,8.05
1,Kegalle,1,27.3,82.5,293.0,5.1,56.4,39.2,44.2,Ld368,5.88
1,Kalutara,1,27.6,91.5,319.4,4.5,62.7,38.3,46.1,Ld368,5.32
1,Matara,1,26.0,80.0,252.1,6.0,44.4,26.2,49.4,Ld368,5.88
0,Monaragala,0,32.1,72.3,64.4,8.1,52.8,36.4,58.5,Bg300,5.5
1,Ratnapura,1,26.0,91.2,332.1,5.4,58.0,40.7,40.8,Ld368,5.88
0,Badulla,1,27.2,80.3,121.9,6.4,66.8,52.9,39.4,Bw367,6.38
1,Kegalle,1,26.8,87.6,314.8,5.0,69.3,46.7,44.8,Ld368,6.44
0,Anuradhapura,0,32.6,64.1,38.2,8.3,60.4,56.9,35.1,At362,6.82
1,Polonnaruwa,0,28.1,84.6,199.2,6.0,60.4,23.5,54.2,Bg366,7.35
1,Kegalle,1,26.5,91.0,308.5,5.5,81.0,54.6,48.3,Ld368,6.44
1,Kurunegala,0,27.9,77.3,146.7,5.5,70.2,40.0,39.8,Bg352,7.14
1,Matale,1,26.2,81.2,193.0,5.7,60.7,29.5,50.7,Bw367,6.09
0,Kalutara,1,29.9,80.3,279.8,6.7,58.9,22.3,29.6,Ld368,5.6
1,Hambantota,0,29.5,71.7,126.2,6.2,73.2,29.8,54.5,Bg352,7.82
0,Anuradhapura,0,34.0,65.8,54.0,8.3,60.4,39.8,25.7,Bg300,5.06
0,Kurunegala,0,30.8,72.6,123.5,6.9,21.8,44.3,63.0,Bg300,5.5
0,Ampara,0,32.5,66.0,63.6,8.9,44.5,26.8,43.4,Bg300,5.5
0,Matale,1,29.0,71.3,118.6,6.3,22.7,49.3,33.2,Bw367,5.8
0,Monaragala,0,30.9,65.6,60.8,7.4,22.5,55.1,25.5,Bg300,4.84
0,Trincomalee,0,33.4,59.4,57.0,9.4,30.6,48.4,27.5,Bg300,5.06
1,Ampara,0,26.1,86.1,209.7,5.4,83.5,59.6,51.0,Bg366,8.05
0,Badulla,1,25.0,78.6,115.4,7.1,64.6,40.9,60.1,Bw367,6.38
1,Kegalle,1,26.3,90.7,291.4,5.1,82.8,33.9,35.1,Ld368,6.44
1,Ratnapura,1,27.2,93.5,326.0,4.8,40.0,19.9,27.4,Ld368,4.65
0,Nuwara Eliya,1,20.1,87.1,212.0,5.8,72.4,41.2,43.6,Bw367,6.38
1,Kandy,1,24.5,81.6,217.0,5.9,48.8,21.1,48.3,Bw367,6.09
0,Anuradhapura,0,31.3,61.4,57.0,9.1,49.5,31.6,39.1,Bg300,5.5
0,Kurunegala,0,30.5,69.4,113.3,8.1,36.9,27.5,58.5,Bg300,5.5
0,Trincomalee,0,33.0,58.4,56.2,9.1,46.4,44.0,32.2,Bg300,5.5
0,Ratnapura,1,29.0,83.3,285.4,5.9,38.3,27.1,41.4,Ld368,5.6
1,Ampara,0,28.4,80.5,196.4,6.3,44.5,25.1,39.8,Bg352,7.14
1,Matara,1,26.6,84.7,237.5,5.2,48.2,44.0,49.5,Bw367,6.09
0,Matale,1,28.0,76.4,129.4,6.8,52.7,21.8,37.5,Bw367,5.8
1,Ampara,0,28.2,81.0,219.5,5.8,75.6,31.4,32.4,Bg366,7.35
0,Badulla,1,26.9,73.6,112.4,6.7,49.1,41.7,39.0,Bw367,5.8
1,Kurunegala,0,27.2,85.2,166.8,6.8,39.6,28.9,44.5,Bg352,7.14
0,Colombo,1,29.6,81.7,188.8,6.7,29.2,38.4,61.7,Bw367,5.8
1,Galle,1,27.2,81.8,253.9,5.0,57.0,41.2,48.2,Ld368,5.88
1,Colombo,1,26.8,83.7,249.3,6.7,74.7,54.0,41.3,Bw367,6.67
1,Ratnapura,1,24.4,88.5,324.5,5.3,44.7,35.5,51.5,Ld368,5.88
1,Hambantota,0,27.8,78.0,110.2,7.4,82.4,34.6,40.0,Bg352,7.82
0,Kandy,1,27.4,77.3,142.0,5.8,43.6,46.5,53.6,Bw367,5.8
1,Colombo,1,29.3,85.6,225.2,5.3,63.6,40.1,60.1,Bw367,6.67
0,Kegalle,1,28.0,81.7,279.3,7.0,33.0,36.6,31.4,Ld368,4.93
1,Colombo,1,27.9,86.4,230.0,5.7,38.4,46.7,27.5,Bw367,6.09
1,Kurunegala,0,26.7,77.4,173.7,6.9,45.4,49.3,48.1,Bg352,7.14
0,Nuwara Eliya,1,18.3,83.9,207.6,4.7,64.4,34.3,51.2,Bw367,5.22
1,Galle,1,27.1,83.2,250.8,6.0,72.3,29.2,52.8,Ld368,6.44
0,Ratnapura,1,29.8,84.7,292.7,5.8,54.8,50.8,48.5,Ld368,6.16
1,Kalutara,1,27.6,83.9,305.1,4.8,80.0,53.2,29.8,Ld368,5.88
0,Monaragala,0,33.3,66.0,57.3,7.3,35.2,47.7,42.0,Bg300,5.06
1,Galle,1,28.3,81.1,237.1,6.2,72.6,25.5,38.0,Bw367,6.09
0,Badulla,1,26.4,71.6,109.7,6.4,65.1,30.2,46.1,Bw367,5.8
1,Colombo,1,26.5,83.8,248.0,6.3,70.5,19.2,52.7,Bw367,6.09
0,Nuwara Eliya,1,17.8,86.6,221.7,5.3,64.3,54.6,30.4,Bw367,5.8
0,Hambantota,0,31.6,65.7,36.0,8.8,61.5,32.9,62.5,At362,6.82
0,Polonnaruwa,0,34.4,60.5,30.3,8.7,39.7,41.6,56.9,At362,5.7
1,Matale,1,26.9,79.1,194.2,4.8,38.2,43.0,39.7,Bw367,5.51
0,Kegalle,1,27.8,83.8,277.5,5.8,22.5,18.2,51.3,Ld368,4.93
0,Ampara,0,33.1,67.5,56.3,7.9,36.3,54.8,25.7,Bg300,5.06
1,Nuwara Eliya,1,16.2,91.2,287.8,4.4,68.1,47.9,50.8,Ld368,5.88
1,Anuradhapura,0,29.4,76.6,169.2,5.8,57.2,45.2,45.2,Bg366,7.35
1,Kegalle,1,25.3,85.1,314.6,4.8,79.3,27.2,28.8,Ld368,5.32
0,Monaragala,0,32.5,72.3,75.0,8.1,57.1,45.0,51.7,Bg300,6.05
0,Kandy,1,27.2,78.9,136.1,6.5,67.3,34.7,47.1,Bw367,5.8
1,Anuradhapura,0,29.1,77.5,166.8,6.6,67.1,54.0,30.5,Bg366,8.05
1,Matara,1,28.5,80.5,249.3,6.3,69.0,20.3,51.7,Bw367,6.09
0,Ampara,0,33.0,63.1,48.3,7.9,69.1,54.8,64.9,Bg300,6.05
0,Matara,1,30.5,81.9,215.7,7.4,73.8,42.9,41.7,Bw367,6.38
1,Kurunegala,0,28.2,78.3,153.0,6.9,82.0,39.4,40.0,Bg366,8.05
1,Matale,1,24.4,82.2,212.3,5.3,72.2,30.6,57.2,Bw367,6.67
1,Kegalle,1,27.0,91.9,314.5,5.0,56.7,27.1,37.6,Ld368,5.88
0,Kandy,1,28.1,78.4,161.9,7.0,37.7,35.2,55.0,Bw367,5.8
0,Badulla,1,27.1,72.4,121.7,7.7,45.3,47.3,39.5,Bw367,5.8
0,Ampara,0,34.1,67.7,64.2,9.0,53.5,34.6,32.3,Bg300,5.06
1,Trincomalee,0,27.3,87.1,222.6,5.9,70.2,29.5,42.4,Bg366,7.35
0,Kandy,1,26.1,73.6,163.3,7.3,25.2,28.4,29.6,Bw367,5.1
0,Monaragala,0,32.0,69.2,66.2,8.3,37.6,25.5,25.7,Bg300,4.84
0,Kalutara,1,28.8,79.7,284.6,6.1,59.3,15.5,37.6,Ld368,5.6
1,Matara,1,27.7,86.3,249.4,6.3,67.5,32.6,64.3,Bw367,6.67
0,Hambantota,0,30.6,67.9,45.8,8.9,29.8,23.3,60.3,Bg300,5.5
1,Ampara,0,26.7,80.8,214.8,5.2,78.2,24.3,26.5,Bg366,7.35
0,Anuradhapura,0,31.9,61.1,37.0,8.9,29.0,56.6,39.7,At362,6.2
0,Anuradhapura,0,31.7,65.7,51.8,8.9,61.7,46.8,43.0,Bg300,6.05
1,Hambantota,0,28.9,79.9,129.6,6.1,47.6,42.9,53.9,Bg352,7.14
0,Badulla,1,25.1,76.2,115.0,7.5,32.5,21.7,25.8,Bw367,5.1
1,Ampara,0,26.0,80.5,199.4,5.6,51.1,23.7,41.0,Bg352,7.14
1,Kalutara,1,26.1,84.5,305.5,4.6,73.8,54.3,26.0,Ld368,5.88
1,Anuradhapura,0,27.3,73.7,165.4,6.6,49.4,59.8,42.7,Bg352,7.82
0,Trincomalee,0,32.8,59.9,59.8,8.3,50.8,24.8,33.5,Bg300,5.5
1,Matale,1,24.2,84.7,198.9,6.0,35.4,20.8,37.3,Bw367,5.39
0,Matale,1,28.4,74.1,114.0,6.3,71.7,36.9,56.5,Bw367,6.38
1,Kandy,1,25.8,88.6,209.7,4.7,58.2,45.9,33.8,Bw367,5.51
1,Galle,1,27.1,86.9,242.3,6.0,82.3,20.5,45.4,Bw367,6.09
0,Colombo,1,29.6,72.9,197.1,7.7,51.7,23.9,26.6,Bw367,5.1
0,Monaragala,0,30.9,66.4,65.3,8.6,24.5,46.7,25.6,Bg300,4.84
1,Matale,1,26.4,83.3,195.6,5.1,34.7,36.4,60.5,Bw367,6.09
1,Monaragala,0,28.5,78.0,168.4,5.7,36.0,36.7,55.6,Bg352,7.14
1,Anuradhapura,0,28.5,80.6,174.7,6.5,48.6,30.2,33.9,Bg352,7.14
1,Badulla,1,21.9,85.0,180.2,4.9,67.3,46.2,45.0,Bw367,6.09
1,Badulla,1,22.3,82.9,203.8,5.9,41.4,30.4,46.8,Bw367,6.09
1,Kalutara,1,26.4,91.1,318.0,5.0,77.0,45.0,56.1,Ld368,6.44
1,Matara,1,26.5,81.7,251.7,6.2,81.0,17.5,50.1,Ld368,5.88
0,Kurunegala,0,31.0,68.6,98.8,6.7,54.7,34.4,29.2,Bg300,5.5
0,Kalutara,1,30.3,81.2,285.0,6.7,55.6,43.4,50.4,Ld368,5.6
0,Matara,1,29.2,83.3,211.6,7.4,48.5,15.5,45.7,Bw367,5.8
1,Ampara,0,27.9,82.7,195.3,5.0,72.7,31.0,45.0,Bg366,7.35
0,Anuradhapura,0,32.6,67.0,37.5,7.8,34.3,32.4,52.5,At362,6.2
1,Polonnaruwa,0,27.1,81.5,184.9,5.1,77.0,42.6,51.0,Bg366,8.05
1,Kalutara,1,26.1,83.8,320.7,5.1,34.6,47.2,42.8,Ld368,5.88
0,Badulla,1,24.5,71.3,100.1,6.5,62.0,43.3,49.6,Bw367,6.38
0,Matara,1,31.0,83.1,218.0,6.4,60.0,28.5,56.8,Bw367,5.8
0,Galle,1,29.6,80.1,218.0,6.6,24.7,33.6,58.7,Bw367,5.8
0,Kandy,1,26.6,79.7,162.5,6.2,69.5,35.2,37.7,Bw367,5.8
1,Kalutara,1,25.5,88.6,314.9,4.3,77.9,22.4,34.0,Ld368,5.32
1,Galle,1,27.0,81.3,259.2,5.8,37.4,30.0,57.4,Ld368,5.88
1,Matale,1,24.9,79.4,207.8,6.2,63.0,40.4,55.5,Bw367,6.67
0,Trincomalee,0,35.4,60.6,58.8,8.8,45.7,48.1,64.8,Bg300,5.61
1,Kurunegala,0,26.9,78.8,154.2,6.6,55.0,55.3,30.9,Bg352,7.14
1,Kalutara,1,26.9,88.2,321.7,5.8,36.4,20.2,30.2,Ld368,5.21
0,Trincomalee,0,35.0,64.4,65.8,8.4,42.3,59.3,31.3,Bg300,5.06
1,Kalutara,1,26.6,87.6,322.0,5.7,75.2,30.0,53.7,Ld368,6.44
1,Kandy,1,24.2,87.4,230.4,5.1,62.7,48.8,57.5,Bw367,6.67
0,Ratnapura,1,27.6,84.2,285.2,5.3,32.2,33.2,38.2,Ld368,4.93
0,Matara,1,31.0,76.9,226.9,7.4,73.0,34.9,49.6,Bw367,6.38
1,Polonnaruwa,0,28.0,79.6,193.1,6.4,32.8,55.3,59.1,Bg352,7.14
1,Kurunegala,0,27.0,80.6,174.8,5.6,62.5,47.3,62.4,Bg366,8.05
1,Kalutara,1,26.9,84.2,306.2,4.4,78.5,45.0,55.3,Ld368,5.88
1,Kandy,1,24.5,81.5,214.9,4.6,69.9,21.4,53.1,Bw367,5.51
0,Matale,1,28.9,71.4,114.4,6.7,58.5,19.5,58.2,Bw367,5.8
0,Kandy,1,27.1,73.6,149.0,7.3,36.4,44.4,46.9,Bw367,5.8
1,Matara,1,25.9,79.1,246.0,5.4,48.4,36.9,29.1,Bw367,6.09
0,Hambantota,0,31.0,71.3,50.0,7.7,71.2,41.2,61.9,Bg300,6.05
0,Polonnaruwa,0,33.3,62.0,53.2,9.0,47.2,56.5,40.1,Bg300,5.06
0,Polonnaruwa,0,33.6,58.4,44.5,8.8,28.9,53.5,56.9,At362,5.7
1,Ampara,0,28.1,86.2,204.1,5.9,69.3,31.8,47.0,Bg366,7.35
1,Kurunegala,0,26.9,85.3,170.0,6.8,74.2,39.5,40.3,Bg366,8.05
1,Hambantota,0,28.5,72.5,120.2,6.2,68.0,33.4,35.4,Bg352,7.14
0,Kurunegala,0,30.0,71.3,113.6,6.7,42.3,26.2,46.7,Bg300,5.5
1,Kurunegala,0,27.1,77.4,145.9,6.4,48.0,42.9,31.5,Bg352,7.14
0,Colombo,1,31.7,75.0,204.8,6.8,62.0,19.8,55.5,Bw367,5.8
1,Galle,1,28.1,87.4,246.3,6.2,45.6,53.7,55.7,Bw367,6.67
0,Hambantota,0,30.8,72.4,52.7,7.4,20.0,30.2,59.1,Bg300,5.5
0,Trincomalee,0,33.5,57.0,56.6,8.5,61.0,37.9,52.1,Bg300,5.61
1,Anuradhapura,0,27.5,80.7,173.0,6.6,33.9,53.4,28.7,Bg352,7.14
0,Polonnaruwa,0,32.6,67.6,59.5,8.3,28.2,34.1,38.5,Bg300,4.84
1,Kandy,1,25.3,87.5,222.3,5.7,40.8,21.5,55.0,Bw367,6.09
1,Trincomalee,0,28.1,85.2,232.8,5.4,78.9,38.2,36.1,Bg366,8.05
0,Monaragala,0,31.9,70.5,77.8,8.4,37.0,42.5,61.5,Bg300,5.5
1,Monaragala,0,26.8,82.6,156.5,6.1,46.2,25.3,55.9,Bg352,7.14
1,Ampara,0,26.6,79.8,212.6,5.8,31.0,29.7,42.2,Bg352,6.32
0,Kurunegala,0,32.3,68.9,116.2,6.8,30.9,33.5,56.8,Bg300,5.5
0,Kegalle,1,30.2,86.2,257.4,6.8,44.8,49.6,28.6,Ld368,5.6
0,Trincomalee,0,33.1,58.0,62.3,9.5,55.8,25.8,62.4,Bg300,5.06
1,Kurunegala,0,26.8,82.9,168.3,6.6,83.2,24.6,48.2,Bg366,8.05
1,Polonnaruwa,0,28.9,80.1,204.9,5.7,53.2,30.1,57.7,Bg352,7.14
0,Trincomalee,0,33.3,57.6,64.5,9.1,72.8,30.1,27.8,Bg300,5.06
1,Galle,1,25.8,82.6,238.8,5.2,35.8,53.2,36.1,Bw367,6.09
1,Hambantota,0,29.0,74.6,116.1,6.4,33.7,40.8,37.5,Bg352,7.14
0,Colombo,1,31.2,75.3,205.1,6.8,60.0,15.6,31.1,Bw367,5.8
1,Kandy,1,25.3,80.7,210.6,5.0,30.5,45.5,47.4,Bw367,6.09
1,Kandy,1,23.2,81.4,218.5,5.0,73.1,21.4,64.0,Bw367,6.67
0,Polonnaruwa,0,32.8,60.7,47.4,8.1,28.2,49.8,32.5,Bg300,5.5
1,Hambantota,0,27.1,71.8,121.6,6.6,40.5,50.9,44.6,Bg352,7.14
0,Kalutara,1,28.0,84.1,295.0,6.5,32.1,38.8,61.2,Ld368,5.6
1,Trincomalee,0,27.8,80.8,212.6,4.8,44.7,36.4,27.6,Bg352,6.46
0,Ampara,0,33.2,64.9,46.1,8.9,43.7,50.5,57.9,Bg300,5.61
1,Colombo,1,27.8,84.8,239.8,5.4,36.4,52.9,33.5,Bw367,6.09
1,Ratnapura,1,25.0,88.3,324.6,4.3,70.5,42.6,46.7,Ld368,5.88
0,Kalutara,1,29.0,87.9,288.7,5.5,57.5,16.9,35.0,Ld368,5.6
0,Trincomalee,0,34.7,61.9,40.9,9.1,42.6,56.9,45.0,At362,5.7
1,Matara,1,26.4,86.6,246.6,6.4,31.9,32.9,52.2,Bw367,6.09
1,Hambantota,0,27.0,75.1,132.7,6.3,65.2,45.8,31.4,Bg352,7.14
1,Polonnaruwa,0,27.4,76.9,197.5,5.8,58.6,25.4,45.7,Bg366,7.35
0,Nuwara Eliya,1,18.5,87.6,216.0,5.4,37.3,24.1,41.3,Bw367,5.1
0,Colombo,1,31.8,75.9,214.7,7.6,24.4,41.4,35.8,Bw367,5.1
1,Kandy,1,25.1,82.8,205.0,5.8,75.2,19.9,40.0,Bw367,6.09
0,Hambantota,0,32.0,67.2,54.0,7.6,46.4,23.4,25.9,Bg300,4.84
1,Monaragala,0,28.7,81.9,181.0,6.5,65.6,53.9,40.6,Bg366,8.05
1,Badulla,1,23.3,79.8,200.8,5.0,77.5,27.5,38.1,Bw367,6.09
1,Trincomalee,0,28.2,80.7,223.9,5.6,45.5,59.4,27.6,Bg352,7.14
1,Galle,1,25.9,81.0,261.9,5.7,81.4,28.8,52.1,Ld368,6.44
1,Hambantota,0,28.5,72.6,124.9,7.5,54.8,50.0,50.8,Bg352,7.82
0,Kalutara,1,27.6,85.4,285.9,5.8,72.2,45.9,63.5,Ld368,6.16
0,Matara,1,30.1,83.8,233.4,7.8,72.3,15.3,54.6,Bw367,5.8
1,Colombo,1,26.4,82.7,247.0,5.6,42.4,17.4,28.8,Bw367,5.39
0,Ratnapura,1,28.5,79.3,294.1,6.2,48.4,25.9,51.3,Ld368,5.6
0,Trincomalee,0,34.6,63.8,42.8,9.6,46.8,35.7,63.2,At362,5.7
0,Badulla,1,26.7,77.6,100.0,7.8,45.5,30.8,61.8,Bw367,5.8
1,Ampara,0,28.4,79.4,200.1,4.8,79.3,28.0,37.3,Bg366,6.65
1,Kalutara,1,25.9,89.7,323.6,4.7,52.4,45.8,42.3,Ld368,5.32
1,Galle,1,26.4,83.5,235.9,6.4,64.4,35.0,40.3,Bw367,6.09
0,Kandy,1,27.1,76.6,148.9,6.1,29.9,37.3,58.7,Bw367,5.8
1,Colombo,1,27.0,86.8,249.9,6.2,81.1,32.8,64.3,Bw367,6.67
0,Nuwara Eliya,1,18.2,85.4,206.3,5.2,36.8,39.7,36.0,Bw367,5.8
1,Kegalle,1,27.2,90.8,314.1,5.4,67.5,37.4,30.0,Ld368,5.88
1,Anuradhapura,0,27.4,81.9,170.2,6.7,58.8,48.6,29.4,Bg366,7.35
0,Badulla,1,27.4,73.7,103.9,6.5,27.1,24.3,50.7,Bw367,5.1
0,Galle,1,28.7,78.0,218.9,6.4,65.2,40.6,63.0,Bw367,6.38
1,Anuradhapura,0,28.9,80.0,172.8,6.4,69.4,38.4,52.5,Bg366,8.05
1,Kalutara,1,26.0,87.7,321.9,4.8,52.2,39.3,55.1,Ld368,5.32
0,Polonnaruwa,0,33.2,59.9,50.3,9.1,74.2,41.7,35.9,Bg300,5.61
0,Monaragala,0,31.6,64.4,78.8,7.9,51.1,50.0,27.7,Bg300,5.5
1,Ratnapura,1,25.6,91.6,333.6,5.6,53.2,53.0,26.4,Ld368,5.88
0,Kandy,1,27.3,81.1,151.0,6.2,38.3,50.9,43.1,Bw367,5.8
0,Kalutara,1,27.6,81.6,300.5,6.6,32.2,31.5,32.9,Ld368,4.93
1,Matara,1,27.5,86.5,246.4,6.4,82.2,16.3,64.0,Bw367,6.67
1,Ratnapura,1,24.7,93.1,332.9,5.1,31.0,36.5,50.2,Ld368,5.88
1,Matale,1,27.0,86.6,186.9,6.2,63.7,47.0,41.3,Bw367,6.67
1,Anuradhapura,0,27.9,74.5,175.7,6.6,32.1,26.0,30.0,Bg352,6.32
1,Ratnapura,1,24.7,93.2,331.5,4.1,71.3,41.2,55.7,Ld368,5.88
0,Galle,1,31.0,75.4,222.0,6.6,44.7,51.9,47.4,Bw367,5.8
1,Kegalle,1,25.7,86.2,314.0,5.3,65.0,43.5,55.8,Ld368,6.44
0,Matara,1,31.0,81.9,212.0,7.8,40.0,21.8,45.0,Bw367,5.8
0,Kalutara,1,29.4,86.6,282.9,6.5,42.0,31.6,36.2,Ld368,5.6
0,Trincomalee,0,33.6,65.3,68.9,9.6,29.0,20.6,42.5,Bg300,4.4
0,Badulla,1,27.4,78.8,112.4,6.2,65.4,22.1,27.2,Bw367,5.8
1,Ampara,0,26.3,80.9,197.6,5.7,45.5,54.6,39.3,Bg352,7.14
0,Ratnapura,1,27.2,81.8,285.3,6.4,33.4,35.2,57.7,Ld368,5.6
1,Badulla,1,21.4,83.3,193.0,4.7,49.2,39.3,63.1,Bw367,6.09
1,Ratnapura,1,24.9,89.8,325.3,5.6,31.7,18.6,28.1,Ld368,5.21
1,Anuradhapura,0,29.0,80.4,191.9,5.7,34.8,22.3,59.1,Bg352,7.14
1,Matale,1,24.4,82.1,193.2,4.7,73.4,47.5,33.8,Bw367,6.09
1,Kurunegala,0,25.9,81.6,152.4,6.2,51.2,28.4,55.0,Bg352,7.14
1,Kalutara,1,27.4,88.6,320.0,4.2,71.2,17.1,63.0,Ld368,5.88
0,Nuwara Eliya,1,18.5,82.2,220.8,5.6,69.0,47.3,57.8,Bw367,6.38
1,Badulla,1,21.1,79.9,194.5,5.3,61.2,24.2,51.0,Bw367,6.09
0,Hambantota,0,32.3,67.7,29.4,7.9,47.9,33.7,47.7,At362,6.2
0,Colombo,1,29.3,73.5,187.4,7.8,70.1,52.5,63.4,Bw367,6.38
1,Badulla,1,22.6,80.3,179.1,5.9,77.1,46.4,58.4,Bw367,6.67
1,Trincomalee,0,26.9,83.6,234.9,6.1,62.9,25.5,35.3,Bg366,7.35
0,Trincomalee,0,32.6,64.1,66.5,8.9,52.0,26.5,33.8,Bg300,5.5
1,Colombo,1,27.6,86.3,240.7,5.5,44.6,30.4,49.9,Bw367,6.09
0,Anuradhapura,0,32.2,65.6,42.3,7.8,21.3,30.1,28.7,At362,5.46
1,Kegalle,1,26.8,89.2,303.3,5.7,45.5,50.4,41.0,Ld368,5.88
0,Kalutara,1,29.4,87.7,286.1,5.5,44.5,36.8,57.0,Ld368,5.6
0,Polonnaruwa,0,34.4,65.8,39.0,9.0,57.0,59.9,30.5,At362,5.7
0,Polonnaruwa,0,34.4,59.8,45.3,8.4,71.3,59.3,57.6,Bg300,5.61
1,Kandy,1,24.2,82.4,231.7,5.9,53.0,41.3,31.6,Bw367,6.09
0,Matara,1,31.1,82.7,219.2,6.8,59.1,27.6,29.8,Bw367,5.8
1,Anuradhapura,0,27.3,75.2,165.2,6.2,63.8,27.5,62.7,Bg366,8.05
0,Kurunegala,0,31.6,71.1,105.8,7.9,60.8,44.3,36.7,Bg300,5.5
0,Badulla,1,26.2,78.9,101.4,6.8,68.1,17.0,45.5,Bw367,5.8
1,Matale,1,24.5,82.3,188.3,5.4,60.9,15.0,29.6,Bw367,6.09
1,Kalutara,1,26.8,87.2,321.6,5.4,62.8,15.4,60.2,Ld368,5.88
1,Kandy,1,23.1,84.4,224.8,6.0,82.3,30.8,49.6,Bw367,6.67
1,Trincomalee,0,28.0,83.8,212.8,4.8,56.8,48.9,63.8,Bg366,7.35
1,Monaragala,0,29.2,83.5,168.6,6.4,40.6,42.5,28.0,Bg352,7.14
1,Matale,1,26.6,78.5,187.7,5.1,78.8,28.3,32.7,Bw367,6.09
1,Kegalle,1,25.5,85.3,307.2,4.7,79.3,37.5,46.5,Ld368,5.88
0,Matale,1,30.0,75.7,109.7,6.5,45.8,46.2,62.6,Bw367,6.38
1,Kandy,1,24.5,82.5,225.2,6.0,56.2,21.5,29.1,Bw367,6.09
1,Polonnaruwa,0,27.1,82.5,185.2,6.0,45.9,51.9,56.9,Bg352,7.82
0,Kandy,1,27.6,75.8,159.3,6.0,35.9,22.4,52.0,Bw367,5.8
0,Kegalle,1,29.3,81.2,258.0,7.0,47.9,31.3,48.6,Ld368,5.6
0,Polonnaruwa,0,34.1,61.2,39.2,8.2,68.2,34.9,47.9,At362,6.32
1,Galle,1,26.7,88.1,247.9,5.9,53.7,30.7,64.6,Bw367,6.09
1,Matara,1,27.8,83.5,250.9,6.4,55.9,53.9,28.0,Ld368,5.88
1,Monaragala,0,28.1,81.3,169.3,5.4,39.4,54.1,59.7,Bg352,7.82
1,Hambantota,0,27.4,72.9,114.9,6.0,32.6,32.4,33.9,Bg352,6.32
0,Kegalle,1,29.8,83.8,269.5,7.0,21.6,28.8,57.9,Ld368,5.6
0,Kandy,1,28.9,82.4,140.1,7.3,72.0,29.9,64.3,Bw367,6.38
1,Kalutara,1,25.8,89.0,315.5,4.9,48.5,39.8,64.1,Ld368,5.88
1,Colombo,1,27.7,77.8,241.6,5.7,36.7,33.7,25.1,Bw367,5.39
1,Kalutara,1,25.1,91.2,322.5,4.5,59.7,26.1,44.7,Ld368,5.32
1,Kurunegala,0,26.3,84.0,148.8,5.5,72.2,46.6,44.9,Bg352,7.82
0,Badulla,1,26.0,75.4,106.8,7.0,49.1,42.7,53.4,Bw367,5.8
0,Badulla,1,25.7,71.8,110.8,7.5,26.5,19.5,28.2,Bw367,5.1
0,Kegalle,1,27.5,86.8,265.7,6.0,25.0,38.4,48.4,Ld368,5.6
1,Badulla,1,21.9,82.7,184.6,5.4,48.8,42.0,36.8,Bw367,6.09
1,Nuwara Eliya,1,15.3,85.0,279.8,3.6,33.1,51.4,37.9,Ld368,5.32
0,Colombo,1,29.5,80.5,192.2,7.3,57.7,51.2,49.3,Bw367,6.38
1,Matale,1,25.7,80.0,205.7,5.0,60.6,40.9,60.9,Bw367,6.67
0,Trincomalee,0,32.8,62.1,54.9,8.2,53.4,52.3,55.0,Bg300,6.05
0,Kurunegala,0,32.1,70.4,123.4,6.8,46.7,43.9,34.9,Bg300,5.5
1,Hambantota,0,28.9,70.2,123.3,6.8,40.8,59.8,60.9,Bg352,7.82
1,Monaragala,0,28.3,76.3,180.7,5.6,49.9,45.3,25.0,Bg352,7.14
1,Kandy,1,25.7,86.8,216.6,5.5,81.5,22.5,46.3,Bw367,6.67
1,Trincomalee,0,28.1,86.2,229.0,6.1,42.8,21.9,36.6,Bg352,6.32
1,Trincomalee,0,27.9,82.5,219.2,5.9,42.4,28.7,48.6,Bg352,7.14
1,Badulla,1,23.8,82.6,197.8,5.6,33.0,18.4,33.1,Bw367,5.39
0,Badulla,1,24.5,79.4,123.6,7.3,60.4,52.3,33.4,Bw367,5.8
0,Kalutara,1,29.8,85.3,285.8,6.3,56.0,39.8,53.2,Ld368,5.6
0,Ratnapura,1,28.1,83.3,272.8,5.5,27.6,29.7,44.7,Ld368,4.93
1,Galle,1,28.3,87.7,256.9,5.1,63.2,36.2,64.3,Ld368,6.44
1,Galle,1,28.1,81.6,235.5,5.9,35.4,19.6,54.8,Bw367,6.09
1,Matara,1,27.6,88.2,234.5,5.3,35.9,20.2,27.5,Bw367,5.39
1,Nuwara Eliya,1,15.0,92.1,291.1,4.5,59.2,19.1,53.4,Ld368,5.32
0,Badulla,1,25.5,73.2,121.1,7.6,38.6,29.2,48.2,Bw367,5.8
0,Polonnaruwa,0,32.7,63.9,56.6,8.6,65.1,56.6,32.0,Bg300,6.05
0,Badulla,1,26.7,79.0,102.4,7.3,64.7,29.3,31.7,Bw367,5.8
0,Ampara,0,32.7,61.1,38.3,8.4,58.1,29.3,55.8,At362,6.2
1,Polonnaruwa,0,27.3,82.0,184.1,6.0,73.9,43.8,45.5,Bg366,8.05
1,Kalutara,1,28.0,84.8,315.7,4.3,32.4,26.2,63.8,Ld368,5.32
1,Kurunegala,0,26.3,78.3,172.6,6.0,46.9,54.3,49.2,Bg352,7.82
0,Badulla,1,27.3,80.0,97.1,6.6,28.5,36.4,55.0,Bw367,5.8
1,Ratnapura,1,26.6,90.7,326.8,5.5,53.4,28.7,52.4,Ld368,5.88
1,Kalutara,1,25.6,91.5,296.7,4.2,38.7,54.1,45.9,Ld368,5.32
1,Ratnapura,1,27.3,91.4,330.1,4.3,35.8,35.6,55.9,Ld368,5.32
0,Ampara,0,33.6,66.6,41.8,8.9,41.6,22.8,33.1,At362,4.96
0,Matale,1,29.7,79.7,123.0,6.6,38.0,27.8,38.1,Bw367,5.1
0,Polonnaruwa,0,33.1,61.9,34.5,8.0,32.0,24.3,56.4,At362,5.7
1,Ampara,0,27.6,78.3,217.7,5.8,41.9,44.3,45.1,Bg352,7.14
0,Anuradhapura,0,34.0,61.0,50.2,9.1,36.5,30.4,60.6,Bg300,5.06
1,Galle,1,27.5,87.4,258.7,6.4,74.2,41.3,60.8,Ld368,6.44
0,Kurunegala,0,32.4,74.8,100.8,7.8,24.1,32.7,29.6,Bg300,4.84
1,Colombo,1,27.3,84.1,242.1,5.4,60.9,41.4,60.3,Bw367,6.67
0,Monaragala,0,32.0,64.7,62.4,8.5,42.7,47.9,45.3,Bg300,5.5
0,Trincomalee,0,33.5,61.7,46.0,8.1,35.9,34.8,47.6,Bg300,5.06
1,Matara,1,28.5,79.7,243.4,5.1,65.6,19.7,62.9,Bw367,6.09
0,Anuradhapura,0,31.1,67.8,54.1,8.5,53.1,47.1,60.4,Bg300,6.05
0,Hambantota,0,32.5,74.9,34.0,7.6,60.2,59.1,29.7,At362,6.2
1,Ratnapura,1,25.7,84.8,315.7,5.1,82.4,53.5,47.2,Ld368,6.44
1,Ratnapura,1,24.9,91.0,307.1,4.5,66.8,27.4,27.0,Ld368,5.32
0,Nuwara Eliya,1,18.4,79.6,197.2,4.6,29.8,46.0,37.9,Bw367,5.22
0,Kandy,1,28.5,79.6,160.4,5.8,54.9,23.7,29.6,Bw367,5.8
0,Polonnaruwa,0,31.7,58.6,37.0,9.0,34.3,27.6,43.4,At362,6.2
1,Nuwara Eliya,1,15.8,94.5,285.2,4.5,50.2,25.9,43.2,Ld368,5.32
0,Polonnaruwa,0,32.9,66.5,59.7,8.1,22.5,26.0,40.4,Bg300,4.84
0,Trincomalee,0,35.1,57.2,49.5,8.4,71.2,46.8,61.5,Bg300,5.61
1,Kalutara,1,27.6,86.1,310.9,4.4,75.4,44.4,46.2,Ld368,5.88
1,Ratnapura,1,25.0,88.1,330.7,5.2,43.3,54.4,61.1,Ld368,6.44
0,Kegalle,1,28.8,78.5,281.0,6.0,63.1,41.8,48.9,Ld368,6.16
0,Galle,1,28.3,78.1,227.8,6.7,62.8,26.3,32.3,Bw367,5.8
1,Ampara,0,27.7,78.2,195.1,6.2,34.4,55.9,41.0,Bg352,7.14
0,Matara,1,28.5,79.4,234.7,7.4,38.0,48.1,55.8,Bw367,5.8
1,Galle,1,28.1,88.4,243.9,5.3,73.6,52.5,56.2,Bw367,6.67
1,Trincomalee,0,27.1,80.2,205.1,6.1,46.8,28.9,52.9,Bg352,7.14
0,Matale,1,27.7,79.5,122.2,7.0,66.2,49.6,45.9,Bw367,6.38
1,Colombo,1,26.6,83.0,235.6,5.9,48.0,31.2,57.9,Bw367,6.09
1,Kalutara,1,26.3,84.4,320.7,4.4,66.0,39.3,43.9,Ld368,5.32
1,Monaragala,0,28.2,77.3,161.6,6.6,79.2,30.2,41.8,Bg366,8.05
1,Galle,1,26.6,82.2,255.0,6.3,54.0,27.1,35.8,Ld368,5.88
1,Galle,1,27.1,89.9,259.5,6.2,64.2,34.3,64.6,Ld368,6.44
0,Trincomalee,0,35.0,60.2,47.6,8.5,72.2,34.4,25.1,Bg300,5.06
0,Badulla,1,25.3,74.7,113.5,6.9,47.7,42.9,43.7,Bw367,5.8
0,Kalutara,1,29.1,81.6,283.7,5.9,44.1,50.5,54.4,Ld368,5.6
0,Polonnaruwa,0,32.9,58.0,40.2,9.3,41.3,42.6,33.2,At362,6.2
0,Ampara,0,31.9,67.7,52.1,8.4,26.2,57.9,46.2,Bg300,5.5
1,Nuwara Eliya,1,15.1,87.7,283.1,4.7,77.1,33.4,58.1,Ld368,5.88
1,Ampara,0,26.7,86.8,204.1,5.2,84.4,25.4,55.4,Bg366,8.05
1,Colombo,1,27.8,77.0,236.3,5.4,52.9,46.6,42.5,Bw367,6.09
1,Hambantota,0,27.9,78.2,122.0,6.5,46.2,34.4,49.9,Bg352,7.14
0,Nuwara Eliya,1,20.3,84.7,222.6,4.3,38.8,15.9,35.9,Bw367,4.52
1,Colombo,1,27.6,78.2,237.5,6.5,64.3,44.5,39.0,Bw367,6.09
0,Badulla,1,26.6,75.2,107.8,7.7,51.7,43.3,41.7,Bw367,5.8
0,Colombo,1,31.2,75.6,208.7,6.6,39.9,33.6,42.0,Bw367,5.8
1,Matara,1,28.1,85.0,241.4,6.5,59.5,35.6,26.7,Bw367,6.09
1,Kegalle,1,24.5,91.1,297.3,5.0,76.5,39.4,49.4,Ld368,6.44
1,Hambantota,0,27.9,76.2,120.2,6.5,41.3,51.0,57.0,Bg352,7.14
0,Anuradhapura,0,31.3,61.5,50.3,9.2,67.3,58.8,51.0,Bg300,6.05
1,Matale,1,26.3,82.6,194.6,6.1,66.1,26.8,43.5,Bw367,6.09
0,Kandy,1,26.8,81.9,149.5,5.9,41.1,19.6,33.0,Bw367,5.1
1,Hambantota,0,29.0,75.8,130.3,6.5,73.5,32.6,56.5,Bg352,7.82
1,Ratnapura,1,25.4,86.3,308.0,4.2,72.9,50.3,62.1,Ld368,5.88
1,Matara,1,25.9,85.0,246.7,6.5,52.3,16.0,49.1,Bw367,6.09
1,Matara,1,27.0,83.9,226.9,5.8,53.4,43.5,50.8,Bw367,6.09
1,Kalutara,1,25.8,83.3,310.6,5.0,46.9,50.0,55.0,Ld368,6.44
0,Polonnaruwa,0,34.2,67.7,44.9,8.5,62.4,25.3,55.6,At362,5.7
1,Ratnapura,1,24.7,93.8,334.6,5.5,57.3,24.8,48.3,Ld368,5.88
1,Hambantota,0,27.5,71.1,116.6,6.7,64.6,48.3,60.6,Bg352,7.82
0,Anuradhapura,0,31.0,65.8,59.5,7.8,20.2,49.1,52.4,Bg300,5.5
1,Anuradhapura,0,28.5,82.5,172.4,5.6,40.2,49.0,39.1,Bg352,7.14
0,Nuwara Eliya,1,19.6,82.7,199.5,5.1,36.2,51.2,42.7,Bw367,5.8
0,Matara,1,30.1,75.4,221.8,6.3,53.4,36.2,45.8,Bw367,5.8
1,Matale,1,25.4,82.4,198.8,6.3,37.7,42.6,41.1,Bw367,6.09
0,Nuwara Eliya,1,18.6,87.6,210.5,5.1,67.3,34.6,52.3,Bw367,6.38
1,Monaragala,0,26.8,79.0,169.8,6.7,83.4,54.0,37.6,Bg366,8.05
1,Kegalle,1,26.6,85.9,306.1,4.3,38.0,48.2,50.8,Ld368,5.32
1,Monaragala,0,27.8,84.1,173.9,5.8,36.6,31.7,64.1,Bg352,7.14
0,Nuwara Eliya,1,18.1,87.0,223.0,4.3,40.9,51.6,38.8,Bw367,5.22
0,Ratnapura,1,27.3,83.4,280.1,6.4,35.9,25.6,37.1,Ld368,4.93
1,Kalutara,1,25.3,86.3,305.5,4.3,36.6,22.7,58.5,Ld368,5.32
0,Trincomalee,0,33.5,64.3,55.7,8.8,64.7,50.7,56.4,Bg300,5.61
1,Kurunegala,0,25.6,78.7,167.2,6.6,83.5,27.6,29.9,Bg366,7.35
1,Ampara,0,26.5,82.3,224.3,5.6,58.7,46.9,28.0,Bg366,7.35
0,Kegalle,1,29.2,78.7,273.9,6.5,23.6,25.7,40.6,Ld368,4.93
0,Monaragala,0,31.2,68.7,64.1,8.3,72.6,46.4,48.3,Bg300,6.05
0,Hambantota,0,31.9,66.7,34.4,8.6,60.6,59.5,50.1,At362,6.82
1,Matale,1,24.8,84.6,214.4,5.7,78.5,28.2,41.3,Bw367,6.09
0,Colombo,1,30.3,81.7,190.9,6.5,43.5,38.1,36.9,Bw367,5.8
0,Trincomalee,0,35.4,60.1,49.3,8.9,48.3,20.1,49.6,Bg300,5.06
1,Kalutara,1,25.9,89.3,295.1,5.2,54.6,36.2,46.8,Ld368,5.88
1,Nuwara Eliya,1,16.3,90.6,273.1,4.7,30.7,44.0,40.2,Ld368,5.32
0,Kalutara,1,28.3,80.1,301.0,6.4,62.0,53.3,50.8,Ld368,6.16
0,Colombo,1,29.0,80.5,209.5,6.4,49.9,51.3,32.3,Bw367,5.8
0,Hambantota,0,31.7,74.1,50.3,8.3,40.7,23.5,43.8,Bg300,5.5
0,Ratnapura,1,27.4,88.9,289.8,6.1,46.2,41.0,38.1,Ld368,5.6
1,Colombo,1,26.6,85.4,254.8,5.8,55.0,43.5,62.5,Ld368,6.44
1,Kandy,1,23.2,81.7,227.6,5.5,37.3,35.1,56.2,Bw367,6.09
0,Polonnaruwa,0,34.1,58.5,53.5,9.0,37.3,48.8,56.3,Bg300,5.06
0,Kurunegala,0,32.2,73.7,111.4,7.3,27.4,48.3,57.5,Bg300,5.5
0,Kalutara,1,30.2,84.5,289.3,6.7,44.8,37.3,25.1,Ld368,5.6
1,Kandy,1,25.6,87.5,207.5,5.6,67.1,26.3,25.6,Bw367,6.09
0,Hambantota,0,30.7,73.2,39.0,8.9,63.4,31.5,58.8,At362,6.82
1,Badulla,1,22.6,88.9,196.0,5.0,52.3,28.4,38.8,Bw367,6.09
0,Polonnaruwa,0,33.5,60.0,57.4,9.0,54.4,56.2,61.3,Bg300,5.61
0,Matale,1,27.9,77.6,133.7,7.3,42.6,42.3,34.2,Bw367,5.8
0,Nuwara Eliya,1,18.8,88.3,207.9,5.7,38.5,45.4,63.0,Bw367,5.8
1,Matale,1,24.5,78.9,211.4,6.1,77.9,35.4,51.4,Bw367,6.67
0,Hambantota,0,30.4,74.1,47.2,8.0,36.5,47.6,42.0,Bg300,5.5
1,Kegalle,1,26.8,87.0,311.5,4.4,80.7,22.9,60.4,Ld368,5.88
1,Colombo,1,28.8,83.7,230.3,6.7,43.5,24.8,57.6,Bw367,6.09
1,Ampara,0,26.6,82.0,219.9,4.9,60.1,48.4,59.4,Bg366,7.35
0,Colombo,1,30.9,75.8,205.0,6.7,45.2,35.3,29.2,Bw367,5.8
0,Nuwara Eliya,1,19.8,84.3,205.0,4.9,72.7,30.4,29.1,Bw367,5.22
1,Colombo,1,28.2,77.1,235.0,5.8,55.5,27.1,51.7,Bw367,6.09
0,Kandy,1,28.7,79.6,150.2,7.0,66.0,48.2,31.3,Bw367,5.8
0,Kurunegala,0,32.4,76.6,111.9,8.3,62.4,40.7,40.6,Bg300,5.5
1,Polonnaruwa,0,27.5,84.9,194.7,6.3,74.7,22.9,28.5,Bg366,7.35
1,Matara,1,27.8,88.4,234.5,5.5,77.0,21.0,62.8,Bw367,6.67
1,Anuradhapura,0,29.4,82.1,178.6,6.4,38.5,23.8,60.1,Bg352,7.14
1,Kurunegala,0,28.4,83.7,157.6,5.6,69.8,42.5,53.4,Bg366,8.05
0,Monaragala,0,30.7,66.1,59.5,7.2,20.5,33.2,54.1,Bg300,5.5
0,Polonnaruwa,0,33.0,65.0,31.0,9.2,21.8,38.2,31.0,At362,5.46
1,Badulla,1,21.9,83.5,187.9,5.9,56.5,46.6,27.9,Bw367,6.09
0,Monaragala,0,32.2,72.5,52.2,7.3,28.6,45.6,41.0,Bg300,5.5
1,Polonnaruwa,0,26.2,77.0,189.0,6.0,67.7,25.0,62.8,Bg366,8.05
1,Ampara,0,28.0,82.2,201.7,6.1,75.0,35.8,48.5,Bg366,8.05
0,Galle,1,30.1,78.1,240.3,6.3,20.8,25.7,32.6,Bw367,5.1
0,Monaragala,0,32.8,65.4,71.2,8.1,74.2,60.0,59.8,Bg300,6.05
1,Nuwara Eliya,1,15.2,92.5,293.7,3.2,59.6,23.7,47.3,Ld368,5.32
0,Ratnapura,1,28.7,84.5,293.8,6.1,66.5,27.8,42.5,Ld368,5.6
1,Kalutara,1,26.1,89.0,312.4,5.2,49.3,27.6,49.5,Ld368,5.88
1,Kegalle,1,24.6,82.7,292.3,4.3,43.5,41.2,27.4,Ld368,5.32
1,Matale,1,26.7,85.9,194.2,6.2,48.1,17.9,64.8,Bw367,6.09
1,Trincomalee,0,26.9,85.7,225.1,4.9,41.0,38.8,61.5,Bg352,6.46
0,Matara,1,28.9,81.4,217.2,7.0,69.4,33.3,50.1,Bw367,6.38
0,Monaragala,0,32.2,68.8,57.2,8.4,60.0,28.5,25.5,Bg300,5.5
0,Ratnapura,1,28.7,80.8,273.5,6.2,27.6,16.5,56.9,Ld368,4.93
0,Badulla,1,25.4,71.6,109.6,6.6,41.9,26.0,32.0,Bw367,5.1
0,Galle,1,30.9,77.7,225.1,6.5,46.4,48.7,41.1,Bw367,5.8
1,Hambantota,0,27.3,78.9,110.6,6.1,38.7,27.6,45.3,Bg352,7.14
1,Matale,1,26.3,87.7,193.1,5.8,81.1,42.5,52.2,Bw367,6.67
0,Badulla,1,26.1,76.6,116.0,7.8,21.9,17.6,28.1,Bw367,5.1
0,Ratnapura,1,28.9,82.2,278.7,5.5,67.6,38.4,62.8,Ld368,6.16
1,Polonnaruwa,0,26.4,76.7,209.7,6.2,32.7,48.2,41.5,Bg352,7.14
1,Matale,1,26.5,78.6,193.7,5.2,38.8,35.3,25.5,Bw367,5.39
0,Polonnaruwa,0,34.3,61.1,40.8,8.8,50.9,52.3,32.6,At362,5.7
0,Ratnapura,1,29.3,86.2,267.6,5.2,52.7,49.5,48.4,Ld368,6.16
0,Kalutara,1,27.8,85.0,296.7,5.7,21.6,31.3,48.3,Ld368,4.93
0,Kegalle,1,29.7,83.1,258.3,6.6,74.1,51.2,59.9,Ld368,6.16
0,Colombo,1,31.3,80.5,205.3,6.8,72.5,33.0,30.2,Bw367,5.8
0,Monaragala,0,32.4,67.4,52.8,8.4,64.0,49.0,33.1,Bg300,5.5
0,Kegalle,1,27.3,80.1,267.0,6.8,41.5,15.5,39.1,Ld368,4.93
1,Badulla,1,23.8,88.4,180.4,5.0,39.0,46.6,25.2,Bw367,6.09
0,Kandy,1,26.7,73.9,145.8,6.1,48.1,54.2,30.0,Bw367,5.8
1,Galle,1,27.4,86.4,250.1,5.0,71.3,38.3,29.7,Ld368,5.88
0,Matara,1,30.4,79.5,207.7,6.8,22.8,34.1,61.3,Bw367,5.8
0,Galle,1,30.4,75.1,215.3,7.0,63.4,46.1,56.2,Bw367,6.38
1,Matara,1,26.0,81.6,253.7,5.5,48.1,22.6,57.3,Ld368,5.88
1,Colombo,1,27.3,81.1,238.0,5.9,57.7,47.6,57.8,Bw367,6.67
0,Galle,1,30.4,76.2,218.7,7.5,65.1,37.1,60.0,Bw367,6.38
0,Nuwara Eliya,1,19.3,85.1,217.6,4.6,29.2,45.4,38.8,Bw367,5.22
0,Hambantota,0,30.9,68.6,54.0,8.5,49.2,58.8,61.1,Bg300,6.05
0,Matale,1,30.2,74.0,111.9,6.6,56.4,35.0,51.4,Bw367,5.8
0,Colombo,1,29.1,72.5,201.0,6.7,54.8,37.1,48.4,Bw367,5.8
1,Anuradhapura,0,28.6,73.6,166.2,6.1,78.8,32.9,34.9,Bg366,7.35
1,Anuradhapura,0,27.3,74.5,187.1,5.9,33.4,55.0,47.3,Bg352,7.14
1,Polonnaruwa,0,27.6,78.2,206.6,6.1,84.9,26.7,28.5,Bg366,7.35
0,Matale,1,30.0,70.7,107.3,7.1,55.2,23.5,54.8,Bw367,5.8
1,Hambantota,0,27.5,77.5,107.5,6.9,60.4,35.5,58.8,Bg352,7.82
0,Polonnaruwa,0,33.1,60.2,52.3,8.1,65.7,53.5,58.3,Bg300,5.61
1,Hambantota,0,28.9,70.1,130.4,7.2,59.2,49.2,28.8,Bg352,7.14
0,Anuradhapura,0,33.9,68.9,38.9,8.2,33.4,42.9,57.1,At362,5.7
1,Badulla,1,23.2,82.8,179.2,5.0,70.8,20.9,33.9,Bw367,6.09
0,Badulla,1,26.3,72.6,118.4,6.7,31.6,37.3,41.4,Bw367,5.8
0,Hambantota,0,32.5,73.7,42.9,8.9,52.2,48.5,41.6,At362,6.2
1,Kegalle,1,27.0,83.7,302.3,5.7,73.6,53.5,34.3,Ld368,6.44
1,Ratnapura,1,25.4,92.8,326.9,4.2,75.7,42.3,26.3,Ld368,5.32
0,Kurunegala,0,31.0,67.7,122.7,7.2,68.8,39.9,59.0,Bg300,6.05
1,Nuwara Eliya,1,14.5,93.5,271.4,4.4,49.0,44.9,61.3,Ld368,5.88
1,Kalutara,1,26.1,92.8,320.8,4.3,61.5,22.2,64.8,Ld368,5.32
0,Ratnapura,1,29.7,88.4,283.5,5.3,60.7,19.4,51.8,Ld368,5.6
0,Kurunegala,0,30.5,74.3,102.0,7.4,68.9,20.8,41.6,Bg300,5.5
0,Badulla,1,24.8,75.9,109.0,6.4,64.0,29.7,55.5,Bw367,5.8
1,Galle,1,26.4,81.0,239.3,6.2,36.0,18.8,62.6,Bw367,6.09
0,Kandy,1,26.3,82.7,139.4,6.9,21.9,40.0,46.9,Bw367,5.8
1,Ratnapura,1,24.4,92.0,316.8,4.3,39.7,51.8,29.4,Ld368,5.32
1,Anuradhapura,0,28.0,78.9,194.7,6.1,42.3,43.5,57.8,Bg352,7.14
1,Hambantota,0,29.5,77.1,129.5,6.9,67.1,42.4,39.2,Bg352,7.14
0,Kegalle,1,30.3,79.4,282.0,5.7,59.0,23.8,37.0,Ld368,5.6
1,Matale,1,24.3,79.4,203.5,5.7,41.7,34.0,59.5,Bw367,6.09
1,Kalutara,1,25.1,89.5,296.6,5.8,63.5,33.8,42.2,Ld368,5.88
1,Kandy,1,25.8,86.3,210.5,5.3,37.3,15.7,50.2,Bw367,5.39
0,Monaragala,0,32.3,64.8,68.1,7.3,53.5,42.2,51.2,Bg300,5.5
1,Kurunegala,0,28.1,82.5,157.6,6.3,68.7,47.8,39.3,Bg366,8.05
1,Monaragala,0,28.0,84.2,177.4,5.8,48.5,40.9,59.8,Bg352,7.14
0,Monaragala,0,31.4,65.1,50.4,8.6,70.2,22.5,45.9,Bg300,5.5
0,Galle,1,30.3,81.7,223.9,6.2,65.7,42.0,25.3,Bw367,5.8
1,Nuwara Eliya,1,16.4,90.9,277.7,4.1,64.1,40.6,63.7,Ld368,5.88
1,Kurunegala,0,28.1,79.4,174.1,6.4,43.0,39.9,33.8,Bg352,7.14
0,Ampara,0,34.2,59.3,63.4,9.0,24.5,46.8,50.9,Bg300,5.06
1,Badulla,1,23.3,79.9,189.7,4.7,83.3,45.1,31.4,Bw367,6.09
1,Galle,1,28.5,89.1,262.9,5.1,76.3,36.4,53.3,Ld368,6.44
0,Ratnapura,1,29.1,88.1,273.0,5.6,25.7,25.7,46.4,Ld368,4.93
1,Kalutara,1,25.8,89.2,309.4,4.7,58.1,21.7,50.6,Ld368,5.32
0,Kalutara,1,29.7,79.8,304.9,6.7,38.9,32.0,35.4,Ld368,5.6
1,Hambantota,0,29.7,73.5,130.8,6.1,84.0,56.5,39.5,Bg352,7.82
1,Hambantota,0,29.3,72.2,119.5,6.7,69.9,36.1,26.3,Bg352,7.14
0,Matale,1,28.9,79.7,131.4,6.5,59.8,52.5,25.4,Bw367,5.8
0,Kandy,1,26.5,80.7,147.0,6.5,55.5,51.4,53.3,Bw367,6.38
0,Colombo,1,32.0,76.7,214.1,7.3,45.3,28.3,51.3,Bw367,5.8
1,Matale,1,24.1,80.9,196.9,5.6,46.1,54.4,36.7,Bw367,6.09
1,Ampara,0,26.2,79.6,196.4,5.6,71.3,27.8,39.7,Bg366,7.35
0,Anuradhapura,0,33.5,67.8,36.9,8.3,72.5,35.7,46.0,At362,6.32
1,Monaragala,0,28.1,84.8,184.9,6.4,52.2,39.8,39.3,Bg352,7.14
0,Anuradhapura,0,31.6,66.3,35.8,8.2,61.1,52.3,35.1,At362,6.2
1,Monaragala,0,29.3,84.5,176.9,6.1,62.5,41.6,53.3,Bg366,8.05
0,Anuradhapura,0,33.3,63.9,49.1,8.0,21.0,46.6,48.5,Bg300,5.06
0,Anuradhapura,0,32.8,64.3,49.0,9.1,28.9,24.1,25.1,Bg300,4.84
0,Hambantota,0,30.4,67.2,25.3,7.8,38.3,21.3,49.3,At362,6.2
1,Galle,1,25.8,86.0,265.0,6.3,30.1,46.8,39.1,Ld368,5.88
0,Nuwara Eliya,1,18.4,82.2,210.7,5.3,61.2,24.8,37.9,Bw367,5.8
1,Kurunegala,0,26.6,87.0,168.3,7.0,68.1,36.3,40.6,Bg366,7.35
1,Matale,1,25.3,86.3,199.0,5.2,72.6,49.2,41.8,Bw367,6.67
1,Trincomalee,0,25.7,84.3,206.3,4.6,63.7,32.1,54.7,Bg366,7.35
1,Colombo,1,26.7,84.2,240.4,5.4,65.8,39.4,45.6,Bw367,6.67
1,Trincomalee,0,28.3,82.5,217.8,5.2,52.5,30.4,52.9,Bg352,7.14
1,Ampara,0,26.2,81.7,197.4,5.8,73.5,58.5,31.0,Bg366,8.05
0,Ampara,0,33.4,68.2,53.8,8.0,44.0,46.2,53.0,Bg300,5.06
0,Trincomalee,0,33.0,66.5,41.8,9.7,67.2,46.4,54.4,At362,6.82
1,Nuwara Eliya,1,14.1,86.0,267.6,4.1,41.8,49.4,42.8,Ld368,5.32
0,Nuwara Eliya,1,19.5,82.2,202.3,4.7,63.8,38.5,35.1,Bw367,5.22
0,Kalutara,1,27.7,85.0,288.2,6.6,71.0,45.0,42.7,Ld368,6.16
0,Kegalle,1,29.7,81.6,257.3,6.7,36.1,17.0,61.1,Ld368,5.6
0,Kurunegala,0,30.3,74.2,121.6,6.7,57.8,50.7,33.4,Bg300,5.5
0,Matale,1,27.8,77.5,130.4,6.4,64.9,45.9,38.9,Bw367,5.8
1,Kegalle,1,24.7,83.4,296.2,5.8,50.8,17.4,41.7,Ld368,5.88
1,Badulla,1,22.8,81.8,195.6,5.7,39.5,21.5,46.9,Bw367,6.09
1,Hambantota,0,27.7,76.3,129.2,7.5,55.0,51.4,61.7,Bg352,7.82
0,Anuradhapura,0,32.8,69.7,64.6,8.7,68.8,28.0,34.8,Bg300,5.5
1,Kurunegala,0,25.9,78.9,157.6,6.3,63.2,31.7,61.8,Bg366,8.05
0,Anuradhapura,0,32.2,64.3,56.1,8.8,41.0,36.6,38.9,Bg300,5.5
1,Kurunegala,0,26.9,83.9,167.3,6.6,50.6,50.6,25.3,Bg352,7.14
0,Monaragala,0,32.9,69.3,64.2,8.2,69.9,42.7,57.0,Bg300,6.05
0,Galle,1,30.1,80.7,216.1,6.6,51.1,46.9,42.5,Bw367,5.8
0,Galle,1,30.9,77.8,237.8,6.9,58.5,31.7,36.2,Bw367,5.8
1,Kurunegala,0,26.6,79.2,170.2,6.2,76.6,39.0,47.3,Bg366,8.05
1,Badulla,1,23.9,81.7,201.1,5.3,33.9,38.0,64.1,Bw367,6.09
0,Polonnaruwa,0,33.7,59.4,34.9,8.3,69.0,23.0,57.1,At362,5.7
0,Matale,1,28.9,79.2,122.6,6.5,35.6,51.8,42.1,Bw367,5.8
1,Kalutara,1,26.4,86.8,301.7,5.3,69.5,26.0,56.6,Ld368,6.44
1,Kegalle,1,27.3,85.0,302.4,5.8,69.6,17.5,40.1,Ld368,5.88
0,Colombo,1,31.5,75.4,211.8,7.4,49.0,28.0,34.7,Bw367,5.8
0,Anuradhapura,0,33.5,61.6,49.2,9.2,74.9,30.0,62.4,Bg300,5.61
0,Ampara,0,32.9,67.8,58.6,9.2,64.0,29.4,47.4,Bg300,5.5
0,Kegalle,1,28.7,78.5,264.5,6.9,69.4,39.4,44.9,Ld368,6.16
1,Nuwara Eliya,1,15.8,94.8,270.7,3.9,80.5,51.6,44.8,Ld368,5.88
0,Matara,1,30.7,82.4,205.5,7.7,62.8,45.7,28.3,Bw367,5.8
0,Hambantota,0,32.9,70.0,36.9,8.7,24.8,36.7,40.0,At362,5.46
1,Kurunegala,0,26.4,79.1,150.2,6.4,80.6,40.4,36.9,Bg366,8.05
0,Galle,1,30.9,78.5,223.7,7.0,62.6,33.2,50.2,Bw367,5.8
1,Anuradhapura,0,29.5,76.9,186.7,6.1,56.8,47.9,40.8,Bg366,7.35
0,Trincomalee,0,34.0,62.2,46.1,9.6,32.5,36.4,31.2,Bg300,4.4
1,Kurunegala,0,27.9,77.0,150.9,6.2,68.8,39.4,31.5,Bg366,7.35
0,Anuradhapura,0,31.5,69.3,49.4,8.2,60.8,55.1,39.8,Bg300,6.05
1,Kegalle,1,25.8,91.2,305.8,4.7,40.2,24.2,35.5,Ld368,4.65
0,Nuwara Eliya,1,19.5,80.2,206.6,5.2,36.0,17.6,28.3,Bw367,5.1
1,Kalutara,1,27.5,89.6,296.9,4.8,45.3,38.1,45.9,Ld368,5.32
1,Monaragala,0,27.2,76.4,177.3,6.6,81.9,22.3,54.6,Bg366,8.05
0,Polonnaruwa,0,34.3,60.5,52.3,8.1,54.7,34.0,55.8,Bg300,5.06
1,Matara,1,26.9,81.3,240.3,6.1,32.5,43.6,55.4,Bw367,6.09
1,Ratnapura,1,27.0,93.1,328.8,4.3,75.0,26.1,61.9,Ld368,5.88
1,Matale,1,26.7,85.2,199.5,5.7,63.9,29.3,42.0,Bw367,6.09
1,Monaragala,0,28.4,76.1,156.4,6.5,51.2,24.3,55.5,Bg352,7.14
0,Matara,1,31.2,75.0,221.1,7.5,33.1,45.0,60.1,Bw367,5.8
0,Kalutara,1,29.1,84.2,303.0,6.9,51.5,26.9,64.9,Ld368,5.6
1,Matara,1,28.1,86.3,238.6,5.5,77.1,37.7,57.5,Bw367,6.67
1,Polonnaruwa,0,28.6,78.9,183.4,6.3,57.4,25.1,29.6,Bg366,7.35
0,Matara,1,30.4,76.0,230.4,6.7,63.6,34.6,54.3,Bw367,6.38
0,Galle,1,30.5,75.4,244.2,7.0,43.8,40.1,29.9,Bw367,5.8
0,Anuradhapura,0,31.0,64.2,48.1,9.0,36.8,33.2,27.8,Bg300,4.84
1,Anuradhapura,0,28.7,79.3,167.4,5.4,50.7,49.8,58.3,Bg352,7.82
0,Ampara,0,32.7,63.2,62.3,8.6,34.8,35.6,42.5,Bg300,5.5
1,Kandy,1,24.9,82.8,222.8,5.0,71.7,17.4,61.7,Bw367,6.67
1,Kurunegala,0,26.0,85.4,171.1,5.5,80.0,30.9,49.7,Bg366,8.05
1,Trincomalee,0,26.6,83.5,223.0,5.4,55.4,58.4,32.4,Bg366,7.35
1,Kegalle,1,26.3,82.9,311.5,5.2,32.2,51.8,44.6,Ld368,5.88
1,Colombo,1,27.4,83.8,247.3,6.5,40.9,16.4,64.0,Bw367,6.09
0,Ratnapura,1,29.9,87.3,292.4,5.8,30.8,39.3,54.7,Ld368,5.6
0,Badulla,1,25.1,75.9,120.7,6.5,33.3,17.5,30.9,Bw367,5.1
1,Kalutara,1,25.6,85.9,319.4,5.7,52.3,20.1,34.0,Ld368,5.88
0,Monaragala,0,32.5,72.7,50.4,8.4,47.8,56.1,48.0,Bg300,6.05
1,Galle,1,27.5,88.3,243.5,5.0,53.8,23.6,42.2,Bw367,6.09
0,Kandy,1,27.7,79.9,155.3,7.0,71.9,41.4,44.0,Bw367,6.38
1,Nuwara Eliya,1,15.1,88.3,274.7,4.3,62.3,23.1,63.8,Ld368,5.32
1,Badulla,1,22.7,86.0,193.4,5.2,73.9,19.4,47.8,Bw367,6.09
0,Matale,1,29.3,72.2,128.2,6.6,69.0,49.5,39.5,Bw367,6.38
1,Hambantota,0,27.8,79.4,124.6,7.6,61.9,52.8,57.5,Bg352,7.82
0,Ampara,0,31.8,66.7,64.0,8.3,55.6,42.5,55.5,Bg300,6.05
0,Matale,1,29.9,73.1,111.9,6.9,57.3,22.5,52.2,Bw367,5.8
0,Trincomalee,0,34.9,57.4,60.0,9.1,71.8,48.5,56.9,Bg300,5.61
1,Kurunegala,0,27.5,79.9,171.1,6.6,53.3,48.4,59.7,Bg352,7.82
1,Galle,1,25.9,87.6,240.0,5.2,73.1,44.7,35.2,Bw367,6.67
0,Matale,1,29.8,71.8,114.1,6.9,40.1,54.3,58.4,Bw367,6.38
1,Galle,1,26.4,87.6,241.9,5.7,40.7,43.6,50.0,Bw367,6.09
0,Anuradhapura,0,31.6,61.5,40.7,7.9,50.9,43.7,58.7,At362,6.82
0,Kalutara,1,29.7,81.3,296.0,6.9,20.6,49.8,33.7,Ld368,4.93
1,Trincomalee,0,28.1,87.2,231.8,6.1,54.6,46.3,40.6,Bg352,7.14
1,Ratnapura,1,26.5,89.0,329.4,5.2,31.1,40.2,42.5,Ld368,5.88
1,Ampara,0,28.4,82.5,221.6,5.8,60.4,50.2,26.5,Bg366,7.35
0,Hambantota,0,32.4,71.0,45.8,8.0,43.7,28.3,62.9,Bg300,5.5
0,Kurunegala,0,30.9,72.2,112.8,7.9,25.0,51.1,47.5,Bg300,5.5
1,Colombo,1,27.3,81.1,231.9,6.8,57.3,54.8,44.6,Bw367,6.67
0,Ratnapura,1,28.5,79.4,292.1,6.5,59.9,39.4,48.2,Ld368,5.6
0,Monaragala,0,31.3,70.8,67.4,8.8,65.5,59.9,48.5,Bg300,6.05
0,Hambantota,0,31.5,72.1,48.2,7.4,47.8,29.4,60.0,Bg300,5.5
1,Colombo,1,28.3,79.7,235.7,6.7,43.2,18.8,27.8,Bw367,5.39
1,Kurunegala,0,27.4,80.3,165.7,5.5,77.2,52.7,64.4,Bg366,8.05
0,Galle,1,30.7,85.0,215.5,7.5,33.0,42.7,36.7,Bw367,5.8
0,Monaragala,0,32.0,66.6,71.5,8.2,48.0,59.3,62.6,Bg300,6.05
1,Anuradhapura,0,29.1,75.6,175.5,5.6,84.2,26.1,39.7,Bg366,7.35
0,Nuwara Eliya,1,18.2,81.5,214.2,4.3,51.5,47.8,55.7,Bw367,5.8
1,Polonnaruwa,0,28.7,82.7,180.2,6.2,70.6,39.9,26.8,Bg366,7.35
0,Kandy,1,28.3,75.7,155.0,6.3,51.6,30.4,37.2,Bw367,5.8
0,Monaragala,0,32.8,66.5,63.0,8.3,64.6,47.4,46.6,Bg300,6.05
0,Anuradhapura,0,33.4,68.8,57.4,9.1,24.2,57.2,40.9,Bg300,5.06
1,Matale,1,24.2,85.2,207.1,6.3,72.3,30.3,47.3,Bw367,6.09
0,Matara,1,28.9,76.5,211.7,7.1,69.8,51.5,27.2,Bw367,5.8
0,Ratnapura,1,27.7,81.6,267.8,5.8,52.3,38.1,46.7,Ld368,5.6
1,Nuwara Eliya,1,16.5,88.5,267.6,3.7,37.6,33.7,31.2,Ld368,4.65
0,Hambantota,0,31.7,71.5,40.5,7.7,63.8,59.9,63.8,At362,6.82
1,Ampara,0,27.2,80.4,197.1,5.4,38.6,30.2,60.7,Bg352,7.14
0,Kurunegala,0,32.2,75.5,118.9,8.3,58.3,50.0,64.3,Bg300,6.05
1,Matale,1,25.6,78.8,210.6,5.4,68.5,42.3,52.1,Bw367,6.67
1,Ratnapura,1,26.2,93.6,330.0,4.2,31.3,35.0,56.0,Ld368,5.32
0,Ratnapura,1,28.3,86.6,286.2,5.7,25.6,25.6,30.2,Ld368,4.93
1,Ampara,0,26.7,83.4,223.6,5.8,81.0,51.4,54.1,Bg366,8.05
1,Matara,1,26.4,80.9,245.1,6.0,54.6,18.8,28.7,Bw367,5.39
0,Kegalle,1,29.9,82.7,273.6,7.0,29.1,36.7,27.3,Ld368,4.93
0,Ratnapura,1,27.4,80.9,293.0,6.2,69.1,32.7,48.9,Ld368,6.16
0,Badulla,1,27.2,72.6,115.7,7.2,61.2,21.0,62.7,Bw367,5.8
0,Anuradhapura,0,33.5,62.5,57.2,8.9,41.9,35.4,51.3,Bg300,5.06
0,Matale,1,27.6,71.9,124.9,6.4,73.5,49.7,50.1,Bw367,6.38
0,Ratnapura,1,27.5,83.7,267.1,6.1,38.7,19.1,32.3,Ld368,4.93
0,Kegalle,1,27.8,78.1,270.5,6.4,25.0,26.4,35.5,Ld368,4.93
0,Galle,1,28.9,76.1,231.4,7.2,51.7,48.1,30.1,Bw367,5.8
1,Badulla,1,22.8,85.8,195.9,5.9,65.8,18.8,52.8,Bw367,6.09
0,Hambantota,0,33.0,71.9,45.6,8.2,67.7,59.9,56.2,Bg300,6.05
1,Galle,1,25.7,87.3,256.3,6.0,36.9,41.1,36.8,Ld368,5.88
1,Ratnapura,1,25.9,93.6,334.8,4.9,39.6,21.5,55.6,Ld368,5.32
1,Ampara,0,27.5,81.7,216.8,6.1,46.7,28.8,51.8,Bg352,7.14
1,Ampara,0,26.7,79.3,202.6,4.9,62.8,31.2,49.6,Bg366,6.65
1,Nuwara Eliya,1,14.3,90.4,280.3,3.6,75.5,22.5,39.4,Ld368,5.32
0,Kandy,1,27.3,77.0,152.4,6.2,59.0,24.9,57.9,Bw367,5.8
1,Nuwara Eliya,1,17.0,88.2,291.4,3.8,43.5,24.0,59.0,Ld368,5.32
1,Galle,1,26.1,89.6,242.3,5.2,81.9,51.0,35.0,Bw367,6.67
1,Kegalle,1,24.8,90.2,308.1,4.8,35.0,23.3,55.8,Ld368,5.32
1,Polonnaruwa,0,26.8,83.2,186.8,6.1,34.6,43.4,35.8,Bg352,7.14
0,Ampara,0,34.6,67.1,43.3,8.9,62.0,49.2,57.8,At362,6.32
0,Ampara,0,32.0,60.0,58.9,8.2,23.2,36.0,57.8,Bg300,5.5
1,Polonnaruwa,0,28.0,75.0,183.3,5.6,34.6,53.8,59.6,Bg352,7.14
1,Anuradhapura,0,27.2,78.2,170.5,5.7,58.4,49.4,28.8,Bg366,7.35
1,Kalutara,1,27.8,87.3,323.2,5.8,59.0,26.5,56.6,Ld368,5.88
1,Kalutara,1,27.6,85.1,318.2,4.2,37.1,23.0,48.9,Ld368,5.32
1,Galle,1,26.6,87.6,256.4,5.9,30.3,20.7,33.9,Ld368,5.21
0,Matale,1,27.9,74.1,107.3,7.4,63.3,38.0,28.6,Bw367,5.8
0,Kandy,1,26.0,76.0,153.7,5.9,23.9,48.1,43.1,Bw367,5.8
1,Anuradhapura,0,28.7,75.4,182.6,6.3,37.7,34.3,61.2,Bg352,7.14
1,Matara,1,27.1,85.4,231.9,5.6,77.9,16.2,46.3,Bw367,6.09
0,Ratnapura,1,27.4,88.8,265.4,6.6,39.5,20.3,31.3,Ld368,4.93
1,Trincomalee,0,27.7,84.1,222.8,5.8,63.4,44.6,56.6,Bg366,8.05
1,Monaragala,0,27.4,80.8,157.6,5.8,52.7,53.4,45.5,Bg352,7.82
0,Matale,1,27.6,74.6,132.0,6.6,21.7,32.3,53.2,Bw367,5.8
1,Monaragala,0,27.7,81.7,162.6,6.4,38.4,35.8,51.2,Bg352,7.14
1,Kalutara,1,26.4,90.3,308.7,4.3,68.0,40.7,52.3,Ld368,5.88
1,Kandy,1,25.4,84.8,221.1,5.3,45.8,25.0,25.2,Bw367,5.39
0,Polonnaruwa,0,33.0,65.4,32.0,9.5,34.5,34.7,26.9,At362,5.46
0,Kalutara,1,30.3,81.4,282.7,6.6,58.9,52.5,33.2,Ld368,5.6
1,Trincomalee,0,25.7,83.8,208.6,5.6,63.1,22.0,37.8,Bg366,7.35
0,Kegalle,1,29.4,85.5,270.2,6.3,38.7,22.1,62.6,Ld368,5.6
1,Ampara,0,26.1,86.3,205.3,5.5,37.6,57.8,51.9,Bg352,7.14
0,Matale,1,28.0,74.0,111.5,6.7,74.9,41.3,61.9,Bw367,6.38
1,Matara,1,26.9,80.6,230.3,5.1,64.0,48.9,25.8,Bw367,6.09
1,Galle,1,26.5,81.1,257.8,6.3,42.0,52.0,34.3,Ld368,5.88
0,Nuwara Eliya,1,17.8,79.5,206.0,4.3,25.7,20.7,25.1,Bw367,4.52
1,Badulla,1,23.5,80.9,177.4,5.9,30.4,44.4,30.2,Bw367,6.09
0,Colombo,1,30.9,76.9,185.1,7.4,43.2,28.7,28.8,Bw367,5.1
0,Kegalle,1,27.5,85.0,268.2,6.6,29.6,40.7,48.8,Ld368,5.6
1,Badulla,1,23.4,82.2,188.7,5.9,53.8,46.7,51.5,Bw367,6.67
1,Anuradhapura,0,26.6,76.6,191.4,5.3,40.8,59.1,58.9,Bg352,7.82
1,Matale,1,24.4,80.1,203.2,5.5,46.4,50.4,61.1,Bw367,6.67
0,Kalutara,1,29.5,87.8,278.3,6.1,29.9,44.8,29.7,Ld368,4.93
1,Anuradhapura,0,28.2,81.7,180.3,5.3,61.0,51.9,30.3,Bg366,7.35
1,Kandy,1,23.6,87.5,222.8,5.3,43.7,28.3,63.6,Bw367,6.09
0,Colombo,1,29.5,77.6,202.6,7.5,60.8,39.0,29.5,Bw367,5.8
0,Badulla,1,27.0,80.2,109.6,7.2,20.2,25.1,36.1,Bw367,5.1
1,Colombo,1,27.1,80.2,254.1,6.3,53.4,54.5,31.1,Ld368,5.88
0,Ampara,0,33.6,59.6,56.5,8.0,27.7,26.4,62.2,Bg300,5.06
0,Galle,1,30.0,80.6,223.8,7.0,42.6,20.8,52.6,Bw367,5.8
0,Ampara,0,34.2,65.6,53.9,8.5,41.8,47.6,54.6,Bg300,5.06
1,Polonnaruwa,0,28.4,79.5,183.3,5.8,51.7,40.7,42.6,Bg352,7.14
1,Ratnapura,1,26.6,91.9,309.8,4.6,42.8,27.6,48.2,Ld368,5.32
1,Ampara,0,27.6,81.4,203.6,4.9,79.1,20.5,25.1,Bg366,6.65
0,Ampara,0,34.7,66.3,35.5,8.2,73.5,52.3,47.7,At362,6.32
0,Badulla,1,24.5,71.2,113.4,6.2,74.6,22.3,53.4,Bw367,6.38
1,Anuradhapura,0,28.1,73.8,188.0,6.1,34.7,53.9,46.9,Bg352,7.14
0,Ampara,0,31.9,60.2,64.6,8.6,33.1,50.8,35.6,Bg300,5.5
1,Kandy,1,25.5,87.8,213.2,5.0,52.7,34.7,31.7,Bw367,6.09
1,Polonnaruwa,0,27.5,80.3,204.6,5.8,42.7,46.5,56.9,Bg352,7.14
0,Galle,1,29.9,76.5,225.3,7.5,70.1,38.0,53.1,Bw367,6.38
0,Hambantota,0,32.9,69.9,41.8,8.1,24.0,36.9,56.6,At362,6.2
0,Trincomalee,0,35.2,57.5,55.8,8.3,31.0,56.0,44.9,Bg300,5.06
0,Trincomalee,0,32.7,61.2,60.2,8.3,37.9,22.6,51.1,Bg300,5.5
1,Matale,1,26.5,87.7,210.4,6.1,61.7,35.7,41.3,Bw367,6.09
1,Kegalle,1,25.0,82.6,313.4,4.3,83.7,44.2,38.1,Ld368,5.88
1,Kandy,1,23.7,87.7,229.1,4.8,32.3,23.2,33.0,Bw367,4.81
0,Kegalle,1,29.5,80.8,281.5,5.9,44.9,40.6,60.1,Ld368,5.6
0,Monaragala,0,33.2,72.7,57.3,8.0,49.4,54.6,37.2,Bg300,5.06
0,Kegalle,1,28.2,79.8,268.2,6.1,60.5,40.7,55.4,Ld368,6.16
1,Hambantota,0,29.8,74.3,134.5,6.3,69.3,41.4,57.7,Bg352,7.82
0,Matara,1,30.7,83.3,227.0,7.4,23.7,23.2,64.0,Bw367,5.8
1,Monaragala,0,28.0,78.7,156.3,5.8,57.4,28.5,31.9,Bg366,7.35
0,Monaragala,0,32.3,65.4,67.6,8.6,46.0,54.3,62.1,Bg300,6.05
0,Matale,1,27.8,74.8,122.6,6.9,38.0,40.6,25.1,Bw367,5.1
1,Ratnapura,1,25.0,93.2,308.3,4.4,42.9,54.8,25.2,Ld368,5.32
1,Ratnapura,1,25.6,93.5,316.5,5.0,54.8,42.0,32.3,Ld368,5.88
0,Kurunegala,0,29.7,73.0,123.9,6.8,56.3,51.0,33.5,Bg300,5.5
1,Anuradhapura,0,27.7,76.7,194.6,6.6,51.3,56.6,38.7,Bg352,7.14
0,Ampara,0,34.6,62.9,55.4,8.3,34.6,43.0,64.2,Bg300,5.06
0,Kurunegala,0,32.0,69.5,103.4,8.1,24.4,44.2,59.4,Bg300,5.5
0,Kalutara,1,27.5,81.7,282.7,6.3,54.8,55.0,45.5,Ld368,6.16
0,Ampara,0,32.9,60.5,44.1,8.2,64.1,41.8,36.8,At362,6.2
1,Ampara,0,26.9,82.4,203.8,5.1,77.8,25.8,44.8,Bg366,7.35
0,Monaragala,0,31.3,63.2,56.4,7.5,21.9,32.9,44.0,Bg300,4.84
1,Kandy,1,24.0,81.9,211.9,5.8,41.3,50.2,42.9,Bw367,6.09
0,Colombo,1,30.2,73.8,201.5,7.3,55.0,31.5,26.9,Bw367,5.8
1,Trincomalee,0,26.9,84.4,233.5,5.2,83.9,41.7,34.7,Bg366,8.05
1,Kalutara,1,25.4,87.5,295.7,4.9,84.4,41.8,55.4,Ld368,5.88
0,Polonnaruwa,0,34.0,65.0,57.8,9.1,42.6,20.4,56.7,Bg300,5.06
0,Badulla,1,26.1,75.0,95.9,7.4,73.5,39.8,59.3,Bw367,6.38
0,Ratnapura,1,27.7,79.1,284.6,6.0,63.0,42.8,64.5,Ld368,6.16
1,Ampara,0,26.8,81.8,221.2,4.8,83.8,59.7,48.9,Bg366,7.35
1,Matara,1,26.4,81.8,226.5,5.8,33.2,43.7,39.9,Bw367,6.09
1,Matara,1,27.3,88.7,245.9,5.8,72.7,44.5,60.7,Bw367,6.67
0,Kurunegala,0,32.3,69.8,122.8,8.2,28.0,59.0,28.4,Bg300,5.5
0,Kalutara,1,29.4,87.7,296.4,6.9,74.5,32.1,31.0,Ld368,5.6
1,Galle,1,26.5,85.1,238.7,5.3,46.9,15.2,39.2,Bw367,5.39
1,Matale,1,25.1,82.1,211.9,5.2,50.9,46.3,55.4,Bw367,6.67
0,Kurunegala,0,32.4,75.0,107.2,8.0,48.0,31.1,37.1,Bg300,5.5
1,Ampara,0,27.0,86.2,204.7,5.5,82.9,57.5,52.8,Bg366,8.05
0,Trincomalee,0,34.0,57.7,44.2,8.6,22.4,32.4,27.4,At362,4.96
0,Matara,1,29.1,83.9,212.1,6.6,57.8,49.4,40.5,Bw367,5.8
1,Colombo,1,28.1,80.7,245.2,5.6,68.6,28.9,43.2,Bw367,6.09
0,Galle,1,30.1,77.4,240.1,7.2,32.9,54.0,51.6,Bw367,5.8
0,Kalutara,1,28.0,83.3,279.9,6.1,42.5,43.8,32.7,Ld368,5.6
1,Colombo,1,27.3,81.4,248.2,6.2,46.9,30.4,37.2,Bw367,6.09
1,Polonnaruwa,0,27.0,82.3,197.4,5.2,47.1,28.9,40.6,Bg352,7.14
1,Nuwara Eliya,1,16.3,86.9,293.4,3.7,46.5,42.4,57.2,Ld368,5.32
0,Matale,1,29.7,78.8,128.0,6.3,65.5,46.0,51.8,Bw367,6.38
0,Hambantota,0,32.9,69.3,27.0,8.1,22.6,31.8,48.5,At362,5.46
1,Kurunegala,0,26.8,86.0,147.4,6.7,75.6,32.9,36.9,Bg352,7.14
0,Kurunegala,0,31.9,75.3,104.9,7.6,27.6,38.8,65.0,Bg300,5.5
1,Ratnapura,1,26.0,86.5,325.2,5.3,74.4,29.8,47.7,Ld368,6.44
1,Galle,1,25.7,86.1,260.1,5.4,55.0,42.9,27.7,Ld368,5.88
0,Hambantota,0,30.1,67.0,36.9,7.7,53.1,37.9,26.6,At362,6.2
0,Kurunegala,0,30.6,69.6,115.6,7.2,40.6,49.0,44.2,Bg300,5.5
1,Badulla,1,23.0,82.1,181.3,5.3,63.4,41.3,48.1,Bw367,6.67
0,Ratnapura,1,29.1,88.3,268.5,5.3,37.1,20.5,46.0,Ld368,4.93
1,Badulla,1,21.0,84.0,179.8,6.2,41.2,22.7,26.3,Bw367,5.39
1,Anuradhapura,0,26.6,78.0,180.2,5.3,43.2,53.3,43.5,Bg352,7.14
0,Polonnaruwa,0,33.6,65.1,52.9,9.3,32.8,22.7,40.2,Bg300,4.4
0,Kegalle,1,27.5,82.8,276.0,6.3,34.0,28.1,27.9,Ld368,4.93
0,Kegalle,1,27.4,84.3,281.9,6.5,56.1,33.9,31.2,Ld368,5.6
1,Monaragala,0,27.3,82.5,183.8,5.9,50.1,37.8,42.1,Bg352,7.14
0,Nuwara Eliya,1,19.7,86.8,214.5,4.9,72.3,43.4,42.1,Bw367,5.8
1,Hambantota,0,28.5,72.9,130.2,6.8,60.4,55.2,61.8,Bg352,7.82
0,Matale,1,27.7,74.4,115.3,6.5,70.0,50.6,43.6,Bw367,6.38
1,Colombo,1,26.3,81.4,226.2,6.2,63.5,51.0,32.6,Bw367,6.09
0,Monaragala,0,33.1,67.7,51.8,7.4,64.7,49.7,60.0,Bg300,5.61
1,Polonnaruwa,0,27.4,75.6,207.6,6.6,53.7,44.5,43.0,Bg352,7.14
0,Anuradhapura,0,31.2,64.6,59.6,7.7,52.0,55.2,33.7,Bg300,5.5
1,Matara,1,26.5,80.9,236.3,5.6,78.1,39.7,41.2,Bw367,6.67
1,Kandy,1,24.2,81.3,208.8,4.9,71.1,16.0,35.3,Bw367,5.51
1,Matara,1,28.6,86.1,232.0,5.3,77.2,22.6,64.9,Bw367,6.67
0,Ampara,0,33.8,65.1,65.0,9.1,43.6,47.1,57.7,Bg300,5.06
0,Kurunegala,0,30.3,69.1,103.9,8.1,40.9,31.5,57.2,Bg300,5.5
1,Badulla,1,22.8,87.7,187.3,5.1,57.0,43.7,45.7,Bw367,6.09
1,Galle,1,25.7,87.2,247.0,6.1,65.7,38.3,61.1,Bw367,6.67
0,Polonnaruwa,0,32.0,64.2,32.0,9.0,74.1,55.2,48.6,At362,6.82
1,Anuradhapura,0,26.8,77.5,177.9,5.7,30.0,55.6,56.1,Bg352,7.14
0,Kalutara,1,28.6,87.2,293.5,6.4,70.2,37.4,48.9,Ld368,6.16
1,Kurunegala,0,27.3,80.7,167.4,6.7,60.4,20.1,50.5,Bg366,7.35
1,Kurunegala,0,26.2,81.6,174.0,5.9,42.3,28.4,47.4,Bg352,7.14
1,Colombo,1,26.9,77.5,248.5,6.1,57.7,25.9,27.9,Bw367,6.09
1,Kalutara,1,26.6,92.9,305.5,5.7,35.3,44.3,29.6,Ld368,5.88
0,Ratnapura,1,28.7,84.9,288.3,6.2,52.6,51.5,43.1,Ld368,5.6
0,Monaragala,0,31.4,73.0,62.8,8.6,38.0,41.0,59.2,Bg300,5.5
1,Kurunegala,0,27.7,79.3,149.7,5.8,57.1,52.0,39.2,Bg352,7.14
0,Monaragala,0,32.8,63.2,66.3,7.3,69.2,51.6,63.9,Bg300,6.05
1,Badulla,1,22.6,84.2,186.6,5.4,64.9,52.3,48.8,Bw367,6.67
0,Hambantota,0,32.6,70.2,35.4,8.4,44.5,23.3,40.1,At362,6.2
0,Badulla,1,26.6,79.4,114.5,7.1,58.9,32.2,28.7,Bw367,5.8
1,Monaragala,0,26.8,81.5,176.1,6.0,38.0,53.8,50.8,Bg352,7.14
1,Kegalle,1,25.9,88.1,288.2,5.2,34.1,36.8,47.1,Ld368,5.88
0,Nuwara Eliya,1,18.6,80.0,204.0,4.3,70.6,33.1,32.6,Bw367,5.22
1,Monaragala,0,29.1,78.0,180.8,6.0,39.0,46.8,52.4,Bg352,7.14
0,Hambantota,0,31.5,65.6,29.6,7.8,64.9,49.4,32.7,At362,6.2
0,Matara,1,30.2,78.6,219.0,6.9,32.8,30.5,46.1,Bw367,5.8
1,Hambantota,0,29.3,73.6,126.5,6.9,82.9,35.4,61.0,Bg352,7.82
1,Matara,1,27.6,85.5,227.5,6.5,35.9,37.5,38.2,Bw367,6.09
0,Trincomalee,0,34.3,66.1,53.7,9.7,52.6,26.4,32.6,Bg300,5.06
1,Polonnaruwa,0,27.4,76.5,193.0,6.2,55.2,26.5,35.1,Bg366,7.35
1,Kandy,1,23.2,84.0,217.4,4.9,60.7,28.8,41.7,Bw367,5.51
0,Colombo,1,29.5,78.2,200.2,6.9,60.0,37.0,44.1,Bw367,5.8
0,Ratnapura,1,29.4,88.7,283.9,6.6,20.1,36.2,33.6,Ld368,4.93
0,Kalutara,1,29.1,85.5,287.4,6.5,46.9,32.5,36.6,Ld368,5.6
1,Kalutara,1,27.5,90.0,324.7,5.7,59.3,45.0,47.8,Ld368,6.44
1,Hambantota,0,27.3,70.0,106.4,7.5,36.9,21.8,37.4,Bg352,6.32
0,Monaragala,0,32.8,69.5,68.4,8.3,33.0,37.8,50.3,Bg300,5.5
0,Ampara,0,32.6,66.7,48.2,8.9,45.1,57.9,32.2,Bg300,5.5
1,Colombo,1,28.0,78.7,227.0,6.5,38.7,22.5,64.1,Bw367,6.09
0,Kegalle,1,28.1,82.9,271.0,6.9,60.1,48.3,33.5,Ld368,5.6
1,Matara,1,25.8,79.7,246.4,5.0,61.9,48.6,40.2,Bw367,6.67
0,Badulla,1,27.0,75.0,119.9,7.4,70.6,28.0,29.2,Bw367,5.8
0,Matale,1,28.9,75.3,127.6,7.4,55.3,52.5,64.3,Bw367,6.38
0,Ampara,0,33.9,67.8,52.1,7.8,32.0,37.5,48.5,Bg300,5.06
0,Ampara,0,34.4,68.4,38.2,8.0,39.7,36.8,48.4,At362,5.7
0,Trincomalee,0,32.9,65.0,58.3,9.7,55.8,48.6,32.8,Bg300,5.5
0,Kegalle,1,29.3,77.6,258.5,5.7,22.9,27.8,64.8,Ld368,5.6
1,Kandy,1,25.3,81.3,218.6,4.7,40.6,19.0,42.3,Bw367,4.81
1,Matara,1,28.4,83.5,250.2,6.6,67.3,51.1,30.4,Ld368,5.88
0,Anuradhapura,0,31.8,64.7,54.4,9.1,70.1,23.7,39.6,Bg300,5.5
1,Matale,1,24.3,81.0,208.9,5.3,38.8,31.2,47.2,Bw367,6.09
1,Badulla,1,22.9,83.0,175.3,5.8,69.2,40.2,38.7,Bw367,6.09
0,Nuwara Eliya,1,19.6,87.1,216.1,4.5,35.2,37.7,42.9,Bw367,5.22
0,Nuwara Eliya,1,18.6,87.6,208.0,4.3,21.0,40.9,46.6,Bw367,5.22
1,Ratnapura,1,26.7,87.8,334.9,5.5,30.7,50.8,52.2,Ld368,5.88
1,Matale,1,26.9,84.0,185.2,4.8,38.1,22.5,55.7,Bw367,5.51
0,Badulla,1,27.4,77.4,115.8,6.5,69.1,41.7,59.6,Bw367,6.38
1,Hambantota,0,27.4,71.0,129.1,7.4,62.1,34.6,51.1,Bg352,7.14
1,Polonnaruwa,0,29.0,84.6,199.2,5.5,71.4,30.8,50.2,Bg366,8.05
0,Kandy,1,27.9,82.5,142.1,6.9,36.1,43.3,53.0,Bw367,5.8
1,Anuradhapura,0,28.3,81.6,176.5,6.3,67.1,30.3,61.7,Bg366,8.05
0,Trincomalee,0,33.6,58.6,54.2,9.3,54.3,49.1,56.7,Bg300,5.61
1,Galle,1,27.1,89.9,264.0,5.5,67.7,25.7,31.1,Ld368,5.88
0,Ratnapura,1,28.3,80.8,287.8,6.7,71.3,38.9,44.2,Ld368,6.16
1,Nuwara Eliya,1,16.4,94.5,291.7,4.4,30.3,31.3,41.4,Ld368,4.65
1,Nuwara Eliya,1,14.2,90.3,269.1,4.3,73.6,40.7,56.8,Ld368,5.88
1,Matara,1,26.3,82.8,253.7,5.5,33.5,30.4,39.7,Ld368,5.21
0,Matara,1,30.0,83.9,227.7,6.3,59.2,48.0,60.8,Bw367,6.38
1,Trincomalee,0,28.0,86.8,221.1,4.8,65.8,22.6,29.0,Bg366,6.65
0,Kandy,1,27.4,76.4,136.0,6.0,26.3,32.2,33.5,Bw367,5.1
0,Hambantota,0,31.4,67.4,32.4,8.7,50.1,54.3,45.6,At362,6.2
0,Nuwara Eliya,1,18.3,85.2,210.1,5.7,43.0,49.2,47.6,Bw367,5.8
1,Kurunegala,0,28.3,77.1,157.4,6.9,51.1,23.7,37.1,Bg352,7.14
0,Ratnapura,1,27.6,83.7,290.1,6.6,22.7,21.4,36.0,Ld368,4.93
1,Kegalle,1,25.5,89.4,311.5,4.6,84.6,47.4,30.5,Ld368,5.88
0,Badulla,1,26.4,79.8,100.8,7.4,34.9,47.2,52.3,Bw367,5.8
1,Polonnaruwa,0,27.9,83.8,191.6,6.2,38.7,48.0,55.0,Bg352,7.14
1,Colombo,1,26.4,81.4,240.3,6.2,45.2,32.1,44.4,Bw367,6.09
0,Colombo,1,31.3,79.4,195.2,8.0,66.7,25.4,32.8,Bw367,5.8
0,Ratnapura,1,28.4,87.5,288.4,6.6,35.0,38.7,36.3,Ld368,5.6
0,Matara,1,30.2,78.3,222.0,7.5,37.9,53.3,43.6,Bw367,5.8
1,Colombo,1,28.9,84.7,239.0,6.1,76.1,36.8,54.5,Bw367,6.67
0,Badulla,1,26.0,76.4,100.9,6.6,69.8,48.6,25.4,Bw367,5.8
0,Polonnaruwa,0,31.6,62.6,32.0,9.6,73.5,44.4,40.7,At362,6.82
1,Colombo,1,28.6,79.2,238.3,6.4,51.7,16.3,45.3,Bw367,6.09
1,Ampara,0,27.5,86.7,214.6,5.2,43.2,25.1,55.3,Bg352,7.14
1,Polonnaruwa,0,27.2,79.6,189.0,5.4,80.7,50.0,38.3,Bg366,8.05
1,Kegalle,1,27.4,82.7,292.9,4.6,77.8,22.2,37.3,Ld368,5.32
1,Matale,1,25.9,86.1,197.2,5.6,83.1,26.9,34.9,Bw367,6.09
1,Monaragala,0,27.5,77.1,178.4,6.3,78.2,53.8,33.2,Bg366,8.05
0,Ratnapura,1,29.3,84.7,284.3,5.4,22.2,28.2,57.9,Ld368,5.6
0,Kurunegala,0,30.0,69.5,101.4,7.9,45.9,48.3,41.6,Bg300,5.5
1,Trincomalee,0,25.9,85.4,230.5,4.8,70.4,49.7,48.3,Bg366,7.35
0,Kalutara,1,28.5,81.5,295.2,5.5,52.2,26.1,43.7,Ld368,5.6
0,Kegalle,1,30.0,82.8,261.8,5.6,54.5,36.8,51.9,Ld368,5.6
0,Trincomalee,0,35.3,57.4,62.3,8.2,44.5,38.5,52.8,Bg300,5.06
0,Monaragala,0,32.1,71.7,73.2,8.3,27.7,46.3,55.7,Bg300,5.5
1,Ratnapura,1,27.0,86.8,312.3,5.4,64.4,15.1,39.1,Ld368,5.88
1,Monaragala,0,26.4,75.0,163.4,6.7,79.6,40.8,47.1,Bg366,8.05
0,Matale,1,27.8,76.7,116.7,7.5,20.7,47.3,30.4,Bw367,5.1
0,Ampara,0,34.6,59.5,45.5,7.9,66.9,48.1,57.0,Bg300,5.61
0,Galle,1,28.0,77.8,230.4,7.1,32.6,20.6,33.1,Bw367,5.1
0,Anuradhapura,0,31.5,60.4,60.7,8.1,65.2,37.5,50.3,Bg300,6.05
1,Matara,1,27.5,81.9,227.9,6.5,63.2,24.7,41.8,Bw367,6.09
0,Nuwara Eliya,1,17.6,87.0,216.8,4.3,27.0,50.7,55.8,Bw367,5.22
0,Matale,1,28.3,74.9,112.1,7.2,26.3,20.1,27.9,Bw367,5.1
1,Monaragala,0,28.2,83.8,177.2,5.9,84.1,38.3,29.5,Bg366,8.05
0,Ratnapura,1,28.6,79.2,271.8,6.2,25.6,43.0,25.5,Ld368,4.93
1,Colombo,1,28.6,83.7,238.4,5.6,77.3,40.9,56.9,Bw367,6.67
0,Matale,1,28.0,79.8,110.5,7.7,31.4,29.9,42.6,Bw367,5.1
1,Kalutara,1,25.6,86.0,309.7,4.8,66.7,54.0,49.3,Ld368,5.88
1,Kegalle,1,25.9,90.9,296.6,5.4,42.5,25.4,40.0,Ld368,5.88
0,Nuwara Eliya,1,18.3,79.5,220.1,4.3,68.8,20.0,27.6,Bw367,5.22
1,Badulla,1,21.8,83.7,192.9,5.8,39.2,47.5,38.8,Bw367,6.09
0,Kalutara,1,28.1,87.2,280.7,5.5,38.0,44.1,61.9,Ld368,5.6
1,Galle,1,26.1,81.8,251.6,6.2,73.4,51.2,48.3,Ld368,6.44
1,Matara,1,27.9,81.6,227.3,5.6,46.5,42.0,47.1,Bw367,6.09
1,Kalutara,1,26.4,92.4,297.9,5.5,50.1,42.8,62.2,Ld368,6.44
1,Nuwara Eliya,1,14.1,85.3,274.9,4.5,45.9,28.4,56.4,Ld368,5.32
1,Polonnaruwa,0,28.5,77.7,181.5,5.2,82.4,38.1,35.3,Bg366,8.05
0,Matale,1,29.5,73.2,126.8,6.6,26.2,37.0,31.0,Bw367,5.1
0,Kurunegala,0,30.9,69.8,123.6,6.8,71.6,32.4,45.5,Bg300,5.5
0,Kandy,1,28.5,75.0,156.6,6.4,74.9,39.5,29.2,Bw367,5.8
1,Colombo,1,27.2,80.4,250.6,6.5,30.6,36.3,33.9,Ld368,5.21
0,Kalutara,1,27.6,85.5,303.5,5.8,38.8,23.3,62.2,Ld368,5.6
1,Nuwara Eliya,1,16.6,89.9,283.6,4.1,60.9,50.6,39.2,Ld368,5.88
1,Kurunegala,0,26.9,79.1,160.0,6.8,64.0,54.2,31.6,Bg366,7.35
1,Kandy,1,24.8,80.3,224.0,5.9,34.4,38.3,61.6,Bw367,6.09
0,Kegalle,1,29.2,81.7,265.4,6.5,22.9,45.1,25.2,Ld368,4.93
0,Ratnapura,1,29.6,83.4,282.0,5.5,47.1,49.9,55.9,Ld368,6.16
0,Matara,1,29.2,75.0,219.4,7.7,50.8,41.7,29.5,Bw367,5.8
1,Matale,1,24.1,86.9,196.5,5.8,65.8,21.7,37.8,Bw367,6.09
0,Kalutara,1,30.4,78.2,285.6,6.5,49.0,52.7,25.7,Ld368,5.6
1,Colombo,1,29.1,84.3,232.9,6.7,66.7,31.6,52.2,Bw367,6.67
0,Badulla,1,27.2,80.3,124.4,6.5,28.7,16.4,60.7,Bw367,5.8
1,Monaragala,0,28.2,84.3,172.3,5.4,39.7,25.3,37.3,Bg352,6.32
1,Hambantota,0,29.4,71.9,126.8,6.8,85.0,51.1,63.8,Bg352,7.82
1,Matale,1,25.5,79.2,199.8,5.1,57.0,53.0,36.6,Bw367,6.09
1,Hambantota,0,27.7,72.1,121.3,7.3,71.2,48.9,36.3,Bg352,7.82
0,Anuradhapura,0,31.0,64.8,45.1,8.8,55.1,35.2,25.3,Bg300,5.5
0,Kegalle,1,29.2,77.7,258.2,6.5,61.6,27.9,44.6,Ld368,5.6
1,Kalutara,1,27.8,86.1,319.3,5.2,83.7,34.1,56.0,Ld368,6.44
1,Matale,1,25.0,80.7,198.6,5.9,76.0,47.2,49.8,Bw367,6.67
0,Nuwara Eliya,1,17.9,82.9,216.2,5.8,29.2,31.4,28.8,Bw367,5.1
0,Matara,1,29.4,79.4,211.9,6.6,62.8,53.5,37.9,Bw367,6.38
0,Monaragala,0,31.3,72.3,70.2,8.5,22.7,43.9,46.1,Bg300,5.5
0,Hambantota,0,30.8,70.8,46.2,7.5,51.2,26.8,30.6,Bg300,5.5
0,Anuradhapura,0,31.9,64.4,45.8,8.7,45.9,58.5,39.1,Bg300,5.5
0,Polonnaruwa,0,34.1,60.1,49.9,9.5,58.8,30.3,36.3,Bg300,5.06
1,Matale,1,26.1,83.2,191.2,5.1,30.5,54.1,58.1,Bw367,6.09
0,Hambantota,0,30.8,73.2,31.3,7.9,56.5,42.4,43.4,At362,6.2
1,Ratnapura,1,25.0,91.4,309.8,5.0,77.9,33.3,54.0,Ld368,6.44
1,Matale,1,24.4,85.1,212.6,5.6,40.2,20.1,35.4,Bw367,5.39
0,Nuwara Eliya,1,17.9,80.4,204.2,4.3,25.0,20.7,53.5,Bw367,4.52
0,Kandy,1,28.8,73.8,151.1,6.7,72.7,51.0,42.6,Bw367,6.38
1,Monaragala,0,29.1,79.2,179.3,5.8,76.1,30.4,36.6,Bg366,7.35
0,Ampara,0,32.4,62.1,55.4,9.2,57.1,53.1,46.7,Bg300,6.05
1,Kalutara,1,26.9,90.6,302.4,5.3,54.6,26.3,45.9,Ld368,5.88
1,Badulla,1,21.7,86.6,198.9,6.0,51.0,21.8,58.6,Bw367,6.09
1,Kegalle,1,24.7,91.9,309.0,5.7,68.2,22.4,26.2,Ld368,5.88
0,Monaragala,0,31.7,65.6,66.9,7.9,55.8,39.4,52.9,Bg300,5.5
1,Polonnaruwa,0,26.6,78.3,193.1,6.5,50.1,35.2,51.1,Bg352,7.14
1,Colombo,1,28.7,83.9,254.1,5.5,72.5,31.3,39.4,Ld368,5.88
0,Ratnapura,1,29.0,79.3,277.4,6.5,41.3,39.1,33.4,Ld368,5.6
1,Badulla,1,23.8,84.7,202.1,6.1,81.9,50.8,25.1,Bw367,6.67
1,Ampara,0,26.3,77.4,196.7,5.3,64.1,36.1,26.0,Bg366,7.35
0,Matale,1,29.6,78.5,133.4,7.7,42.3,50.9,25.0,Bw367,5.8
1,Anuradhapura,0,27.6,82.7,172.0,6.5,69.0,20.2,64.7,Bg366,8.05
1,Matara,1,27.7,83.1,241.7,5.4,32.0,48.4,60.9,Bw367,6.09
0,Matale,1,30.5,79.1,119.8,7.0,54.6,19.4,49.3,Bw367,5.8
0,Badulla,1,26.2,74.1,113.2,6.8,30.7,42.0,37.3,Bw367,5.8
1,Matale,1,26.6,81.1,185.0,5.1,34.9,18.7,52.7,Bw367,6.09
1,Matale,1,26.5,79.2,198.1,5.4,64.8,28.4,41.7,Bw367,6.09
0,Ratnapura,1,27.4,84.7,271.5,5.4,37.8,21.5,27.4,Ld368,4.93
0,Badulla,1,25.4,78.4,96.4,6.3,64.6,32.4,38.6,Bw367,5.8
1,Kegalle,1,26.6,84.0,290.6,5.8,62.4,30.6,57.1,Ld368,6.44
0,Ampara,0,31.8,59.4,55.4,8.9,38.2,55.4,35.6,Bg300,5.5
1,Kurunegala,0,27.7,85.6,145.9,5.7,65.2,33.5,26.7,Bg352,7.14
0,Anuradhapura,0,32.1,62.6,35.2,8.0,46.1,31.0,60.0,At362,6.2
0,Badulla,1,27.1,75.0,103.3,6.7,38.2,35.3,39.2,Bw367,5.8
1,Ratnapura,1,25.6,90.7,323.1,4.4,74.7,47.0,64.6,Ld368,5.88
0,Ampara,0,33.2,61.8,48.3,8.4,60.4,44.1,51.1,Bg300,5.61
1,Polonnaruwa,0,26.3,77.9,209.6,6.3,81.7,43.8,41.3,Bg366,8.05
0,Trincomalee,0,33.4,64.6,56.7,8.5,21.0,35.4,46.9,Bg300,4.4
1,Trincomalee,0,28.2,86.8,226.7,5.5,78.6,38.0,31.0,Bg366,7.35
0,Kalutara,1,28.3,78.5,278.8,6.4,53.4,25.4,54.1,Ld368,5.6
0,Kandy,1,28.8,78.8,158.4,6.9,34.2,27.4,44.1,Bw367,5.8
0,Ratnapura,1,27.9,83.7,268.2,5.4,45.5,44.2,58.3,Ld368,5.6
1,Polonnaruwa,0,27.4,78.8,185.8,5.2,73.6,38.6,56.6,Bg366,8.05
1,Galle,1,26.1,85.1,248.3,5.5,59.8,54.3,57.5,Bw367,6.67
1,Colombo,1,26.4,78.4,227.5,5.6,54.3,40.7,45.0,Bw367,6.09
0,Hambantota,0,32.8,66.6,50.6,8.2,44.9,51.4,28.7,Bg300,5.5
1,Kalutara,1,25.7,86.9,295.8,5.3,47.1,36.6,35.2,Ld368,5.88
1,Colombo,1,27.2,86.8,246.1,5.5,56.2,33.7,44.7,Bw367,6.09
0,Galle,1,30.1,79.9,238.7,7.3,32.7,16.9,53.1,Bw367,5.1
0,Monaragala,0,31.8,65.6,54.7,7.7,38.0,37.0,51.2,Bg300,5.5
1,Ratnapura,1,26.9,89.0,333.9,4.8,45.2,22.7,52.8,Ld368,5.32
0,Kurunegala,0,31.7,67.4,119.1,7.6,41.5,41.5,49.5,Bg300,5.5
0,Colombo,1,32.0,78.8,198.3,7.9,63.7,32.2,27.7,Bw367,5.8
1,Kalutara,1,26.2,86.1,318.6,4.3,40.8,23.4,64.7,Ld368,5.32
0,Kegalle,1,28.9,77.4,260.4,5.9,56.0,33.8,43.3,Ld368,5.6
1,Kurunegala,0,26.5,86.6,145.2,5.9,63.5,51.3,57.7,Bg352,7.82
0,Anuradhapura,0,32.0,66.1,51.8,7.9,63.9,58.9,32.2,Bg300,6.05
1,Nuwara Eliya,1,14.7,88.4,273.1,4.7,42.8,33.7,63.3,Ld368,5.32
0,Nuwara Eliya,1,18.5,84.9,222.5,4.2,41.6,49.0,41.4,Bw367,5.22
1,Badulla,1,21.6,83.5,192.0,5.8,75.2,45.4,26.1,Bw367,6.09
1,Ampara,0,27.4,82.7,206.2,5.8,67.1,43.2,59.5,Bg366,8.05
1,Badulla,1,21.9,84.0,203.8,4.8,48.5,52.0,60.9,Bw367,6.09
1,Monaragala,0,27.2,83.5,170.2,6.2,43.1,48.3,38.1,Bg352,7.14
1,Matale,1,24.7,80.2,196.1,5.9,42.4,46.5,52.8,Bw367,6.09
0,Kurunegala,0,31.7,67.1,104.2,7.8,74.3,20.1,45.4,Bg300,5.5
1,Kurunegala,0,26.3,81.9,165.9,5.4,65.1,41.7,33.8,Bg366,7.35
1,Nuwara Eliya,1,16.7,87.0,270.8,4.2,59.9,15.4,40.7,Ld368,5.32
1,Nuwara Eliya,1,16.7,87.0,276.5,4.1,76.9,36.3,63.7,Ld368,5.88
1,Trincomalee,0,27.8,85.0,205.7,6.2,46.4,30.0,44.4,Bg352,7.14
1,Anuradhapura,0,28.8,76.9,178.2,6.1,51.7,56.6,59.1,Bg352,7.82
0,Kalutara,1,30.2,79.2,282.3,5.6,29.9,47.1,48.2,Ld368,5.6
1,Ampara,0,27.4,86.8,219.8,5.9,40.4,50.8,38.9,Bg352,7.14
0,Polonnaruwa,0,33.3,64.1,51.8,9.1,23.8,38.3,51.6,Bg300,5.06
0,Trincomalee,0,32.9,61.2,69.6,8.6,49.2,49.7,25.5,Bg300,5.5
0,Anuradhapura,0,32.2,68.7,36.2,7.9,37.7,33.8,58.9,At362,6.2
1,Monaragala,0,26.7,83.2,178.4,6.0,41.7,45.4,31.3,Bg352,7.14
1,Colombo,1,28.2,86.9,251.7,6.1,59.6,54.9,46.9,Ld368,6.44
0,Ampara,0,34.4,61.3,37.9,8.8,25.3,34.9,41.9,At362,4.96
0,Anuradhapura,0,31.5,68.4,47.1,7.8,73.1,30.2,62.4,Bg300,6.05
1,Kalutara,1,27.5,89.6,320.8,5.8,77.9,31.1,57.6,Ld368,6.44
0,Kegalle,1,29.5,86.0,256.6,6.2,61.1,38.3,32.0,Ld368,5.6
0,Kalutara,1,28.5,80.6,285.3,6.2,67.0,44.7,58.4,Ld368,6.16
0,Trincomalee,0,33.5,57.6,67.9,8.2,60.8,35.1,63.0,Bg300,5.61
1,Polonnaruwa,0,28.4,77.8,189.0,6.0,84.9,40.7,62.5,Bg366,8.05
1,Matara,1,28.1,83.4,236.6,5.3,83.0,53.4,54.9,Bw367,6.67
0,Matale,1,30.5,70.7,130.3,6.8,43.0,48.3,28.6,Bw367,5.8
1,Hambantota,0,29.9,77.0,127.6,7.2,33.3,28.1,44.7,Bg352,7.14
0,Anuradhapura,0,32.2,67.1,52.4,8.8,23.4,21.4,40.1,Bg300,4.84
0,Nuwara Eliya,1,18.2,83.3,224.4,4.5,66.6,48.0,60.7,Bw367,5.8
0,Nuwara Eliya,1,19.5,85.2,204.3,4.6,38.8,23.7,55.3,Bw367,5.22
1,Nuwara Eliya,1,16.6,87.2,266.6,4.4,51.5,48.0,56.2,Ld368,5.88
0,Kandy,1,26.8,74.0,142.6,6.5,73.9,17.5,33.0,Bw367,5.8
1,Hambantota,0,28.6,75.5,112.5,6.8,31.3,37.3,47.9,Bg352,7.14
0,Ampara,0,34.1,66.1,48.4,8.3,73.0,25.6,26.8,Bg300,5.06
0,Colombo,1,29.2,77.4,196.0,6.6,60.7,17.2,37.7,Bw367,5.8
0,Polonnaruwa,0,32.7,60.6,57.8,9.5,42.9,35.7,37.3,Bg300,5.5
1,Kegalle,1,26.2,82.9,310.6,5.2,52.9,28.5,29.0,Ld368,5.88
1,Kandy,1,25.2,81.3,220.3,5.3,39.2,32.1,50.8,Bw367,6.09
0,Kegalle,1,27.7,81.1,272.5,5.7,53.8,30.9,52.1,Ld368,5.6
1,Trincomalee,0,25.9,79.1,213.4,5.6,69.1,53.1,62.1,Bg366,8.05
1,Monaragala,0,27.4,75.3,176.8,6.7,38.9,45.8,57.5,Bg352,7.14
0,Matara,1,30.0,78.1,210.1,6.3,33.0,17.3,49.7,Bw367,5.1
1,Ratnapura,1,25.3,87.9,329.5,4.4,36.6,35.0,50.8,Ld368,5.32
0,Colombo,1,30.8,78.9,207.0,7.6,71.5,24.5,35.8,Bw367,5.8
0,Monaragala,0,32.3,67.0,64.9,7.5,55.7,44.8,35.6,Bg300,5.5
1,Ampara,0,28.2,79.3,221.4,4.8,52.8,23.2,62.0,Bg352,6.46
1,Kandy,1,23.5,89.2,222.5,5.7,30.9,31.8,64.4,Bw367,6.09
1,Trincomalee,0,28.0,88.6,225.6,5.1,47.0,22.9,42.1,Bg352,7.14
0,Badulla,1,27.2,79.2,124.5,7.7,58.9,49.8,54.9,Bw367,6.38
0,Galle,1,30.2,78.8,227.7,6.5,28.2,33.3,61.0,Bw367,5.8
1,Ampara,0,28.3,86.4,219.9,5.9,38.3,34.0,47.6,Bg352,7.14
1,Kurunegala,0,25.8,86.3,166.1,5.8,48.0,35.4,28.0,Bg352,7.14
0,Polonnaruwa,0,32.0,66.1,55.4,9.0,62.3,26.9,48.0,Bg300,5.5
1,Colombo,1,28.3,78.2,235.3,5.7,61.5,45.6,47.8,Bw367,6.67
1,Kurunegala,0,25.8,85.8,161.1,5.5,65.4,40.7,33.8,Bg366,7.35
1,Kurunegala,0,25.6,84.7,148.4,6.1,75.0,47.8,25.2,Bg352,7.14
1,Kandy,1,23.1,86.7,234.1,5.4,42.3,29.2,64.1,Bw367,6.09
1,Kandy,1,24.2,83.7,225.3,5.0,62.0,35.6,46.0,Bw367,6.09
1,Ratnapura,1,27.2,91.9,309.4,5.2,66.6,40.8,44.2,Ld368,6.44
0,Matara,1,30.5,83.5,227.6,6.5,71.5,30.7,44.0,Bw367,5.8
0,Nuwara Eliya,1,17.7,86.7,217.0,5.1,38.6,21.6,29.1,Bw367,5.1
0,Matale,1,29.6,75.6,123.0,7.1,24.5,41.8,43.8,Bw367,5.8
0,Monaragala,0,33.1,63.2,57.5,7.4,21.9,31.0,64.5,Bg300,5.06
0,Nuwara Eliya,1,18.1,81.5,210.2,5.7,38.9,31.1,32.6,Bw367,5.1
1,Matara,1,27.9,83.4,247.5,5.5,68.9,25.3,56.2,Bw367,6.67
0,Trincomalee,0,33.1,63.9,56.2,9.7,39.9,50.9,39.8,Bg300,5.06
0,Matara,1,28.6,76.4,209.9,6.5,20.5,46.8,43.7,Bw367,5.8
1,Kandy,1,24.8,88.3,220.1,4.6,63.9,42.1,50.1,Bw367,6.09
1,Trincomalee,0,26.7,85.3,233.4,4.9,36.6,21.3,39.6,Bg352,5.64
1,Polonnaruwa,0,27.5,82.6,191.8,5.5,75.5,54.0,34.3,Bg366,8.05
1,Kegalle,1,26.4,83.3,301.2,5.4,39.1,43.2,30.6,Ld368,5.88
0,Galle,1,29.5,78.0,218.3,7.2,41.0,18.5,55.9,Bw367,5.8
0,Galle,1,30.2,80.6,220.8,6.1,52.6,16.0,27.6,Bw367,5.1
0,Matale,1,29.1,73.3,121.2,7.1,51.1,40.7,62.6,Bw367,6.38
1,Monaragala,0,26.7,76.1,165.1,6.2,32.5,49.1,40.9,Bg352,7.14
0,Trincomalee,0,35.5,57.3,51.9,8.3,25.3,51.7,42.0,Bg300,5.06
0,Polonnaruwa,0,32.5,60.3,38.1,8.1,43.5,29.4,42.9,At362,6.2
0,Kegalle,1,28.6,86.5,259.4,6.9,33.7,52.4,34.1,Ld368,5.6
0,Anuradhapura,0,32.6,66.0,56.0,9.2,25.0,33.2,53.4,Bg300,5.5
0,Galle,1,28.3,83.3,222.4,6.8,52.8,29.5,51.6,Bw367,5.8
1,Nuwara Eliya,1,16.9,88.2,286.4,4.0,66.8,19.4,45.8,Ld368,5.32
1,Polonnaruwa,0,27.4,84.7,184.1,6.2,48.2,31.6,35.8,Bg352,7.14
0,Matara,1,29.1,80.7,206.4,6.7,35.4,45.1,30.9,Bw367,5.8
1,Hambantota,0,27.5,73.7,111.0,6.5,71.9,39.1,31.5,Bg352,7.14
1,Kandy,1,23.7,89.5,230.4,5.1,56.5,51.0,48.7,Bw367,6.67
0,Matara,1,29.8,76.0,226.8,7.0,56.8,21.3,50.9,Bw367,5.8
0,Kandy,1,27.0,79.7,152.8,6.7,73.1,43.0,50.6,Bw367,6.38
1,Kalutara,1,27.0,84.4,317.1,5.2,83.4,51.4,36.3,Ld368,6.44
0,Badulla,1,26.5,77.0,95.8,6.4,52.2,51.5,61.3,Bw367,6.38
0,Monaragala,0,31.7,63.4,64.1,8.4,63.4,40.0,28.8,Bg300,5.5
1,Polonnaruwa,0,28.8,77.3,189.6,6.2,70.3,56.5,40.5,Bg366,8.05
0,Monaragala,0,32.8,71.3,54.0,8.5,43.8,20.9,27.4,Bg300,4.84
0,Kegalle,1,29.9,84.3,255.7,6.6,30.6,31.9,50.0,Ld368,5.6
0,Nuwara Eliya,1,19.9,86.8,207.4,5.0,58.5,16.2,60.6,Bw367,5.8
0,Trincomalee,0,33.2,66.8,45.4,9.6,37.8,50.5,43.3,Bg300,5.06
1,Monaragala,0,27.1,76.0,181.0,5.7,68.2,52.8,61.1,Bg366,8.05
0,Monaragala,0,31.1,70.4,71.9,7.2,32.1,39.7,41.8,Bg300,5.5
1,Kurunegala,0,26.0,80.8,153.7,6.6,48.2,45.6,52.0,Bg352,7.14
1,Monaragala,0,26.5,82.0,157.3,5.4,40.8,31.2,58.9,Bg352,7.14
1,Matale,1,26.1,78.5,207.8,5.6,75.8,23.7,58.3,Bw367,6.67
1,Nuwara Eliya,1,14.6,93.8,286.1,3.2,30.5,26.6,30.7,Ld368,4.65
0,Kurunegala,0,30.5,68.8,114.1,8.0,61.4,48.7,27.0,Bg300,5.5
1,Ampara,0,28.8,85.9,198.3,5.1,75.8,53.0,36.0,Bg366,8.05
0,Galle,1,29.4,77.0,241.7,7.1,29.3,43.2,54.7,Bw367,5.8
0,Ratnapura,1,28.6,84.8,284.9,5.7,43.8,44.7,64.4,Ld368,6.16
0,Polonnaruwa,0,31.6,62.3,49.8,8.6,75.0,27.8,25.3,Bg300,5.5
1,Nuwara Eliya,1,16.7,86.5,279.4,3.9,66.6,17.2,51.4,Ld368,5.32
1,Matale,1,26.8,86.5,197.0,6.3,32.9,46.5,42.4,Bw367,6.09
0,Badulla,1,26.0,71.8,113.5,6.6,59.9,39.3,54.9,Bw367,6.38
1,Matara,1,25.7,82.7,252.6,5.9,70.0,50.2,61.2,Ld368,6.44
0,Kalutara,1,29.1,86.5,299.2,6.5,53.2,39.7,39.5,Ld368,5.6
1,Nuwara Eliya,1,15.9,87.2,272.2,4.6,64.4,30.9,32.5,Ld368,5.32
1,Ratnapura,1,24.9,88.7,325.3,4.9,80.7,16.6,36.2,Ld368,5.32
1,Badulla,1,21.6,80.2,197.0,5.3,80.9,15.9,51.1,Bw367,6.09
1,Ampara,0,26.4,81.4,216.1,5.7,61.1,33.1,54.1,Bg366,7.35
1,Kalutara,1,25.5,92.6,311.7,5.0,76.7,40.6,28.0,Ld368,5.88
1,Trincomalee,0,28.4,79.2,212.8,5.5,64.1,31.0,58.1,Bg366,8.05
0,Trincomalee,0,34.2,63.6,49.9,9.2,71.6,46.1,31.3,Bg300,5.06
0,Ampara,0,34.3,62.5,47.7,8.8,48.8,48.8,26.6,Bg300,5.06
0,Kegalle,1,27.7,80.2,274.8,5.8,37.0,43.1,51.0,Ld368,5.6
1,Kandy,1,24.7,81.5,212.6,5.1,36.0,54.7,31.6,Bw367,6.09
0,Trincomalee,0,35.0,66.9,52.9,9.5,72.7,26.9,44.2,Bg300,5.06
1,Monaragala,0,28.1,79.2,159.6,5.9,46.2,47.8,42.7,Bg352,7.14
1,Nuwara Eliya,1,14.6,89.2,281.7,3.4,62.3,26.6,34.2,Ld368,5.32
1,Kandy,1,24.0,89.3,205.9,5.8,51.9,37.5,45.5,Bw367,6.09
1,Matara,1,28.0,88.8,248.8,5.5,83.0,54.3,29.9,Bw367,6.67
1,Ampara,0,27.9,86.2,222.5,6.1,78.7,24.7,30.7,Bg366,7.35
0,Trincomalee,0,32.8,60.5,60.5,8.7,59.6,52.8,51.6,Bg300,6.05
0,Badulla,1,25.4,72.2,109.8,7.4,50.2,43.9,38.4,Bw367,5.8
0,Hambantota,0,32.3,67.2,43.5,8.7,27.7,43.9,52.6,At362,6.2
0,Badulla,1,24.9,79.3,97.8,7.0,44.4,23.9,37.1,Bw367,5.8
1,Kalutara,1,25.1,89.3,315.0,4.6,62.9,36.4,35.4,Ld368,5.32
0,Kalutara,1,30.2,82.3,293.9,5.5,24.3,18.3,56.1,Ld368,4.93
1,Polonnaruwa,0,28.0,81.6,193.4,6.1,43.2,43.8,47.2,Bg352,7.14
1,Colombo,1,28.6,77.8,230.1,6.0,79.0,38.0,58.7,Bw367,6.67
0,Matale,1,27.8,78.1,127.8,7.5,30.5,25.9,36.8,Bw367,5.1
0,Ratnapura,1,27.2,82.4,280.5,6.5,41.9,25.8,39.9,Ld368,5.6
1,Kurunegala,0,25.8,84.1,167.1,6.7,56.1,54.4,31.7,Bg366,7.35
1,Hambantota,0,29.4,72.3,109.7,7.0,34.2,21.8,29.3,Bg352,6.32
0,Badulla,1,26.6,76.6,101.3,6.6,64.6,35.1,52.9,Bw367,6.38
0,Ampara,0,32.4,68.7,52.0,8.0,42.3,33.2,33.6,Bg300,5.5
0,Badulla,1,27.1,73.0,105.6,7.4,31.5,38.7,53.0,Bw367,5.8
0,Monaragala,0,31.5,71.8,50.7,7.7,22.7,46.0,29.0,Bg300,4.84
0,Kalutara,1,29.7,84.6,275.4,5.5,52.0,51.5,49.0,Ld368,6.16
1,Kurunegala,0,26.5,83.2,162.9,6.9,59.1,34.2,46.0,Bg366,7.35
0,Monaragala,0,32.1,66.3,60.2,8.4,23.7,31.0,31.1,Bg300,4.84
0,Monaragala,0,31.4,67.9,68.2,8.7,41.1,48.1,63.4,Bg300,6.05
0,Kandy,1,28.8,82.2,156.1,7.1,73.0,46.8,41.3,Bw367,6.38
1,Kandy,1,26.0,86.1,230.6,4.5,51.4,41.8,29.3,Bw367,5.51
0,Kandy,1,27.3,75.2,144.0,7.2,35.9,23.5,46.4,Bw367,5.8
0,Kalutara,1,28.7,85.7,302.1,6.4,22.9,30.9,28.0,Ld368,4.93
0,Matale,1,27.7,71.9,117.5,6.9,42.4,33.5,53.5,Bw367,5.8
0,Monaragala,0,32.7,70.4,72.7,8.4,21.1,57.0,58.2,Bg300,5.5
0,Badulla,1,26.2,77.2,99.0,6.6,21.3,49.6,26.0,Bw367,5.1
1,Nuwara Eliya,1,15.5,85.6,272.2,4.4,36.8,25.3,62.8,Ld368,5.32
0,Colombo,1,31.3,80.6,207.5,6.6,48.4,32.8,37.4,Bw367,5.8
0,Kegalle,1,28.0,77.6,282.8,7.1,51.2,50.5,34.3,Ld368,5.6
1,Kandy,1,24.5,88.1,224.6,5.4,31.0,27.7,62.6,Bw367,6.09
1,Matara,1,28.3,88.1,252.1,6.3,52.4,21.4,38.4,Ld368,5.88
1,Ampara,0,28.6,84.2,203.5,4.9,45.8,44.9,58.1,Bg352,6.46
0,Badulla,1,24.8,73.5,105.4,7.2,33.6,24.4,36.4,Bw367,5.1
0,Polonnaruwa,0,33.0,66.4,50.9,9.1,28.5,22.2,45.4,Bg300,4.84
0,Colombo,1,30.1,72.3,190.3,6.6,64.1,28.8,28.2,Bw367,5.8
0,Colombo,1,31.0,79.5,188.6,7.6,40.4,42.2,51.9,Bw367,5.8
0,Matara,1,30.4,74.4,220.6,6.5,73.3,25.2,41.8,Bw367,5.8
1,Trincomalee,0,25.9,85.0,219.8,5.2,34.7,49.4,25.2,Bg352,7.14
0,Colombo,1,30.9,76.3,188.8,7.6,37.8,20.4,47.0,Bw367,5.8
0,Ampara,0,32.7,66.5,62.4,8.7,32.0,28.8,49.2,Bg300,5.5
1,Kurunegala,0,26.8,84.0,157.2,5.5,68.8,40.1,25.5,Bg366,7.35
0,Matale,1,29.1,71.6,128.2,6.5,42.7,37.7,48.4,Bw367,5.8
1,Kalutara,1,27.5,87.8,324.7,5.3,84.6,33.1,30.6,Ld368,5.88
0,Matale,1,29.8,78.5,114.0,7.0,67.2,49.6,26.0,Bw367,5.8
1,Matara,1,25.8,80.3,234.7,5.6,81.7,30.8,44.9,Bw367,6.67
1,Kandy,1,23.0,89.0,207.5,5.9,37.2,39.2,65.0,Bw367,6.09
0,Anuradhapura,0,33.0,67.3,58.3,8.8,64.2,24.9,58.5,Bg300,5.5
1,Matale,1,24.1,83.9,195.4,5.3,36.5,44.9,49.1,Bw367,6.09
0,Ratnapura,1,27.5,84.9,288.4,5.7,21.4,23.6,52.3,Ld368,4.93
1,Kalutara,1,25.0,86.1,296.9,4.7,52.3,51.8,28.2,Ld368,5.32
1,Kurunegala,0,28.5,81.9,170.9,5.4,33.7,20.9,55.9,Bg352,7.14
0,Ampara,0,31.8,60.5,44.2,8.5,23.6,40.0,34.9,At362,5.46
0,Monaragala,0,33.5,67.6,59.7,8.7,47.5,49.2,41.5,Bg300,5.06
0,Hambantota,0,32.0,71.6,38.8,7.8,65.7,31.0,51.4,At362,6.2
1,Kalutara,1,26.4,85.1,314.5,4.6,56.7,28.1,63.5,Ld368,5.32
1,Kalutara,1,26.0,90.0,303.7,5.0,74.9,21.3,64.1,Ld368,6.44
1,Kalutara,1,26.6,92.2,323.4,4.6,37.9,44.0,26.7,Ld368,5.32
1,Kalutara,1,25.7,85.3,306.0,4.7,46.8,39.2,57.2,Ld368,5.32
1,Anuradhapura,0,26.7,75.8,172.7,5.8,53.3,35.6,63.1,Bg352,7.82
1,Kegalle,1,26.2,89.5,306.8,5.2,77.3,40.0,60.0,Ld368,6.44
1,Polonnaruwa,0,26.4,83.2,191.5,6.0,70.6,33.1,45.2,Bg366,7.35
1,Colombo,1,28.9,84.5,247.9,6.6,70.5,28.6,29.8,Bw367,6.09
0,Kandy,1,28.0,81.5,154.3,6.4,21.4,53.2,27.8,Bw367,5.1
1,Kurunegala,0,28.1,85.4,173.2,5.9,51.3,20.7,62.7,Bg352,7.14
1,Kandy,1,25.6,84.2,231.0,5.4,37.5,16.5,34.8,Bw367,5.39
1,Badulla,1,23.5,86.4,203.7,5.6,71.1,26.0,52.2,Bw367,6.09
0,Anuradhapura,0,33.5,65.4,54.5,8.0,60.5,53.5,48.7,Bg300,5.61
0,Kandy,1,27.7,73.9,154.8,6.7,62.3,18.6,36.9,Bw367,5.8
1,Polonnaruwa,0,26.4,81.8,181.8,5.5,76.6,51.0,50.8,Bg366,8.05
1,Kegalle,1,26.6,87.2,314.4,5.4,63.1,31.4,61.1,Ld368,6.44
0,Polonnaruwa,0,31.5,60.0,33.3,8.5,65.4,46.1,31.8,At362,6.2
0,Polonnaruwa,0,33.0,63.1,40.9,9.4,37.5,23.8,37.1,At362,5.46
1,Nuwara Eliya,1,16.0,86.9,268.4,4.3,67.2,29.6,58.7,Ld368,5.88
0,Kegalle,1,29.3,86.2,259.0,7.1,21.8,36.1,36.6,Ld368,4.93
0,Kandy,1,26.7,73.1,147.4,5.8,36.0,40.7,36.8,Bw367,5.8
1,Badulla,1,22.8,84.2,201.4,5.1,44.5,20.1,57.8,Bw367,6.09
0,Anuradhapura,0,33.9,69.3,64.2,7.9,69.0,33.1,25.5,Bg300,5.06
0,Kurunegala,0,31.0,68.1,111.1,8.0,40.8,34.1,38.6,Bg300,5.5
1,Kalutara,1,25.1,87.5,302.9,5.6,35.3,31.5,41.3,Ld368,5.88
0,Monaragala,0,32.4,64.3,78.6,8.1,54.4,37.4,38.7,Bg300,5.5
0,Polonnaruwa,0,33.3,67.5,40.8,9.4,28.2,57.4,39.0,At362,5.7
1,Ampara,0,27.3,84.2,216.6,5.5,58.8,21.2,37.2,Bg366,7.35
1,Monaragala,0,28.0,80.6,176.3,6.3,42.9,50.8,25.8,Bg352,7.14
0,Matale,1,27.8,77.3,120.8,6.9,58.0,16.5,33.9,Bw367,5.8
1,Ratnapura,1,25.4,86.6,320.6,5.0,53.1,50.1,45.9,Ld368,5.88
1,Kalutara,1,27.1,85.2,324.3,4.7,59.3,15.8,60.4,Ld368,5.32
1,Ampara,0,26.7,80.8,210.3,6.3,67.9,45.2,46.0,Bg366,8.05
0,Matara,1,30.3,83.0,221.3,6.9,64.4,47.0,31.8,Bw367,5.8
1,Matara,1,27.0,84.2,234.3,5.8,70.9,34.3,37.6,Bw367,6.09
0,Colombo,1,29.8,77.7,206.5,7.7,44.9,44.9,37.1,Bw367,5.8
1,Anuradhapura,0,27.1,76.6,166.1,5.7,65.9,45.9,27.9,Bg366,7.35
0,Trincomalee,0,34.2,60.2,52.5,9.2,20.5,31.1,30.7,Bg300,4.4
1,Ratnapura,1,27.2,87.8,320.8,5.2,32.6,24.6,58.3,Ld368,5.88
1,Matara,1,26.4,81.2,230.3,5.7,59.3,15.4,58.3,Bw367,6.09
0,Galle,1,28.5,75.7,216.9,6.4,47.5,49.4,61.1,Bw367,6.38
1,Trincomalee,0,26.5,82.1,234.6,5.7,46.8,33.2,42.4,Bg352,7.14
0,Ratnapura,1,28.9,79.5,273.2,5.5,31.1,42.3,58.0,Ld368,5.6
1,Matale,1,25.9,87.2,186.8,5.0,52.8,29.9,41.7,Bw367,6.09
0,Kurunegala,0,29.9,72.1,122.8,7.3,22.4,48.2,36.6,Bg300,5.5
0,Polonnaruwa,0,31.9,59.1,52.4,8.5,55.9,21.7,36.8,Bg300,5.5
1,Matale,1,24.6,84.2,204.9,4.9,70.8,25.0,36.3,Bw367,5.51
1,Kurunegala,0,27.6,82.5,145.9,6.4,64.9,25.8,39.0,Bg352,7.14
1,Ratnapura,1,24.7,92.5,305.8,4.2,36.4,36.1,49.8,Ld368,5.32
1,Colombo,1,27.2,85.1,227.0,5.6,32.2,15.6,39.1,Bw367,5.39
1,Kurunegala,0,28.0,78.6,168.4,6.5,48.0,41.9,42.8,Bg352,7.14
1,Polonnaruwa,0,28.7,80.7,206.4,6.3,34.4,28.3,30.8,Bg352,6.32
1,Polonnaruwa,0,28.6,80.3,183.1,5.2,74.7,57.2,33.0,Bg366,8.05
0,Nuwara Eliya,1,17.5,86.8,197.3,4.9,43.0,22.3,63.7,Bw367,5.22
0,Ampara,0,34.1,64.0,56.7,9.4,39.2,40.2,45.6,Bg300,5.06
1,Matale,1,24.7,84.8,189.1,6.2,62.5,49.4,60.8,Bw367,6.67
1,Badulla,1,23.0,86.0,188.8,5.4,40.2,30.4,64.6,Bw367,6.09
1,Hambantota,0,29.3,70.6,119.0,6.1,56.2,21.1,49.5,Bg352,7.14
0,Monaragala,0,32.9,68.8,77.8,8.5,27.3,30.6,26.0,Bg300,4.84
1,Kegalle,1,25.4,85.2,290.1,4.8,31.1,33.9,55.7,Ld368,5.32
0,Ratnapura,1,27.5,87.5,288.2,6.2,66.8,28.2,31.6,Ld368,5.6
0,Monaragala,0,31.3,67.5,76.3,7.3,70.3,57.0,54.1,Bg300,6.05
0,Kalutara,1,29.8,83.3,293.0,6.4,27.0,22.7,45.9,Ld368,4.93
1,Ampara,0,27.4,80.8,199.7,5.4,46.6,23.5,63.7,Bg352,7.14
0,Polonnaruwa,0,33.6,58.9,57.4,8.9,56.1,51.3,49.2,Bg300,5.61
0,Matale,1,28.8,72.6,119.6,6.8,65.5,24.9,33.1,Bw367,5.8
1,Monaragala,0,29.1,84.9,172.1,5.4,78.4,25.8,31.2,Bg366,7.35
1,Polonnaruwa,0,28.0,76.1,203.3,5.1,36.1,37.4,40.2,Bg352,7.14
0,Kandy,1,28.9,74.9,163.4,6.8,42.5,44.6,61.0,Bw367,5.8
0,Badulla,1,25.1,75.1,100.1,6.8,55.5,47.5,37.1,Bw367,5.8
0,Anuradhapura,0,31.3,63.6,44.0,8.7,68.6,38.2,54.9,At362,6.82
1,Kurunegala,0,28.4,77.7,145.2,6.7,35.6,23.3,61.4,Bg352,7.14
1,Kandy,1,23.3,85.7,227.7,5.0,53.1,40.3,45.2,Bw367,6.09
1,Ampara,0,26.2,82.8,218.8,5.9,70.7,50.9,26.8,Bg366,7.35
0,Matale,1,30.2,75.3,112.5,7.1,50.7,23.9,49.1,Bw367,5.8
0,Kandy,1,28.4,73.6,140.9,6.8,67.3,35.8,53.3,Bw367,6.38
1,Nuwara Eliya,1,15.8,94.6,284.8,4.7,61.1,48.7,30.0,Ld368,5.32
1,Kandy,1,23.4,84.9,214.9,5.6,79.6,39.8,33.5,Bw367,6.67
1,Kurunegala,0,25.5,77.3,159.1,5.7,62.2,36.3,51.2,Bg366,7.35
1,Hambantota,0,29.3,79.2,111.4,7.3,79.8,35.7,37.6,Bg352,7.82
0,Kegalle,1,29.2,80.8,278.8,6.0,29.7,36.8,47.6,Ld368,5.6
0,Matale,1,28.9,78.1,114.3,7.1,31.5,30.4,59.3,Bw367,5.8
0,Polonnaruwa,0,33.9,60.8,31.0,8.2,61.0,30.5,51.2,At362,5.7
1,Trincomalee,0,26.1,83.5,220.7,6.1,51.0,28.7,54.8,Bg352,7.14
0,Ampara,0,32.9,65.1,40.6,8.0,63.9,37.2,64.5,At362,6.82
1,Badulla,1,23.5,88.8,183.4,6.0,31.2,42.2,54.8,Bw367,6.09
0,Polonnaruwa,0,34.5,65.7,44.5,8.0,58.4,35.6,50.3,At362,5.7
0,Nuwara Eliya,1,18.9,88.4,195.7,5.3,42.5,43.6,52.0,Bw367,5.8
1,Ratnapura,1,25.2,85.9,310.0,5.2,43.2,34.0,34.9,Ld368,5.88
0,Trincomalee,0,33.5,63.0,64.7,8.3,59.1,32.9,29.9,Bg300,5.06
1,Ratnapura,1,24.4,85.0,320.6,4.9,70.1,25.4,58.7,Ld368,5.88
0,Hambantota,0,31.5,73.8,45.7,8.8,38.1,48.5,51.1,Bg300,5.5
0,Matara,1,29.2,80.5,211.3,7.5,26.1,50.8,58.6,Bw367,5.8
0,Ampara,0,31.9,61.1,60.8,8.0,28.6,41.8,36.0,Bg300,5.5
0,Badulla,1,26.2,74.7,99.2,7.1,41.3,44.4,29.1,Bw367,5.8
1,Kalutara,1,25.9,90.3,306.3,5.3,37.9,51.5,60.2,Ld368,5.88
0,Matale,1,30.3,75.6,126.0,7.5,24.6,21.8,36.6,Bw367,5.1
0,Monaragala,0,32.0,64.9,70.5,7.3,39.9,27.2,54.2,Bg300,5.5
1,Monaragala,0,28.7,84.0,184.2,6.1,48.0,32.9,40.2,Bg352,7.14
0,Trincomalee,0,34.0,63.5,41.2,8.3,73.7,59.8,54.9,At362,6.32
0,Galle,1,30.9,77.1,236.9,6.2,55.7,45.4,59.4,Bw367,6.38
0,Kandy,1,28.8,78.2,155.3,6.3,20.6,45.3,59.8,Bw367,5.8
1,Anuradhapura,0,28.4,82.6,190.2,5.3,47.6,25.7,63.0,Bg352,7.14
0,Badulla,1,25.4,73.4,121.6,7.6,38.0,17.8,64.7,Bw367,5.8
1,Kurunegala,0,28.3,80.4,164.4,6.5,78.0,59.7,29.3,Bg366,8.05
0,Matale,1,29.9,77.5,131.8,6.7,30.1,15.9,35.2,Bw367,5.1
1,Matara,1,28.5,83.9,241.7,6.4,78.7,36.1,29.5,Bw367,6.09
0,Ampara,0,32.2,68.9,44.6,8.0,26.5,32.4,26.5,At362,5.46
1,Anuradhapura,0,27.1,78.2,169.2,5.9,62.9,22.5,40.9,Bg366,7.35
0,Ratnapura,1,28.4,79.1,269.9,5.4,22.4,43.6,32.7,Ld368,4.93
1,Anuradhapura,0,27.3,73.3,189.6,5.9,63.0,33.4,26.8,Bg366,7.35
1,Kurunegala,0,25.7,80.7,155.1,7.0,84.2,27.6,50.2,Bg366,8.05
0,Kandy,1,29.0,77.5,138.8,6.0,34.8,35.4,38.4,Bw367,5.8
0,Galle,1,28.5,78.3,217.1,7.4,30.9,45.3,39.0,Bw367,5.8
0,Matale,1,30.4,70.9,122.6,7.5,64.8,22.9,41.1,Bw367,5.8
1,Monaragala,0,27.2,81.6,166.4,5.8,35.9,21.6,58.4,Bg352,7.14
1,Polonnaruwa,0,26.3,84.6,200.0,5.2,75.3,32.9,48.9,Bg366,8.05
1,Ampara,0,27.8,86.5,211.2,5.7,64.6,48.3,50.6,Bg366,8.05
0,Matale,1,29.7,78.1,117.1,7.4,25.5,50.0,36.6,Bw367,5.8
0,Kegalle,1,29.1,82.9,266.4,6.7,43.5,42.1,45.7,Ld368,5.6
1,Matara,1,27.5,86.4,254.2,5.6,33.5,54.5,50.0,Ld368,5.88
1,Galle,1,25.8,83.4,239.0,6.1,78.4,35.1,32.5,Bw367,6.09
1,Polonnaruwa,0,27.8,80.1,200.8,5.5,52.1,20.9,49.4,Bg352,7.14
0,Kurunegala,0,32.3,73.4,107.0,7.1,69.8,20.7,38.1,Bg300,5.5
0,Hambantota,0,32.0,70.3,31.1,8.7,31.2,29.9,32.7,At362,5.46
1,Kandy,1,25.9,86.0,224.1,5.9,42.7,15.2,49.0,Bw367,6.09
1,Ampara,0,26.1,81.5,203.6,5.1,42.2,33.3,39.1,Bg352,7.14
1,Nuwara Eliya,1,16.9,94.3,282.2,4.8,84.5,29.2,42.8,Ld368,5.88
1,Kalutara,1,25.1,84.0,305.0,4.3,84.3,38.2,44.5,Ld368,5.88
1,Ampara,0,28.8,86.6,218.8,5.3,33.6,23.9,25.0,Bg352,6.32
1,Kalutara,1,25.9,87.2,304.4,5.7,32.3,24.4,57.3,Ld368,5.88
0,Kurunegala,0,29.8,76.7,115.8,7.1,45.1,31.9,31.0,Bg300,5.5
1,Hambantota,0,29.5,74.9,115.2,7.3,40.8,22.9,26.8,Bg352,6.32
1,Kandy,1,25.1,81.6,212.7,5.1,78.9,37.9,63.6,Bw367,6.67
1,Galle,1,26.9,84.2,253.0,6.1,76.3,41.8,50.7,Ld368,6.44
0,Kegalle,1,28.5,85.3,282.6,6.3,60.1,30.1,31.4,Ld368,5.6
1,Matara,1,26.3,83.6,251.2,5.1,31.7,39.3,38.2,Ld368,5.88
1,Kalutara,1,26.2,83.9,295.1,5.6,42.0,32.0,63.9,Ld368,5.88
1,Kurunegala,0,25.8,82.1,166.9,6.5,71.8,38.3,32.0,Bg366,7.35
0,Ampara,0,33.5,60.4,60.0,8.0,21.8,30.9,61.0,Bg300,5.06
0,Kandy,1,26.9,81.0,147.6,6.7,42.2,37.1,27.5,Bw367,5.8
1,Kalutara,1,27.6,89.9,324.5,5.5,54.8,42.1,56.0,Ld368,6.44
1,Kurunegala,0,28.3,79.3,148.6,5.7,39.3,23.6,56.9,Bg352,7.14
0,Trincomalee,0,33.7,66.5,51.1,8.4,35.1,29.6,44.9,Bg300,5.06
0,Matale,1,29.0,76.7,128.3,7.3,31.3,19.6,46.7,Bw367,5.1
0,Anuradhapura,0,31.3,65.3,44.8,8.9,37.3,59.1,55.3,At362,6.82
0,Matara,1,30.0,81.0,219.9,7.0,40.2,25.9,62.8,Bw367,5.8
1,Matara,1,26.0,85.4,235.7,5.1,82.1,37.8,44.1,Bw367,6.67
1,Kurunegala,0,26.2,85.1,169.9,5.5,69.2,22.5,48.8,Bg366,7.35
0,Kegalle,1,28.4,85.8,279.0,7.0,37.3,15.9,57.5,Ld368,5.6
1,Kurunegala,0,26.9,85.2,151.5,5.9,54.1,30.9,43.5,Bg352,7.14
1,Kurunegala,0,26.1,85.3,157.4,6.4,42.8,46.0,65.0,Bg352,7.82
1,Kurunegala,0,27.4,78.1,157.1,6.8,75.9,40.9,61.1,Bg366,8.05
0,Kalutara,1,28.0,78.8,296.0,6.8,64.4,41.2,30.7,Ld368,5.6
1,Matale,1,24.3,81.5,189.1,5.6,53.3,33.5,46.7,Bw367,6.09
0,Ratnapura,1,28.9,82.6,265.8,5.4,60.2,29.8,38.4,Ld368,5.6
0,Trincomalee,0,34.0,66.0,66.6,8.2,72.0,23.1,63.5,Bg300,5.61
1,Anuradhapura,0,28.6,78.2,183.6,6.7,81.0,46.2,51.3,Bg366,8.05
0,Kalutara,1,30.0,78.8,293.7,6.8,66.1,29.9,54.8,Ld368,6.16
0,Kegalle,1,29.8,82.3,277.9,5.6,52.5,37.0,49.4,Ld368,5.6
1,Kegalle,1,27.3,89.9,291.6,5.6,36.7,39.9,60.3,Ld368,5.88
0,Ratnapura,1,29.5,87.0,280.1,5.7,42.3,53.7,33.1,Ld368,5.6
1,Polonnaruwa,0,26.2,77.2,202.9,5.5,84.2,40.0,45.7,Bg366,8.05
1,Matara,1,27.4,79.6,230.3,5.5,68.9,54.0,38.7,Bw367,6.67
1,Kegalle,1,25.8,83.7,294.4,4.6,36.9,30.1,46.6,Ld368,5.32
0,Polonnaruwa,0,31.9,60.1,56.5,9.4,21.8,47.6,47.2,Bg300,5.5
1,Colombo,1,27.9,78.8,250.0,6.4,71.6,47.6,33.8,Bw367,6.67
0,Matale,1,28.6,76.7,108.7,7.3,73.5,16.7,28.8,Bw367,5.8
1,Polonnaruwa,0,27.3,77.9,204.2,5.8,56.6,48.7,39.5,Bg366,7.35
0,Polonnaruwa,0,33.8,65.8,30.4,8.2,31.7,34.1,36.7,At362,4.96
1,Polonnaruwa,0,27.7,78.5,199.3,5.9,44.4,26.5,41.2,Bg352,7.14
1,Ratnapura,1,26.2,87.9,309.9,4.2,60.7,27.0,64.9,Ld368,5.88
0,Badulla,1,25.1,77.3,102.3,7.0,46.5,33.1,56.8,Bw367,5.8
0,Ampara,0,34.4,66.9,45.0,8.1,35.4,33.3,47.3,Bg300,5.06
0,Badulla,1,27.2,72.0,103.4,6.4,34.1,48.5,49.6,Bw367,5.8
0,Kandy,1,26.7,76.7,146.5,7.2,42.5,23.9,50.3,Bw367,5.8
1,Galle,1,28.2,85.9,262.6,5.4,68.2,40.9,51.8,Ld368,6.44
1,Kalutara,1,27.6,84.3,298.2,4.7,62.5,30.4,49.3,Ld368,5.32
0,Anuradhapura,0,31.8,65.7,41.5,8.4,51.5,58.9,28.2,At362,6.2
1,Ratnapura,1,24.4,92.3,330.2,5.2,45.4,40.6,37.6,Ld368,5.88
1,Galle,1,27.5,89.3,243.4,5.9,37.9,19.9,29.6,Bw367,5.39
1,Kalutara,1,26.7,90.7,298.8,5.6,76.3,44.1,42.0,Ld368,6.44
1,Ampara,0,28.1,85.8,205.1,5.8,33.4,48.4,27.7,Bg352,7.14
0,Ratnapura,1,27.7,85.6,282.2,5.7,38.9,30.9,36.6,Ld368,5.6
0,Nuwara Eliya,1,19.5,83.4,206.9,4.8,35.6,18.4,35.7,Bw367,4.52
1,Kalutara,1,26.6,90.7,306.9,5.7,75.5,54.4,60.0,Ld368,6.44
0,Polonnaruwa,0,33.3,59.3,51.7,9.0,47.9,47.7,42.8,Bg300,5.06
0,Kalutara,1,28.4,82.4,299.2,5.9,29.1,30.1,27.8,Ld368,4.93
0,Trincomalee,0,32.9,59.9,66.4,9.0,37.7,41.9,33.7,Bg300,5.5
1,Trincomalee,0,27.4,81.0,225.8,4.6,60.2,36.0,37.1,Bg366,6.65
0,Badulla,1,27.4,79.3,116.5,7.0,41.6,16.3,39.4,Bw367,5.1
0,Trincomalee,0,35.2,65.5,63.5,8.2,29.6,33.4,35.5,Bg300,4.4
1,Kandy,1,25.4,87.5,228.1,5.2,49.5,52.3,27.2,Bw367,6.09
0,Colombo,1,30.3,78.1,185.2,7.6,50.7,34.4,41.9,Bw367,5.8
1,Kegalle,1,25.0,83.1,293.7,5.4,62.4,34.2,47.9,Ld368,5.88
0,Colombo,1,29.9,73.0,211.9,7.4,58.4,33.6,55.3,Bw367,5.8
1,Polonnaruwa,0,26.2,83.9,189.2,5.2,34.8,48.8,53.2,Bg352,7.14
1,Trincomalee,0,26.5,84.6,223.6,6.2,47.2,58.3,30.9,Bg352,7.14
0,Kegalle,1,29.8,77.3,257.3,5.6,52.6,39.1,61.2,Ld368,6.16
0,Kalutara,1,27.5,85.8,299.5,7.0,42.7,15.8,34.4,Ld368,4.93
0,Hambantota,0,30.3,66.2,46.1,8.5,33.8,52.5,30.2,Bg300,5.5
0,Kurunegala,0,32.3,73.3,96.6,8.3,20.8,49.2,60.6,Bg300,5.5
1,Kurunegala,0,25.6,86.7,169.6,5.5,54.7,45.4,32.6,Bg352,7.14
1,Nuwara Eliya,1,15.3,93.8,269.5,4.6,84.6,17.2,44.8,Ld368,5.32
0,Matara,1,29.5,78.5,227.2,7.1,72.9,28.3,46.7,Bw367,5.8
1,Trincomalee,0,26.6,83.7,225.5,6.0,52.9,41.3,64.0,Bg352,7.82
1,Colombo,1,27.6,83.4,225.3,6.2,33.1,49.3,57.3,Bw367,6.09
1,Polonnaruwa,0,28.1,83.8,204.0,5.3,61.1,21.2,37.4,Bg366,7.35
0,Kandy,1,27.7,79.1,149.1,6.2,27.9,29.2,51.6,Bw367,5.8
0,Kalutara,1,28.9,84.4,281.3,6.8,67.6,27.8,46.9,Ld368,5.6
0,Ampara,0,33.1,68.1,57.2,8.9,48.6,23.4,29.3,Bg300,4.4
1,Matale,1,24.6,87.5,197.3,6.1,75.0,47.5,33.6,Bw367,6.67
1,Galle,1,26.5,89.7,261.3,5.2,47.2,36.2,36.1,Ld368,5.88
0,Kegalle,1,29.4,82.5,265.4,6.8,67.2,17.0,40.9,Ld368,5.6
0,Trincomalee,0,35.0,58.8,60.2,8.7,64.9,40.4,38.0,Bg300,5.06
1,Hambantota,0,28.0,77.9,126.3,6.5,57.0,23.0,58.1,Bg352,7.14
0,Colombo,1,30.8,77.7,189.9,6.5,50.4,33.7,29.8,Bw367,5.8
0,Ampara,0,33.0,61.6,58.6,9.3,36.8,51.0,51.1,Bg300,5.5
1,Ratnapura,1,24.9,93.6,314.5,4.7,49.7,25.7,52.7,Ld368,5.32
1,Galle,1,26.8,85.3,235.6,5.6,46.0,52.1,28.5,Bw367,6.09
1,Galle,1,26.9,83.7,251.8,6.3,71.8,42.5,41.6,Ld368,6.44
0,Hambantota,0,31.6,73.9,51.3,8.1,33.5,29.0,26.4,Bg300,4.84
0,Anuradhapura,0,31.8,63.6,59.3,7.9,45.4,24.9,42.7,Bg300,5.5
1,Ampara,0,27.8,78.4,214.0,5.3,55.6,52.1,38.3,Bg366,7.35
0,Badulla,1,25.1,73.9,116.2,7.3,64.0,22.4,39.1,Bw367,5.8
1,Trincomalee,0,25.8,81.1,219.2,5.1,54.9,50.3,41.8,Bg352,7.14
1,Badulla,1,23.2,83.2,182.5,5.4,55.0,26.9,64.8,Bw367,6.09
1,Nuwara Eliya,1,16.1,93.5,285.0,4.5,52.7,35.0,26.9,Ld368,5.32
0,Kegalle,1,28.4,83.3,268.9,6.5,59.2,16.7,35.3,Ld368,5.6
1,Kalutara,1,26.5,90.4,303.2,5.5,79.1,29.0,52.3,Ld368,6.44
1,Matale,1,24.1,84.3,196.2,6.2,31.9,16.6,63.0,Bw367,6.09
0,Matale,1,29.6,72.2,126.0,7.6,25.5,24.6,26.0,Bw367,5.1
1,Kalutara,1,26.9,90.3,312.3,5.5,34.3,50.9,40.7,Ld368,5.88
0,Kegalle,1,27.7,84.6,262.7,6.6,55.5,39.7,35.7,Ld368,5.6
1,Kurunegala,0,28.1,77.1,150.4,6.4,74.9,34.3,51.1,Bg366,8.05
1,Kegalle,1,24.7,88.2,309.4,5.9,31.6,41.4,41.6,Ld368,5.88
1,Kalutara,1,25.4,86.8,302.8,4.8,57.1,29.4,47.1,Ld368,5.32
1,Kurunegala,0,28.1,79.2,160.2,6.4,61.1,34.6,50.7,Bg366,7.35
1,Kandy,1,24.1,85.3,205.6,5.2,66.0,45.4,29.5,Bw367,6.09
1,Ampara,0,27.5,83.6,205.7,5.3,45.7,48.2,39.4,Bg352,7.14
0,Matara,1,29.4,82.5,227.1,6.7,69.9,18.0,27.0,Bw367,5.8
1,Hambantota,0,27.3,70.9,124.8,7.0,65.6,47.5,55.3,Bg352,7.82
1,Hambantota,0,28.7,79.4,112.0,6.1,65.9,49.6,36.3,Bg352,7.82
0,Kalutara,1,28.9,81.6,280.0,6.7,41.4,36.2,25.8,Ld368,4.93
1,Kalutara,1,25.8,89.3,296.3,4.8,46.1,24.1,50.8,Ld368,5.32
1,Matale,1,26.7,86.5,211.8,4.7,70.8,37.0,47.9,Bw367,6.09
0,Kandy,1,28.0,79.5,155.9,6.2,37.6,46.4,27.1,Bw367,5.8
1,Kurunegala,0,27.0,77.7,160.3,6.9,83.8,41.3,45.6,Bg366,8.05
0,Colombo,1,32.0,74.7,198.6,6.4,39.2,17.9,54.8,Bw367,5.8
1,Polonnaruwa,0,27.7,77.9,204.4,5.0,48.3,46.4,61.3,Bg352,7.82
1,Matara,1,27.3,84.4,251.2,5.1,53.3,22.3,25.9,Ld368,5.21
1,Badulla,1,21.5,87.1,175.2,5.5,58.4,40.0,34.6,Bw367,6.09
0,Polonnaruwa,0,32.6,62.4,42.7,9.1,62.3,33.2,62.0,At362,6.82
0,Kalutara,1,27.5,82.3,292.7,5.8,34.3,42.1,49.1,Ld368,5.6
1,Kegalle,1,27.2,88.8,295.9,5.4,36.2,33.7,31.8,Ld368,5.21
1,Anuradhapura,0,27.5,74.2,189.9,5.6,58.2,47.7,37.7,Bg366,7.35
0,Galle,1,29.4,80.7,232.7,7.3,56.1,25.6,27.4,Bw367,5.8
1,Ratnapura,1,24.6,88.9,309.5,5.5,43.6,35.1,31.6,Ld368,5.88
0,Ratnapura,1,27.8,83.8,277.6,5.7,25.8,34.4,59.0,Ld368,5.6
1,Trincomalee,0,27.7,82.7,226.3,5.3,38.3,36.8,30.3,Bg352,7.14
1,Kegalle,1,24.6,84.8,294.9,5.4,59.6,49.3,32.1,Ld368,5.88
0,Kurunegala,0,31.0,69.9,120.6,7.7,51.9,46.4,59.2,Bg300,6.05
0,Badulla,1,26.5,76.1,121.4,6.3,55.7,34.1,31.2,Bw367,5.8
0,Anuradhapura,0,32.6,69.7,49.6,9.0,62.3,46.5,60.9,Bg300,6.05
1,Kalutara,1,27.5,86.8,319.4,5.0,77.2,50.8,48.9,Ld368,6.44
0,Trincomalee,0,33.3,57.2,52.2,8.9,36.3,35.3,30.3,Bg300,4.4
0,Matale,1,28.2,73.0,114.0,7.1,33.8,52.6,45.5,Bw367,5.8
0,Colombo,1,29.8,79.3,185.4,7.9,44.5,35.8,64.5,Bw367,5.8
0,Colombo,1,31.8,81.2,213.2,7.7,36.3,28.9,39.6,Bw367,5.1
1,Ampara,0,27.0,78.1,218.3,5.3,64.2,57.0,48.0,Bg366,8.05
0,Badulla,1,26.4,77.1,99.8,6.9,20.4,40.1,48.0,Bw367,5.8
1,Polonnaruwa,0,26.4,77.6,186.1,5.6,34.1,54.3,59.4,Bg352,7.14
0,Galle,1,30.6,78.3,242.8,6.9,49.5,41.8,38.6,Bw367,5.8
1,Kurunegala,0,26.5,81.0,165.2,6.0,41.0,54.9,61.9,Bg352,7.82
0,Monaragala,0,32.9,72.9,68.4,8.7,39.8,48.0,27.2,Bg300,5.5
1,Kalutara,1,27.5,87.0,314.2,5.6,78.6,19.3,58.1,Ld368,6.44
1,Polonnaruwa,0,28.7,79.1,205.5,5.4,47.2,22.4,35.3,Bg352,6.32
1,Badulla,1,23.8,82.9,194.2,5.4,32.6,35.1,27.6,Bw367,5.39
0,Galle,1,30.3,78.8,234.2,6.2,58.6,47.9,57.9,Bw367,6.38
1,Matale,1,24.8,83.2,214.0,6.2,49.8,46.2,61.9,Bw367,6.67
1,Trincomalee,0,28.0,81.7,215.3,4.9,57.9,53.7,46.1,Bg366,7.35
0,Kandy,1,27.8,73.0,143.5,6.7,64.7,27.5,50.9,Bw367,5.8
1,Matale,1,26.1,85.0,188.9,5.8,48.3,21.9,45.0,Bw367,6.09
0,Polonnaruwa,0,31.8,65.9,33.2,8.3,48.4,38.5,64.6,At362,6.82
1,Ratnapura,1,27.3,85.5,327.1,4.2,76.1,38.9,62.5,Ld368,5.88
1,Kalutara,1,25.2,84.4,313.0,5.0,39.3,20.2,47.6,Ld368,5.88
1,Anuradhapura,0,27.2,81.0,172.3,6.4,40.2,44.3,50.1,Bg352,7.14
0,Kandy,1,27.3,79.3,149.6,7.2,48.7,23.4,51.7,Bw367,5.8
1,Anuradhapura,0,28.9,79.9,183.5,6.6,79.5,35.6,31.9,Bg366,7.35
1,Matara,1,26.9,82.2,249.9,5.0,65.5,41.6,51.4,Bw367,6.67
1,Kalutara,1,26.8,91.1,318.5,4.3,31.7,48.6,48.0,Ld368,5.32
0,Colombo,1,30.3,73.8,199.2,7.1,48.4,47.3,51.2,Bw367,5.8
0,Nuwara Eliya,1,19.7,84.9,212.3,5.3,51.0,33.3,50.6,Bw367,5.8
0,Matale,1,28.2,75.0,118.7,6.3,65.9,30.1,27.9,Bw367,5.8
0,Anuradhapura,0,31.5,67.0,52.2,8.1,72.3,31.7,47.2,Bg300,6.05
0,Kandy,1,28.0,80.4,157.3,6.5,20.6,25.5,37.9,Bw367,5.1
0,Kurunegala,0,32.1,74.3,95.7,7.2,27.1,26.2,36.6,Bg300,4.84
0,Galle,1,30.0,76.8,226.5,6.6,33.1,50.1,52.2,Bw367,5.8
0,Nuwara Eliya,1,18.7,79.9,215.1,5.5,56.5,31.8,36.6,Bw367,5.8
1,Trincomalee,0,26.8,85.7,232.8,4.7,82.4,56.4,29.7,Bg366,7.35
0,Galle,1,29.7,76.3,221.0,7.4,26.0,31.0,55.5,Bw367,5.8
1,Trincomalee,0,26.5,80.6,227.1,5.8,83.9,25.6,53.4,Bg366,8.05
1,Kegalle,1,27.2,86.1,298.4,4.5,47.7,31.0,25.7,Ld368,4.65
1,Kalutara,1,26.0,91.0,298.2,5.4,69.3,24.7,28.3,Ld368,5.88
1,Ampara,0,26.6,78.5,205.8,5.3,47.9,59.1,60.2,Bg352,7.82
0,Hambantota,0,33.0,69.1,54.6,7.6,36.3,26.8,44.0,Bg300,5.5
0,Kalutara,1,28.5,87.1,291.3,6.1,63.3,19.1,56.0,Ld368,5.6
0,Kurunegala,0,30.3,73.0,122.1,7.6,55.7,51.1,35.4,Bg300,5.5
0,Kurunegala,0,30.8,68.8,105.5,7.1,32.6,31.3,32.2,Bg300,4.84
0,Hambantota,0,31.7,71.5,35.3,8.6,27.1,42.8,36.0,At362,6.2
0,Colombo,1,30.1,72.7,192.2,7.5,20.7,39.2,55.9,Bw367,5.8
1,Ratnapura,1,24.8,84.3,320.4,5.0,55.1,30.6,43.2,Ld368,5.88
1,Monaragala,0,27.5,83.4,172.3,6.6,75.5,56.3,29.7,Bg366,8.05
0,Nuwara Eliya,1,17.7,88.4,209.3,4.3,37.7,29.1,57.4,Bw367,5.22
1,Ampara,0,28.0,77.2,222.3,5.0,64.6,22.5,28.3,Bg366,7.35
0,Kegalle,1,29.0,83.3,256.5,6.0,66.8,19.1,33.7,Ld368,5.6
1,Matara,1,28.2,81.5,254.9,5.6,51.3,19.9,52.2,Ld368,5.88
0,Ratnapura,1,28.9,81.2,276.6,6.6,60.6,21.2,49.3,Ld368,5.6
1,Kandy,1,23.3,84.7,212.8,5.1,72.7,21.3,29.9,Bw367,6.09
0,Matara,1,30.5,74.2,217.0,6.6,55.1,33.4,63.6,Bw367,6.38
0,Kalutara,1,29.3,85.0,299.8,6.1,57.8,27.1,42.4,Ld368,5.6
0,Anuradhapura,0,31.4,61.5,42.6,8.3,71.7,47.0,35.2,At362,6.82
0,Matale,1,29.4,76.8,112.8,7.0,39.9,47.7,27.8,Bw367,5.8
1,Kurunegala,0,27.3,79.1,165.2,5.6,31.3,54.5,38.3,Bg352,7.14
1,Ampara,0,26.4,85.9,214.6,6.2,74.0,50.7,45.0,Bg366,8.05
0,Monaragala,0,31.7,71.3,72.7,8.3,38.1,45.2,45.3,Bg300,5.5
0,Kurunegala,0,29.6,74.3,119.5,6.8,51.8,52.1,47.4,Bg300,6.05
1,Ratnapura,1,26.4,84.6,329.5,4.1,37.6,26.0,50.3,Ld368,5.32
0,Kegalle,1,27.7,78.4,266.1,6.8,45.7,27.9,47.4,Ld368,5.6
0,Monaragala,0,31.7,66.3,74.1,8.7,61.8,37.6,45.2,Bg300,5.5
1,Hambantota,0,29.0,75.0,133.1,7.4,84.3,54.5,46.9,Bg352,7.82
1,Matale,1,25.7,86.4,213.3,5.6,38.8,21.2,29.6,Bw367,5.39
0,Kurunegala,0,30.9,73.2,109.5,8.3,36.0,55.0,29.0,Bg300,5.5
0,Nuwara Eliya,1,19.4,86.7,210.1,4.5,40.3,25.9,41.8,Bw367,5.22
1,Badulla,1,22.0,82.3,197.5,4.8,77.3,47.6,55.6,Bw367,6.09
1,Matara,1,28.2,80.8,228.7,5.1,81.7,27.3,61.7,Bw367,6.67
1,Polonnaruwa,0,28.2,76.7,190.8,5.3,54.4,36.5,26.9,Bg352,7.14
0,Polonnaruwa,0,34.1,65.9,55.4,9.2,71.6,43.1,48.3,Bg300,5.61
0,Monaragala,0,30.7,70.5,57.6,8.0,33.2,53.1,63.3,Bg300,5.5
1,Hambantota,0,28.7,79.6,130.8,7.4,75.2,32.4,60.6,Bg352,7.82
0,Kandy,1,27.5,76.5,147.4,6.2,31.7,39.7,47.5,Bw367,5.8
1,Matara,1,25.8,80.8,235.3,5.3,34.6,32.8,52.1,Bw367,6.09
0,Trincomalee,0,33.7,61.8,62.7,8.7,63.2,58.7,60.2,Bg300,5.61
1,Kalutara,1,27.7,90.7,322.3,4.9,79.7,39.9,59.8,Ld368,5.88
0,Trincomalee,0,34.5,65.5,45.2,9.2,65.4,31.5,41.2,Bg300,5.06
1,Anuradhapura,0,27.4,81.2,165.4,5.8,63.9,20.9,33.6,Bg366,7.35
0,Matale,1,27.6,75.5,123.9,6.6,49.9,55.0,60.5,Bw367,6.38
1,Kandy,1,25.5,85.1,221.2,4.5,66.8,25.9,25.8,Bw367,5.51
1,Trincomalee,0,28.4,82.5,231.0,6.1,81.9,55.3,60.8,Bg366,8.05
0,Kalutara,1,28.0,84.4,289.6,5.6,57.3,37.5,59.5,Ld368,6.16
0,Kegalle,1,29.0,81.4,268.9,7.0,27.6,32.8,51.2,Ld368,5.6
1,Kandy,1,23.8,82.9,212.0,5.0,77.9,35.2,34.6,Bw367,6.09
1,Kalutara,1,27.9,86.5,320.1,4.6,34.2,16.3,49.2,Ld368,4.65
0,Badulla,1,26.5,72.5,111.8,6.5,28.5,45.9,35.7,Bw367,5.8
1,Ampara,0,28.1,78.8,211.0,6.2,60.5,22.0,48.6,Bg366,7.35
0,Matale,1,28.3,78.5,105.3,6.3,40.0,55.0,36.7,Bw367,5.8
1,Matale,1,25.6,83.2,198.5,6.2,45.4,26.7,30.6,Bw367,5.39
0,Anuradhapura,0,33.4,69.7,36.3,9.3,34.0,36.8,56.1,At362,5.7
1,Anuradhapura,0,29.2,79.4,194.4,5.4,46.3,34.5,38.1,Bg352,7.14
1,Trincomalee,0,27.4,82.1,207.4,5.7,55.2,42.3,43.2,Bg366,7.35
0,Matara,1,31.1,79.1,213.8,6.8,48.7,36.2,52.5,Bw367,5.8
1,Kalutara,1,27.0,90.8,315.3,5.0,84.5,31.2,29.3,Ld368,5.88
0,Ampara,0,31.7,59.3,36.7,8.7,38.5,55.7,47.4,At362,6.2
1,Colombo,1,28.4,82.2,247.3,6.1,51.2,32.4,58.5,Bw367,6.09
1,Kalutara,1,26.1,84.8,309.9,4.6,82.6,34.6,25.4,Ld368,5.32
1,Colombo,1,27.2,79.2,249.7,5.5,80.8,41.7,60.9,Bw367,6.67
1,Monaragala,0,28.9,83.6,175.2,5.2,53.6,45.4,46.9,Bg352,7.14
1,Matale,1,24.0,79.0,210.7,4.8,41.7,24.2,49.0,Bw367,5.51
0,Kalutara,1,28.4,80.1,297.9,6.9,22.9,20.3,50.7,Ld368,4.93
0,Monaragala,0,32.1,69.9,74.5,8.5,24.0,49.6,63.0,Bg300,5.5
0,Nuwara Eliya,1,19.9,86.0,196.8,4.4,63.2,22.9,26.2,Bw367,5.22
0,Badulla,1,27.2,73.2,118.4,6.3,35.7,39.9,55.5,Bw367,5.8
0,Matara,1,29.3,76.1,235.0,7.3,42.3,18.0,48.9,Bw367,5.8
0,Kurunegala,0,31.6,72.5,99.7,6.8,40.1,57.3,46.2,Bg300,5.5
1,Trincomalee,0,27.2,88.6,216.1,4.7,72.9,48.2,46.1,Bg366,7.35
0,Badulla,1,25.1,75.8,115.0,7.1,44.1,36.6,29.3,Bw367,5.8
1,Ratnapura,1,26.5,84.1,313.1,4.1,84.9,38.7,43.6,Ld368,5.88
0,Kegalle,1,30.2,83.6,260.1,6.2,62.6,31.9,37.4,Ld368,5.6
1,Colombo,1,27.6,82.5,248.2,5.7,71.2,32.7,40.1,Bw367,6.09
0,Kalutara,1,29.8,80.6,283.6,6.0,36.7,25.0,55.1,Ld368,5.6
0,Galle,1,30.2,83.2,217.0,6.1,35.7,23.3,48.2,Bw367,5.8
0,Matale,1,29.4,73.6,120.0,7.2,26.6,24.2,60.6,Bw367,5.8
0,Hambantota,0,32.4,67.5,26.2,8.2,69.1,52.8,35.1,At362,6.82
0,Galle,1,29.5,84.6,215.6,6.3,44.7,40.5,33.5,Bw367,5.8
1,Monaragala,0,28.2,83.8,164.9,6.5,50.8,30.1,61.5,Bg352,7.14
1,Polonnaruwa,0,28.8,79.6,209.8,5.9,71.7,20.3,44.9,Bg366,7.35
1,Colombo,1,26.4,83.7,226.8,5.3,76.5,32.7,33.0,Bw367,6.09
1,Colombo,1,29.2,77.3,242.7,6.4,71.8,43.6,54.1,Bw367,6.67
1,Kegalle,1,26.8,82.9,285.4,5.6,69.2,31.5,62.6,Ld368,6.44
0,Badulla,1,27.4,80.3,109.4,7.4,56.8,47.5,56.5,Bw367,6.38
0,Matara,1,29.0,76.7,229.6,7.5,47.2,38.2,58.1,Bw367,5.8
1,Trincomalee,0,26.8,83.9,207.5,4.7,55.8,53.7,62.3,Bg366,7.35
1,Anuradhapura,0,29.0,80.3,186.0,6.4,57.8,38.3,31.4,Bg366,7.35
0,Galle,1,28.1,77.7,230.6,7.6,63.2,29.7,53.6,Bw367,5.8
0,Matale,1,28.9,75.5,114.3,7.7,63.9,43.2,48.6,Bw367,6.38
1,Kandy,1,23.9,82.8,212.3,5.6,73.9,38.9,51.1,Bw367,6.67
0,Trincomalee,0,32.6,59.5,57.5,9.4,62.7,27.2,27.1,Bg300,5.5
1,Colombo,1,26.5,80.9,227.8,6.1,50.0,23.1,48.8,Bw367,6.09
0,Matara,1,28.8,81.0,230.1,6.6,30.3,18.0,46.1,Bw367,5.1
0,Monaragala,0,31.3,67.6,54.8,7.8,20.8,56.4,52.1,Bg300,5.5
0,Matara,1,30.9,75.8,207.4,7.7,37.0,52.4,50.5,Bw367,5.8
0,Nuwara Eliya,1,19.8,80.1,220.6,4.4,58.1,35.0,53.3,Bw367,5.22
0,Galle,1,30.2,78.4,226.6,6.3,48.8,44.8,35.9,Bw367,5.8
1,Nuwara Eliya,1,15.9,93.5,293.6,4.4,41.0,54.1,61.8,Ld368,5.88
1,Nuwara Eliya,1,15.7,90.6,278.3,4.8,33.3,40.1,33.2,Ld368,5.32
1,Ampara,0,28.2,79.5,206.8,6.2,71.9,42.9,33.9,Bg366,7.35
0,Polonnaruwa,0,33.8,66.2,37.3,9.1,25.2,20.9,46.9,At362,4.96
0,Matara,1,30.5,79.0,228.9,7.3,60.1,27.3,35.5,Bw367,5.8
0,Trincomalee,0,33.4,62.4,40.2,9.7,61.9,29.7,52.4,At362,5.7
1,Hambantota,0,27.3,74.3,123.4,6.1,58.5,40.6,50.1,Bg352,7.14
1,Kurunegala,0,28.5,81.8,147.5,6.9,30.2,51.0,26.3,Bg352,7.14
0,Kalutara,1,28.7,80.4,281.8,6.2,29.4,41.9,39.7,Ld368,5.6
0,Galle,1,28.0,83.2,225.0,7.0,58.1,27.2,64.8,Bw367,6.38
0,Galle,1,28.1,81.2,222.2,6.3,74.0,26.7,61.1,Bw367,6.38
1,Nuwara Eliya,1,16.5,90.0,267.4,4.4,79.1,21.5,54.0,Ld368,5.88
0,Matale,1,28.8,71.6,119.9,6.8,40.5,40.1,32.0,Bw367,5.8
1,Colombo,1,28.1,84.2,252.1,5.4,44.4,54.8,31.3,Ld368,5.88
1,Galle,1,27.7,86.8,241.8,5.1,66.6,22.5,51.5,Bw367,6.09
0,Kalutara,1,28.7,81.0,303.4,6.2,50.9,53.0,51.2,Ld368,6.16
0,Matale,1,27.8,78.5,115.1,7.5,67.1,25.9,41.4,Bw367,5.8
1,Anuradhapura,0,26.8,80.6,168.3,6.7,45.2,43.0,29.7,Bg352,7.14
0,Kandy,1,27.5,73.0,161.7,5.7,62.6,33.8,46.0,Bw367,5.8
1,Trincomalee,0,27.3,84.4,209.9,5.0,33.7,22.7,25.6,Bg352,6.32
1,Anuradhapura,0,28.5,76.2,175.3,5.4,61.7,33.7,52.1,Bg366,7.35
1,Nuwara Eliya,1,14.0,87.7,271.5,3.7,38.1,38.8,34.5,Ld368,5.32
0,Hambantota,0,30.6,65.6,47.2,8.2,26.3,28.9,64.9,Bg300,5.5
0,Kurunegala,0,31.1,71.2,96.1,7.9,59.4,36.4,58.8,Bg300,6.05
1,Kandy,1,23.2,82.6,218.9,4.6,61.4,19.8,33.0,Bw367,5.51
0,Polonnaruwa,0,34.5,63.5,48.6,9.3,58.3,27.3,41.5,Bg300,5.06
0,Hambantota,0,31.0,74.9,42.7,8.5,48.9,50.8,55.1,At362,6.82
1,Anuradhapura,0,29.0,77.9,180.6,6.2,50.4,39.9,46.9,Bg352,7.14
0,Anuradhapura,0,33.6,61.3,36.2,8.8,22.7,22.4,31.4,At362,4.96
1,Colombo,1,28.8,84.9,248.5,5.3,34.4,27.3,26.4,Bw367,5.39
1,Badulla,1,22.2,84.6,184.0,5.5,48.4,22.8,51.0,Bw367,6.09
0,Kurunegala,0,32.0,75.7,116.1,7.8,23.1,24.4,57.5,Bg300,5.5
1,Nuwara Eliya,1,15.6,91.9,290.1,4.1,40.2,53.6,28.8,Ld368,5.32
1,Galle,1,25.8,81.4,261.9,6.0,50.1,40.5,43.3,Ld368,5.88
0,Anuradhapura,0,33.2,67.6,61.5,8.6,57.0,37.5,37.8,Bg300,5.06
1,Kandy,1,25.4,88.8,232.9,5.6,73.4,32.5,45.4,Bw367,6.67
1,Ampara,0,26.0,84.6,212.2,6.0,34.2,44.8,34.9,Bg352,7.14
0,Ratnapura,1,29.5,79.9,265.8,5.6,38.3,40.1,30.3,Ld368,5.6
0,Monaragala,0,31.1,71.6,51.3,7.8,54.7,56.5,59.7,Bg300,6.05
0,Hambantota,0,32.7,68.1,52.4,8.0,54.9,37.0,42.1,Bg300,5.5
1,Kegalle,1,26.9,88.3,305.7,4.7,83.3,41.4,32.9,Ld368,5.88
0,Kurunegala,0,30.0,67.6,110.8,7.6,30.4,33.9,62.8,Bg300,5.5
0,Galle,1,30.0,84.9,222.6,6.8,44.6,22.4,49.4,Bw367,5.8
1,Galle,1,27.3,89.4,264.7,5.0,75.9,30.3,48.8,Ld368,6.44
1,Kegalle,1,25.7,83.6,302.2,5.2,40.4,36.7,63.9,Ld368,5.88
1,Kurunegala,0,26.9,86.2,162.3,5.6,60.1,27.2,55.7,Bg366,7.35
0,Monaragala,0,32.4,70.4,54.2,8.1,48.0,33.7,42.4,Bg300,5.5
1,Nuwara Eliya,1,16.9,88.8,283.5,3.3,49.0,47.1,44.1,Ld368,5.32
0,Colombo,1,31.5,75.5,191.9,7.2,27.5,46.9,52.2,Bw367,5.8
1,Ampara,0,27.1,85.4,209.8,4.9,42.3,48.4,60.9,Bg352,7.14
0,Hambantota,0,32.4,68.6,45.7,7.7,64.7,46.3,42.6,Bg300,6.05
1,Kurunegala,0,28.0,77.2,167.6,6.3,68.3,36.5,59.6,Bg366,8.05
0,Colombo,1,29.8,75.0,208.2,7.2,49.5,48.3,58.3,Bw367,6.38
1,Polonnaruwa,0,26.4,83.7,205.1,6.4,68.8,38.7,41.2,Bg366,7.35
0,Matara,1,28.5,83.5,218.5,7.7,68.4,48.1,48.5,Bw367,6.38
1,Badulla,1,22.0,85.0,175.4,4.8,67.3,50.5,59.2,Bw367,6.09
1,Nuwara Eliya,1,16.7,92.0,286.5,3.7,69.4,43.4,48.8,Ld368,5.88
1,Matale,1,26.4,87.4,211.1,5.1,54.5,28.7,53.3,Bw367,6.09
1,Ampara,0,26.5,86.5,215.3,5.0,50.4,24.2,48.9,Bg352,7.14
0,Galle,1,30.4,83.5,223.0,7.4,56.0,26.6,64.5,Bw367,5.8
0,Kurunegala,0,31.2,75.4,102.8,7.4,30.1,40.8,44.8,Bg300,5.5
1,Badulla,1,21.4,79.6,186.5,5.4,47.6,25.3,38.6,Bw367,6.09
0,Kegalle,1,30.0,79.2,275.5,5.7,39.5,27.8,62.5,Ld368,5.6
0,Polonnaruwa,0,33.6,64.0,34.2,9.5,39.0,21.8,37.0,At362,4.96
1,Matara,1,26.0,85.2,235.4,6.0,30.4,54.3,31.8,Bw367,6.09
0,Nuwara Eliya,1,19.6,80.7,198.4,4.4,33.6,21.7,52.0,Bw367,5.22
0,Trincomalee,0,35.1,58.7,50.8,8.2,27.5,46.6,52.7,Bg300,5.06
1,Ampara,0,27.4,81.5,202.4,4.9,60.1,32.6,46.0,Bg366,6.65
0,Ratnapura,1,29.5,89.0,274.7,6.5,68.0,54.8,38.7,Ld368,6.16
0,Trincomalee,0,33.3,62.3,63.2,9.3,56.0,23.2,27.0,Bg300,5.06
1,Kegalle,1,27.2,82.2,285.9,4.6,64.5,36.7,51.4,Ld368,5.88
1,Kalutara,1,26.8,91.0,306.1,4.9,47.5,32.5,49.4,Ld368,5.32
1,Kandy,1,25.5,80.9,225.3,4.7,33.4,41.5,29.9,Bw367,4.81
0,Matara,1,28.8,75.5,217.6,6.5,67.0,38.1,39.7,Bw367,5.8
1,Colombo,1,28.1,78.2,247.3,6.5,59.9,21.0,56.5,Bw367,6.09
0,Anuradhapura,0,33.9,62.5,43.0,8.7,70.9,27.9,61.9,At362,6.32
1,Kurunegala,0,25.9,80.3,153.4,6.6,68.6,58.2,54.0,Bg366,8.05
1,Kegalle,1,26.6,90.8,293.9,4.8,70.8,24.1,61.5,Ld368,5.88
0,Colombo,1,31.3,75.1,213.9,8.0,56.7,19.5,35.5,Bw367,5.8
1,Badulla,1,22.7,79.6,192.4,5.3,35.4,27.3,60.9,Bw367,6.09
1,Matara,1,28.4,83.1,254.4,5.6,71.6,27.2,29.2,Ld368,5.88
1,Badulla,1,22.3,80.4,195.1,6.2,68.3,47.1,41.9,Bw367,6.67
0,Galle,1,30.9,81.2,230.4,6.5,65.4,48.2,41.7,Bw367,6.38
1,Polonnaruwa,0,27.3,82.4,209.8,5.4,64.9,35.2,46.9,Bg366,7.35
0,Ampara,0,32.7,59.7,59.0,8.7,44.7,27.3,28.7,Bg300,4.84
0,Kegalle,1,29.5,81.1,272.1,5.6,26.8,15.5,51.9,Ld368,4.93
1,Matale,1,25.5,78.5,186.1,5.5,41.8,15.4,36.8,Bw367,5.39
1,Nuwara Eliya,1,15.2,86.4,282.4,4.3,67.2,30.8,30.5,Ld368,5.32
1,Colombo,1,27.7,79.0,227.8,6.7,70.9,27.5,36.8,Bw367,6.09
0,Kegalle,1,27.8,82.4,276.4,6.1,22.2,24.1,61.1,Ld368,5.6
0,Kandy,1,28.8,82.1,149.5,6.2,53.1,42.0,44.9,Bw367,5.8
1,Trincomalee,0,26.0,82.3,225.6,5.0,54.2,58.5,50.0,Bg352,7.82
1,Monaragala,0,27.4,76.5,169.9,5.7,50.6,30.4,27.5,Bg352,7.14
1,Ratnapura,1,25.8,84.2,308.9,5.3,56.6,20.8,43.6,Ld368,5.88
1,Matale,1,24.7,87.6,195.9,4.8,83.4,46.8,35.2,Bw367,6.09
1,Colombo,1,27.4,82.7,241.0,5.8,65.2,33.9,25.8,Bw367,6.09
1,Ampara,0,26.1,78.1,213.7,5.8,65.0,50.5,62.7,Bg366,8.05
1,Polonnaruwa,0,27.3,77.2,189.4,5.9,77.1,48.1,46.7,Bg366,8.05
0,Kalutara,1,30.2,78.3,291.9,6.7,33.5,36.0,41.2,Ld368,5.6
0,Ratnapura,1,28.1,84.5,274.8,6.6,67.6,22.2,61.0,Ld368,6.16
1,Kegalle,1,24.8,88.5,296.6,5.1,65.9,17.1,36.7,Ld368,5.88
0,Matara,1,29.1,74.5,207.6,7.5,70.1,21.1,35.0,Bw367,5.8
1,Hambantota,0,29.9,73.0,130.7,6.8,82.6,25.5,63.9,Bg352,7.82
1,Colombo,1,29.2,81.6,240.9,6.5,69.7,39.8,41.7,Bw367,6.67
1,Nuwara Eliya,1,14.0,90.9,291.0,4.2,74.0,50.8,55.0,Ld368,5.88
0,Galle,1,30.4,75.9,222.2,6.9,59.0,27.1,28.7,Bw367,5.8
0,Ampara,0,34.0,67.8,62.4,8.4,40.5,36.3,40.0,Bg300,5.06
1,Anuradhapura,0,27.6,73.2,178.2,5.6,31.6,38.8,33.2,Bg352,6.32
1,Kurunegala,0,26.0,86.4,162.8,5.5,42.0,44.4,38.5,Bg352,7.14
1,Hambantota,0,27.0,78.5,107.3,7.4,82.2,59.6,57.4,Bg352,7.82
1,Anuradhapura,0,28.5,81.2,165.4,6.1,55.8,30.4,31.4,Bg366,7.35
1,Matara,1,27.9,84.4,254.4,5.4,82.6,35.6,30.8,Ld368,5.88
1,Trincomalee,0,25.7,80.2,215.3,4.8,53.4,27.1,56.2,Bg352,6.46
1,Matara,1,26.9,84.1,253.6,5.9,84.7,20.7,59.5,Ld368,6.44
1,Hambantota,0,28.2,73.1,120.4,6.6,83.4,52.3,62.2,Bg352,7.82
1,Kandy,1,25.0,81.7,227.6,4.8,38.0,16.7,43.9,Bw367,4.81
0,Polonnaruwa,0,34.5,60.5,56.0,8.5,61.2,46.4,47.5,Bg300,5.61
1,Trincomalee,0,26.7,84.5,222.7,5.0,48.7,20.7,59.1,Bg352,7.14
1,Kalutara,1,25.6,86.6,307.6,4.7,73.9,44.0,55.7,Ld368,5.88
0,Badulla,1,25.6,75.2,104.1,6.3,26.3,26.9,57.9,Bw367,5.8
1,Ratnapura,1,26.6,87.6,329.2,5.5,44.0,49.3,55.9,Ld368,5.88
1,Galle,1,28.4,88.4,259.9,6.4,55.1,18.9,55.6,Ld368,5.88
0,Kurunegala,0,30.9,76.2,118.1,7.9,25.6,21.4,37.7,Bg300,4.84
1,Galle,1,26.4,83.9,259.4,4.8,42.3,43.2,41.2,Ld368,5.32
0,Badulla,1,26.1,76.8,110.4,6.6,32.3,29.8,31.6,Bw367,5.1
0,Kurunegala,0,31.3,73.3,101.7,7.1,63.3,47.6,60.0,Bg300,6.05
0,Trincomalee,0,34.1,64.4,69.2,9.7,75.0,55.6,50.6,Bg300,5.61
0,Polonnaruwa,0,33.6,60.4,31.7,9.1,61.6,46.4,39.6,At362,5.7
0,Matara,1,31.1,81.3,220.1,7.1,71.0,30.8,29.1,Bw367,5.8
1,Polonnaruwa,0,27.2,77.7,195.9,5.5,35.7,27.5,61.7,Bg352,7.14
1,Trincomalee,0,26.4,82.7,219.8,5.7,62.0,57.3,50.0,Bg366,8.05
1,Monaragala,0,26.3,83.9,176.6,5.5,44.5,41.7,30.0,Bg352,7.14
1,Matale,1,26.3,83.0,208.5,5.2,58.4,42.5,31.7,Bw367,6.09
0,Anuradhapura,0,32.4,63.1,47.7,7.7,59.5,24.0,45.8,Bg300,5.5
0,Kegalle,1,30.2,80.0,257.3,6.9,28.4,16.0,44.8,Ld368,4.93
1,Monaragala,0,29.2,75.1,156.5,6.5,43.2,56.5,37.4,Bg352,7.14
1,Ampara,0,26.5,86.3,210.8,4.9,54.7,33.1,36.3,Bg352,6.46
0,Anuradhapura,0,32.5,64.8,37.6,9.0,46.5,52.8,58.0,At362,6.82
1,Nuwara Eliya,1,14.0,94.1,287.8,3.4,68.6,15.8,26.1,Ld368,5.32
1,Polonnaruwa,0,26.2,79.6,193.8,5.5,45.2,29.0,25.2,Bg352,6.32
0,Ratnapura,1,28.8,81.9,270.0,6.3,49.1,51.6,58.2,Ld368,6.16
1,Ratnapura,1,24.7,90.7,325.8,5.2,44.5,40.6,49.7,Ld368,5.88
1,Colombo,1,27.1,85.9,250.4,5.8,31.7,32.9,32.2,Ld368,5.21
1,Hambantota,0,28.2,71.0,133.7,6.1,52.1,26.5,52.6,Bg352,7.14
0,Polonnaruwa,0,34.4,65.0,33.0,8.1,60.2,28.6,42.9,At362,5.7
1,Monaragala,0,28.8,83.5,180.8,6.2,70.9,34.4,64.9,Bg366,8.05
0,Hambantota,0,30.5,71.2,48.4,8.2,63.8,20.5,57.8,Bg300,5.5
1,Monaragala,0,28.9,84.7,162.7,5.3,65.8,40.1,47.6,Bg366,8.05
0,Trincomalee,0,34.8,59.3,50.0,8.5,72.0,26.7,54.3,Bg300,5.61
1,Kegalle,1,27.1,83.0,288.1,5.2,65.9,21.1,43.9,Ld368,5.88
1,Trincomalee,0,28.4,87.4,218.4,5.7,56.7,34.1,50.1,Bg366,7.35
1,Galle,1,27.4,88.3,240.3,5.4,47.2,22.8,42.7,Bw367,6.09
1,Kandy,1,24.6,82.9,215.6,5.4,49.4,36.5,36.0,Bw367,6.09
0,Kandy,1,26.3,82.7,136.5,5.8,58.6,43.3,25.8,Bw367,5.8
1,Kegalle,1,26.3,89.1,294.2,5.7,54.9,54.9,25.0,Ld368,5.88
0,Kandy,1,27.2,81.4,151.3,6.5,58.4,19.1,35.6,Bw367,5.8
0,Ampara,0,34.4,59.9,44.4,8.4,43.2,59.5,37.4,At362,5.7
0,Nuwara Eliya,1,17.7,86.9,215.3,4.9,69.3,31.4,53.4,Bw367,5.8
1,Badulla,1,23.5,84.1,195.4,5.4,65.6,25.3,42.4,Bw367,6.09
1,Matale,1,26.2,87.1,197.6,4.9,76.1,28.7,30.4,Bw367,5.51
0,Matara,1,28.4,77.5,224.9,6.4,33.0,36.4,63.1,Bw367,5.8
0,Ampara,0,33.2,63.0,61.9,7.9,51.1,53.8,64.5,Bg300,5.61
0,Colombo,1,30.0,81.3,200.4,7.8,53.9,37.2,52.3,Bw367,5.8
1,Badulla,1,22.9,87.0,180.7,5.1,42.6,46.9,28.4,Bw367,6.09
1,Kurunegala,0,27.2,83.5,160.8,5.5,33.2,24.5,31.1,Bg352,6.32
1,Ratnapura,1,25.2,84.5,324.1,5.0,39.6,51.8,57.0,Ld368,5.88
1,Ampara,0,27.4,81.6,205.5,6.0,36.0,36.6,42.1,Bg352,7.14
1,Polonnaruwa,0,28.6,77.2,183.1,6.0,39.6,23.0,42.1,Bg352,6.32
1,Ampara,0,27.0,79.6,197.8,5.6,31.5,58.7,38.7,Bg352,7.14
1,Anuradhapura,0,28.3,78.3,177.1,6.7,76.7,43.4,25.3,Bg366,7.35
0,Badulla,1,26.6,72.2,107.2,6.5,38.6,16.1,30.1,Bw367,5.1
1,Galle,1,27.0,84.5,258.6,5.2,35.2,23.4,56.7,Ld368,5.88
0,Matara,1,30.6,77.4,229.5,6.3,38.3,18.8,28.4,Bw367,5.1
0,Kurunegala,0,30.7,75.7,110.5,7.2,59.6,45.0,57.0,Bg300,6.05
1,Galle,1,26.0,86.7,246.7,5.5,80.7,29.4,49.5,Bw367,6.67
1,Kandy,1,24.4,86.0,217.2,5.0,75.1,16.2,36.8,Bw367,6.09
1,Nuwara Eliya,1,16.8,89.1,291.7,3.5,42.2,48.8,61.1,Ld368,5.88
0,Hambantota,0,30.2,65.9,32.8,8.6,48.0,38.2,48.4,At362,6.2
0,Kegalle,1,30.3,83.4,281.2,6.8,62.1,16.6,45.7,Ld368,5.6
1,Badulla,1,22.6,81.3,195.3,5.1,51.4,29.8,51.9,Bw367,6.09
1,Hambantota,0,27.6,72.0,108.3,6.3,63.4,49.3,51.4,Bg352,7.82
1,Anuradhapura,0,26.7,82.6,170.0,6.3,80.2,47.9,33.7,Bg366,8.05
0,Trincomalee,0,35.0,66.0,45.2,9.2,73.0,46.0,39.0,Bg300,5.61
1,Matara,1,27.8,83.0,228.1,6.0,74.1,54.9,33.9,Bw367,6.67
0,Trincomalee,0,33.9,62.7,58.1,9.6,32.3,28.6,27.3,Bg300,4.4
0,Ratnapura,1,28.6,80.1,275.9,5.5,38.2,53.1,52.3,Ld368,5.6
0,Trincomalee,0,32.5,64.1,54.1,9.7,60.3,40.7,57.2,Bg300,6.05
0,Kegalle,1,28.0,82.3,271.7,6.2,29.9,23.9,36.2,Ld368,4.93
1,Trincomalee,0,28.3,85.9,225.7,5.5,67.9,59.3,40.4,Bg366,8.05
1,Nuwara Eliya,1,15.1,93.5,290.7,4.6,30.3,26.9,30.4,Ld368,4.65
0,Galle,1,28.6,79.9,230.7,6.6,61.2,51.2,33.5,Bw367,5.8
1,Ampara,0,28.4,83.0,221.1,6.1,60.0,56.4,58.9,Bg366,8.05
0,Matale,1,30.1,78.2,119.1,6.5,70.1,43.9,36.3,Bw367,6.38
0,Kandy,1,26.3,78.3,144.7,7.2,30.3,39.1,61.0,Bw367,5.8
0,Ampara,0,33.2,63.5,62.9,8.9,39.2,48.5,48.3,Bg300,5.06
0,Matara,1,30.7,80.7,205.2,7.6,41.8,40.8,40.9,Bw367,5.8
0,Kegalle,1,29.3,82.8,284.4,5.9,23.6,35.6,42.0,Ld368,4.93
0,Kurunegala,0,31.0,72.1,101.8,7.8,21.6,47.6,43.3,Bg300,5.5
1,Anuradhapura,0,27.5,81.4,187.0,5.5,81.6,47.3,62.9,Bg366,8.05
1,Trincomalee,0,28.0,81.1,205.8,4.9,56.4,49.7,33.7,Bg366,6.65
0,Ratnapura,1,28.9,88.8,283.0,6.3,50.9,46.3,64.0,Ld368,6.16
1,Monaragala,0,27.6,83.6,184.1,5.4,61.8,51.7,46.3,Bg366,8.05
0,Ampara,0,32.5,62.5,64.8,8.8,68.0,52.3,51.1,Bg300,6.05
1,Trincomalee,0,26.4,85.4,222.7,5.6,39.3,31.1,36.5,Bg352,7.14
0,Trincomalee,0,34.5,57.8,58.8,9.6,33.7,34.5,34.3,Bg300,4.4
1,Matale,1,24.8,80.2,195.5,6.0,65.6,46.4,48.3,Bw367,6.67
1,Matale,1,26.6,80.9,185.6,5.2,84.1,20.9,26.2,Bw367,6.09
0,Ampara,0,32.8,66.9,57.0,8.1,51.1,21.3,42.6,Bg300,5.5
1,Matara,1,26.9,80.2,226.8,6.4,79.0,28.7,31.6,Bw367,6.09
1,Polonnaruwa,0,27.6,79.8,202.2,5.3,61.9,55.6,25.9,Bg366,7.35
0,Galle,1,28.2,77.4,238.3,7.4,49.1,29.1,27.4,Bw367,5.8
1,Matara,1,27.1,87.4,232.9,5.2,60.5,35.4,39.3,Bw367,6.09
0,Hambantota,0,30.9,65.9,47.8,8.2,36.9,36.2,25.9,Bg300,4.84
0,Matale,1,28.6,77.1,123.8,7.2,63.6,40.2,41.7,Bw367,5.8
1,Ampara,0,28.2,84.6,202.4,6.1,62.4,39.1,25.7,Bg366,7.35
1,Badulla,1,24.0,86.2,191.4,5.6,32.4,53.3,62.1,Bw367,6.09
0,Kalutara,1,29.5,82.2,276.9,6.7,69.8,35.5,46.3,Ld368,6.16
1,Matale,1,26.6,78.1,203.7,6.2,35.7,53.4,63.7,Bw367,6.67
0,Ampara,0,32.8,66.1,44.6,7.9,69.6,45.4,33.3,At362,6.2
0,Polonnaruwa,0,33.7,66.5,42.2,8.1,55.7,31.9,30.8,At362,5.7
0,Polonnaruwa,0,32.9,63.2,54.7,8.8,69.5,53.7,51.0,Bg300,6.05
0,Kandy,1,28.6,82.1,146.3,6.5,35.5,15.6,44.2,Bw367,5.1
0,Hambantota,0,31.4,73.7,50.3,8.9,46.5,42.1,57.9,Bg300,5.5
0,Polonnaruwa,0,33.9,63.7,34.0,8.3,67.5,41.1,53.2,At362,6.32
0,Kegalle,1,27.7,82.2,271.1,5.6,72.5,47.3,37.1,Ld368,6.16
0,Kalutara,1,28.4,87.4,302.4,5.5,62.4,21.8,33.6,Ld368,5.6
0,Matale,1,29.5,70.6,106.6,7.6,32.1,38.4,50.0,Bw367,5.8
0,Ratnapura,1,29.6,81.9,291.3,5.3,64.0,40.6,48.3,Ld368,6.16
1,Matara,1,26.8,88.1,239.0,6.0,81.5,33.7,40.5,Bw367,6.67
0,Matara,1,29.4,79.9,233.9,6.3,22.2,35.7,36.6,Bw367,5.1
1,Monaragala,0,28.5,75.7,181.5,5.6,51.0,33.5,58.6,Bg352,7.14
0,Ampara,0,34.6,68.8,42.7,7.8,55.5,45.9,62.6,At362,6.32
1,Trincomalee,0,26.1,85.2,221.9,5.7,78.7,42.4,31.0,Bg366,8.05
1,Trincomalee,0,28.3,89.0,228.4,5.7,51.6,22.7,47.9,Bg352,7.14
1,Matale,1,25.1,84.9,198.9,5.9,51.9,21.0,43.5,Bw367,6.09
1,Anuradhapura,0,28.5,78.5,173.9,5.3,64.0,39.5,55.4,Bg366,8.05
0,Kalutara,1,27.7,84.3,278.0,6.4,47.9,34.7,27.7,Ld368,5.6
1,Polonnaruwa,0,27.3,79.1,197.9,6.0,30.8,25.0,34.5,Bg352,6.32
1,Monaragala,0,28.7,85.0,163.2,6.1,37.4,33.2,26.8,Bg352,6.32
1,Matara,1,28.4,83.1,231.4,6.1,43.5,52.7,39.7,Bw367,6.09
0,Trincomalee,0,33.5,65.1,66.9,9.4,66.7,24.1,62.0,Bg300,5.61
1,Hambantota,0,29.1,72.0,123.3,6.1,68.3,36.4,31.1,Bg352,7.14
0,Matale,1,30.2,78.9,128.7,7.3,56.0,19.2,61.0,Bw367,5.8
0,Matale,1,28.7,79.5,112.2,6.4,27.8,35.8,40.6,Bw367,5.1
0,Kandy,1,27.0,74.3,146.6,7.1,42.3,48.3,39.9,Bw367,5.8
1,Polonnaruwa,0,26.6,77.3,181.5,5.3,50.8,36.0,41.8,Bg352,7.14
0,Hambantota,0,31.7,66.9,43.4,7.9,60.4,42.3,47.2,At362,6.2
0,Anuradhapura,0,32.0,64.3,52.5,8.4,44.4,30.9,36.5,Bg300,5.5
0,Nuwara Eliya,1,17.5,80.0,223.5,4.5,43.0,49.0,25.0,Bw367,5.22
1,Anuradhapura,0,26.7,74.7,165.9,6.0,81.9,53.6,50.6,Bg366,8.05
0,Kegalle,1,29.8,78.5,271.4,6.1,58.7,15.8,51.8,Ld368,5.6
1,Kegalle,1,26.5,83.1,312.2,4.9,58.1,22.2,46.9,Ld368,5.32
0,Hambantota,0,32.7,65.6,36.3,7.8,46.5,53.3,54.6,At362,6.82
1,Nuwara Eliya,1,14.7,90.6,291.4,3.9,57.8,20.4,41.8,Ld368,5.32
1,Galle,1,28.0,85.3,254.0,5.1,38.3,21.5,51.7,Ld368,5.88
1,Matale,1,26.6,79.4,188.8,5.2,38.9,19.4,52.1,Bw367,6.09
1,Trincomalee,0,27.5,87.6,224.6,4.8,61.5,35.7,38.7,Bg366,6.65
0,Matale,1,28.7,78.6,118.0,6.2,28.7,32.4,51.7,Bw367,5.8
0,Kurunegala,0,30.8,67.1,109.3,8.1,52.8,37.6,31.5,Bg300,5.5
0,Kurunegala,0,31.7,67.8,106.5,7.9,59.2,43.1,47.9,Bg300,6.05
1,Galle,1,25.8,88.2,255.5,5.5,43.6,21.1,43.3,Ld368,5.88
1,Nuwara Eliya,1,14.8,92.2,274.8,3.4,56.5,48.1,59.0,Ld368,5.88
1,Badulla,1,22.5,87.3,203.6,5.5,63.3,39.4,56.3,Bw367,6.67
1,Kandy,1,23.1,87.3,228.5,5.5,69.3,16.7,42.7,Bw367,6.09
1,Polonnaruwa,0,28.8,77.3,197.4,6.3,71.4,44.8,25.7,Bg366,7.35
1,Kandy,1,25.3,87.2,228.0,5.1,84.7,45.8,48.1,Bw367,6.67
1,Kurunegala,0,27.9,80.1,151.5,6.7,49.8,31.5,38.5,Bg352,7.14
0,Hambantota,0,32.3,72.2,41.6,8.5,40.5,31.8,59.5,At362,6.2
1,Matale,1,25.8,83.3,190.4,5.1,58.8,46.6,42.3,Bw367,6.09
1,Anuradhapura,0,26.8,79.6,177.7,5.4,67.1,28.3,45.4,Bg366,7.35
0,Matara,1,31.1,76.3,217.6,7.7,37.5,40.8,37.7,Bw367,5.8
1,Colombo,1,28.2,86.2,238.6,6.2,63.5,31.6,49.6,Bw367,6.09
0,Monaragala,0,32.5,72.5,64.4,8.4,51.2,28.2,32.8,Bg300,5.5
1,Matale,1,25.0,87.1,189.1,5.9,68.0,42.6,62.4,Bw367,6.67
0,Hambantota,0,30.9,68.5,36.7,7.4,70.2,22.9,53.0,At362,6.2
1,Kandy,1,24.7,87.3,214.1,5.6,48.9,51.1,31.5,Bw367,6.09
0,Monaragala,0,30.6,69.2,53.7,8.0,56.8,25.9,44.9,Bg300,5.5
0,Polonnaruwa,0,32.8,67.5,37.8,9.0,53.6,31.3,41.5,At362,6.2
1,Ratnapura,1,25.7,87.9,310.3,4.7,53.2,20.3,30.2,Ld368,4.65
0,Colombo,1,29.8,78.0,211.4,7.6,46.0,45.1,52.6,Bw367,5.8
0,Badulla,1,26.6,80.9,99.1,6.3,35.1,15.8,62.3,Bw367,5.8
1,Ampara,0,26.9,79.5,199.6,5.2,63.8,58.9,47.3,Bg366,8.05
0,Kegalle,1,27.4,85.4,256.3,6.9,49.6,21.7,43.1,Ld368,5.6
0,Anuradhapura,0,31.9,62.7,38.5,8.7,24.9,50.6,61.8,At362,6.2
0,Kurunegala,0,29.8,72.6,97.9,7.6,64.8,41.5,59.9,Bg300,6.05
0,Matale,1,28.3,76.3,105.2,6.8,33.1,52.5,41.2,Bw367,5.8
1,Ratnapura,1,25.9,86.0,322.7,4.8,58.0,29.4,58.5,Ld368,5.32
1,Polonnaruwa,0,27.3,77.6,205.5,5.4,72.2,44.5,60.0,Bg366,8.05
0,Ampara,0,32.7,62.2,51.9,8.4,70.1,35.1,44.6,Bg300,5.5
0,Kalutara,1,29.8,83.6,282.2,5.6,71.6,47.1,25.9,Ld368,5.6
0,Monaragala,0,32.3,68.2,50.4,8.4,30.9,49.1,25.6,Bg300,5.5
0,Kurunegala,0,31.4,68.6,111.4,6.9,42.0,34.1,55.3,Bg300,5.5
0,Hambantota,0,32.8,74.2,46.7,8.6,54.4,47.7,49.7,Bg300,6.05
1,Anuradhapura,0,27.6,78.7,186.6,5.8,37.8,38.4,63.5,Bg352,7.14
0,Polonnaruwa,0,32.0,66.1,56.8,9.1,74.5,23.6,46.8,Bg300,5.5
0,Ampara,0,34.1,68.2,45.8,7.9,39.9,46.9,33.5,Bg300,5.06
0,Galle,1,28.0,76.6,232.8,6.6,59.7,41.8,57.0,Bw367,6.38
1,Anuradhapura,0,27.7,82.1,181.2,5.8,49.2,25.3,48.8,Bg352,7.14
1,Anuradhapura,0,27.1,75.9,167.9,5.7,53.5,58.6,51.1,Bg352,7.82
0,Nuwara Eliya,1,18.5,80.4,202.7,4.6,52.1,28.7,59.3,Bw367,5.22
1,Hambantota,0,29.9,70.4,111.5,6.5,78.5,56.8,58.8,Bg352,7.82
1,Hambantota,0,28.4,78.6,109.2,6.1,52.1,22.2,52.5,Bg352,7.14
1,Kandy,1,25.6,87.4,232.5,5.6,81.5,22.7,45.0,Bw367,6.09
1,Ampara,0,26.2,82.8,223.6,5.5,37.7,35.7,50.0,Bg352,7.14
1,Kurunegala,0,27.3,77.3,149.3,6.0,68.8,43.4,26.8,Bg352,7.14
0,Nuwara Eliya,1,19.3,87.9,207.5,5.0,42.3,43.9,55.1,Bw367,5.8
1,Kegalle,1,27.0,85.2,314.3,4.4,69.9,41.4,32.7,Ld368,5.32
0,Nuwara Eliya,1,18.4,79.9,212.5,5.8,50.8,36.8,26.6,Bw367,5.8
1,Colombo,1,27.8,86.9,251.3,5.7,59.9,37.1,52.4,Ld368,5.88
0,Kurunegala,0,31.9,67.2,123.3,6.8,46.2,56.8,44.5,Bg300,5.5
0,Ratnapura,1,27.7,84.8,267.6,5.9,38.1,47.6,29.4,Ld368,5.6
1,Trincomalee,0,26.5,88.6,218.8,5.1,46.3,21.7,52.4,Bg352,7.14
0,Polonnaruwa,0,33.3,63.9,30.4,8.5,73.3,42.2,62.3,At362,6.32
1,Kurunegala,0,28.1,85.8,163.0,6.8,59.4,41.5,47.5,Bg366,7.35
0,Polonnaruwa,0,32.3,67.7,56.6,8.5,65.3,26.5,32.9,Bg300,5.5
1,Colombo,1,28.9,82.8,232.8,6.6,74.1,19.0,50.8,Bw367,6.09
1,Polonnaruwa,0,28.2,76.7,189.5,6.4,79.4,31.2,25.9,Bg366,7.35
0,Ampara,0,32.7,62.5,47.5,8.4,51.2,23.2,63.9,Bg300,5.5
1,Matale,1,24.4,87.9,185.5,6.2,42.0,41.3,37.1,Bw367,6.09
1,Galle,1,26.8,85.2,255.9,5.1,81.3,36.2,36.1,Ld368,6.44
1,Nuwara Eliya,1,15.9,89.8,282.4,4.4,38.5,49.6,63.4,Ld368,5.88
1,Monaragala,0,28.7,81.9,184.1,5.3,68.9,23.3,25.0,Bg366,7.35
1,Nuwara Eliya,1,14.5,90.4,288.0,4.8,78.6,49.6,34.9,Ld368,5.88
1,Colombo,1,26.8,79.0,228.3,6.6,36.0,20.5,34.8,Bw367,5.39
1,Nuwara Eliya,1,16.6,89.2,281.4,3.5,44.6,20.4,41.4,Ld368,5.32
1,Badulla,1,21.1,85.3,178.0,5.2,37.7,20.5,28.0,Bw367,5.39
1,Galle,1,28.2,86.6,236.2,4.8,41.0,27.7,44.4,Bw367,5.51
1,Matale,1,24.9,81.8,194.9,4.7,82.5,20.6,36.5,Bw367,5.51
1,Kandy,1,24.5,89.3,208.0,5.1,31.2,45.8,50.6,Bw367,6.09
0,Trincomalee,0,33.9,66.1,52.3,8.9,58.2,40.8,32.6,Bg300,5.06
0,Kalutara,1,28.8,84.1,278.6,6.4,69.1,28.5,33.9,Ld368,5.6
1,Matale,1,24.3,82.1,205.2,5.6,64.0,37.7,56.9,Bw367,6.67
0,Badulla,1,27.5,74.9,118.7,6.6,35.5,52.4,26.0,Bw367,5.8
0,Monaragala,0,33.1,70.9,75.6,8.4,55.4,41.1,35.6,Bg300,5.06
1,Trincomalee,0,27.1,81.5,227.9,4.7,40.9,49.6,36.2,Bg352,6.46
1,Hambantota,0,28.1,78.7,121.9,7.4,38.1,34.3,47.2,Bg352,7.14
0,Kalutara,1,27.9,84.6,294.6,5.8,32.5,44.8,29.7,Ld368,5.6
0,Matara,1,31.1,82.7,211.3,6.2,71.5,28.8,37.4,Bw367,5.8
1,Nuwara Eliya,1,14.7,92.3,292.2,4.5,67.1,26.5,46.9,Ld368,5.32
1,Kegalle,1,25.0,83.1,301.2,4.9,40.6,16.2,47.7,Ld368,4.65
0,Trincomalee,0,32.9,63.0,68.6,9.7,68.9,52.3,33.4,Bg300,6.05
0,Polonnaruwa,0,32.8,64.2,55.5,8.4,46.4,45.9,42.8,Bg300,5.5
0,Kurunegala,0,30.2,76.9,109.3,7.6,32.0,40.6,35.2,Bg300,5.5
0,Colombo,1,29.0,77.7,196.6,7.8,22.2,16.7,60.4,Bw367,5.1
1,Colombo,1,27.1,80.0,236.2,5.9,60.7,52.9,34.9,Bw367,6.09
1,Kandy,1,25.4,81.7,216.7,4.7,68.6,42.1,46.9,Bw367,6.09
0,Nuwara Eliya,1,19.4,86.8,202.2,4.9,28.3,32.2,53.1,Bw367,5.22
1,Matara,1,27.8,82.1,244.9,5.6,81.9,28.7,49.1,Bw367,6.67
1,Colombo,1,28.6,78.8,231.0,6.3,77.7,28.6,62.3,Bw367,6.67
1,Kegalle,1,27.2,83.0,299.8,5.7,79.5,35.6,26.0,Ld368,5.88
0,Nuwara Eliya,1,19.1,86.5,211.2,5.2,49.1,54.6,56.7,Bw367,6.38
0,Kandy,1,27.9,78.3,145.3,7.0,30.4,16.5,52.9,Bw367,5.1
0,Matara,1,29.3,81.7,207.8,7.4,21.8,34.9,59.5,Bw367,5.8
0,Kegalle,1,27.8,85.9,280.0,7.0,68.1,44.5,32.4,Ld368,5.6
1,Hambantota,0,28.5,75.9,128.5,6.4,37.1,39.3,31.3,Bg352,7.14
0,Kegalle,1,29.0,84.4,256.9,7.0,20.0,28.0,52.2,Ld368,4.93
1,Matale,1,24.3,78.8,202.4,6.1,60.5,39.1,38.8,Bw367,6.09
1,Polonnaruwa,0,26.9,79.6,200.4,6.5,49.2,31.9,43.0,Bg352,7.14
1,Kalutara,1,27.4,87.6,296.2,5.6,45.9,20.5,64.8,Ld368,5.88
1,Kegalle,1,25.4,87.1,287.6,4.9,66.8,51.6,40.9,Ld368,5.88
1,Badulla,1,22.0,81.4,194.6,5.2,63.4,35.2,33.7,Bw367,6.09
1,Kalutara,1,25.5,83.6,313.6,5.3,39.1,39.6,64.3,Ld368,5.88
0,Matale,1,28.7,75.7,135.0,6.4,63.6,55.0,57.2,Bw367,6.38
0,Anuradhapura,0,31.0,62.3,58.7,7.9,36.3,42.5,48.2,Bg300,5.5
1,Kandy,1,25.9,80.1,219.6,5.2,46.1,36.0,51.9,Bw367,6.09
0,Hambantota,0,30.3,73.0,52.9,7.6,42.9,40.5,30.4,Bg300,5.5
1,Nuwara Eliya,1,14.6,94.4,278.5,4.8,32.6,20.1,42.7,Ld368,4.65
0,Polonnaruwa,0,33.2,65.3,42.7,8.1,55.6,45.4,27.9,At362,5.7
0,Badulla,1,25.9,75.5,117.6,6.8,56.5,43.2,50.8,Bw367,6.38
0,Matale,1,29.5,78.3,124.1,6.5,37.0,28.2,28.8,Bw367,5.1
1,Polonnaruwa,0,27.8,80.9,194.4,5.9,30.4,23.8,52.3,Bg352,7.14
